0 verbose cli D:\nodejs\node.exe D:\nodejs\node_modules\npm\bin\npm-cli.js
1 info using npm@10.9.0
2 info using node@v22.12.0
3 silly config load:file:D:\nodejs\node_modules\npm\npmrc
4 silly config load:file:D:\CMP\frontend\.npmrc
5 silly config load:file:C:\Users\Data comp\.npmrc
6 silly config load:file:D:\CMP\frontend\..npm-global\etc\npmrc
7 verbose title npm i
8 verbose argv "i"
9 verbose logfile logs-max:10 dir:D:\CMP\frontend\..npm-cache\_logs\2025-10-12T17_37_27_997Z-
10 verbose logfile D:\CMP\frontend\..npm-cache\_logs\2025-10-12T17_37_27_997Z-debug-0.log
11 silly logfile done cleaning log files
12 silly packumentCache heap:4345298944 maxSize:1086324736 maxEntrySize:543162368
13 silly idealTree buildDeps
14 silly fetch manifest @tanstack/react-query@^5.90.2
15 silly packumentCache full:https://registry.npmjs.org/@tanstack%2freact-query cache-miss
16 http fetch GET 200 https://registry.npmjs.org/npm 725ms
17 http fetch GET 200 https://registry.npmjs.org/@tanstack%2freact-query 813ms (cache miss)
18 silly packumentCache full:https://registry.npmjs.org/@tanstack%2freact-query set size:undefined disposed:false
19 silly fetch manifest react@19.1.0
20 silly packumentCache full:https://registry.npmjs.org/react cache-miss
21 http fetch GET 200 https://registry.npmjs.org/react 379ms (cache miss)
22 silly packumentCache full:https://registry.npmjs.org/react set size:undefined disposed:false
23 silly fetch manifest next@15.5.4
24 silly packumentCache full:https://registry.npmjs.org/next cache-miss
25 http fetch GET 200 https://registry.npmjs.org/next 998ms (cache miss)
26 silly packumentCache full:https://registry.npmjs.org/next set size:undefined disposed:false
27 silly fetch manifest @opentelemetry/api@^1.1.0
28 silly packumentCache full:https://registry.npmjs.org/@opentelemetry%2fapi cache-miss
29 http fetch GET 200 https://registry.npmjs.org/@opentelemetry%2fapi 261ms (cache miss)
30 silly packumentCache full:https://registry.npmjs.org/@opentelemetry%2fapi set size:undefined disposed:false
31 silly fetch manifest @playwright/test@^1.51.1
32 silly packumentCache full:https://registry.npmjs.org/@playwright%2ftest cache-miss
33 http fetch GET 200 https://registry.npmjs.org/@playwright%2ftest 647ms (cache miss)
34 silly packumentCache full:https://registry.npmjs.org/@playwright%2ftest set size:undefined disposed:false
35 silly fetch manifest babel-plugin-react-compiler@*
36 silly packumentCache full:https://registry.npmjs.org/babel-plugin-react-compiler cache-miss
37 http fetch GET 200 https://registry.npmjs.org/babel-plugin-react-compiler 259ms (cache miss)
38 silly packumentCache full:https://registry.npmjs.org/babel-plugin-react-compiler set size:undefined disposed:false
39 silly fetch manifest react-dom@19.1.0
40 silly packumentCache full:https://registry.npmjs.org/react-dom cache-miss
41 http fetch GET 200 https://registry.npmjs.org/react-dom 410ms (cache miss)
42 silly packumentCache full:https://registry.npmjs.org/react-dom set size:undefined disposed:false
43 silly fetch manifest sass@^1.3.0
44 silly packumentCache full:https://registry.npmjs.org/sass cache-miss
45 http fetch GET 200 https://registry.npmjs.org/sass 136ms (cache miss)
46 silly packumentCache full:https://registry.npmjs.org/sass set size:undefined disposed:false
47 silly fetch manifest zustand@^5.0.8
48 silly packumentCache full:https://registry.npmjs.org/zustand cache-miss
49 http fetch GET 200 https://registry.npmjs.org/zustand 212ms (cache miss)
50 silly packumentCache full:https://registry.npmjs.org/zustand set size:undefined disposed:false
51 silly fetch manifest @types/react@^19
52 silly packumentCache full:https://registry.npmjs.org/@types%2freact cache-miss
53 http fetch GET 200 https://registry.npmjs.org/@types%2freact 264ms (cache miss)
54 silly packumentCache full:https://registry.npmjs.org/@types%2freact set size:undefined disposed:false
55 silly fetch manifest immer@>=9.0.6
56 silly packumentCache full:https://registry.npmjs.org/immer cache-miss
57 http fetch GET 200 https://registry.npmjs.org/immer 280ms (cache miss)
58 silly packumentCache full:https://registry.npmjs.org/immer set size:undefined disposed:false
59 silly fetch manifest use-sync-external-store@>=1.2.0
60 silly packumentCache full:https://registry.npmjs.org/use-sync-external-store cache-miss
61 http fetch GET 200 https://registry.npmjs.org/use-sync-external-store 375ms (cache miss)
62 silly packumentCache full:https://registry.npmjs.org/use-sync-external-store set size:undefined disposed:false
63 silly fetch manifest @commitlint/cli@^20.1.0
64 silly packumentCache full:https://registry.npmjs.org/@commitlint%2fcli cache-miss
65 http fetch GET 200 https://registry.npmjs.org/@commitlint%2fcli 524ms (cache miss)
66 silly packumentCache full:https://registry.npmjs.org/@commitlint%2fcli set size:undefined disposed:false
67 silly fetch manifest @commitlint/config-conventional@^20.0.0
68 silly packumentCache full:https://registry.npmjs.org/@commitlint%2fconfig-conventional cache-miss
69 http fetch GET 200 https://registry.npmjs.org/@commitlint%2fconfig-conventional 329ms (cache miss)
70 silly packumentCache full:https://registry.npmjs.org/@commitlint%2fconfig-conventional set size:undefined disposed:false
71 silly fetch manifest @eslint/eslintrc@^3
72 silly packumentCache full:https://registry.npmjs.org/@eslint%2feslintrc cache-miss
73 http fetch GET 200 https://registry.npmjs.org/@eslint%2feslintrc 231ms (cache miss)
74 silly packumentCache full:https://registry.npmjs.org/@eslint%2feslintrc set size:undefined disposed:false
75 silly fetch manifest @tailwindcss/postcss@^4
76 silly packumentCache full:https://registry.npmjs.org/@tailwindcss%2fpostcss cache-miss
77 http fetch GET 200 https://registry.npmjs.org/@tailwindcss%2fpostcss 385ms (cache miss)
78 silly packumentCache full:https://registry.npmjs.org/@tailwindcss%2fpostcss set size:undefined disposed:false
79 silly fetch manifest @testing-library/jest-dom@^6.9.1
80 silly packumentCache full:https://registry.npmjs.org/@testing-library%2fjest-dom cache-miss
81 http fetch GET 200 https://registry.npmjs.org/@testing-library%2fjest-dom 370ms (cache miss)
82 silly packumentCache full:https://registry.npmjs.org/@testing-library%2fjest-dom set size:undefined disposed:false
83 silly fetch manifest @testing-library/react@^16.3.0
84 silly packumentCache full:https://registry.npmjs.org/@testing-library%2freact cache-miss
85 http fetch GET 200 https://registry.npmjs.org/@testing-library%2freact 356ms (cache miss)
86 silly packumentCache full:https://registry.npmjs.org/@testing-library%2freact set size:undefined disposed:false
87 silly fetch manifest @testing-library/dom@^10.0.0
88 silly packumentCache full:https://registry.npmjs.org/@testing-library%2fdom cache-miss
89 http fetch GET 200 https://registry.npmjs.org/@testing-library%2fdom 316ms (cache miss)
90 silly packumentCache full:https://registry.npmjs.org/@testing-library%2fdom set size:undefined disposed:false
91 silly fetch manifest @types/react-dom@^19
92 silly packumentCache full:https://registry.npmjs.org/@types%2freact-dom cache-miss
93 http fetch GET 200 https://registry.npmjs.org/@types%2freact-dom 255ms (cache miss)
94 silly packumentCache full:https://registry.npmjs.org/@types%2freact-dom set size:undefined disposed:false
95 silly fetch manifest @testing-library/user-event@^14.6.1
96 silly packumentCache full:https://registry.npmjs.org/@testing-library%2fuser-event cache-miss
97 http fetch GET 200 https://registry.npmjs.org/@testing-library%2fuser-event 363ms (cache miss)
98 silly packumentCache full:https://registry.npmjs.org/@testing-library%2fuser-event set size:undefined disposed:false
99 silly fetch manifest @testing-library/dom@>=7.21.4
100 silly packumentCache full:https://registry.npmjs.org/@testing-library%2fdom cache-miss
101 http fetch GET 200 https://registry.npmjs.org/@testing-library%2fdom 10ms (cache hit)
102 silly packumentCache full:https://registry.npmjs.org/@testing-library%2fdom set size:1097496 disposed:false
103 silly fetch manifest @types/node@^20
104 silly packumentCache full:https://registry.npmjs.org/@types%2fnode cache-miss
105 http fetch GET 200 https://registry.npmjs.org/@types%2fnode 593ms (cache miss)
106 silly packumentCache full:https://registry.npmjs.org/@types%2fnode set size:undefined disposed:false
107 silly fetch manifest @vitejs/plugin-react@^5.0.4
108 silly packumentCache full:https://registry.npmjs.org/@vitejs%2fplugin-react cache-miss
109 http fetch GET 200 https://registry.npmjs.org/@vitejs%2fplugin-react 403ms (cache miss)
110 silly packumentCache full:https://registry.npmjs.org/@vitejs%2fplugin-react set size:undefined disposed:false
111 silly fetch manifest vite@^4.2.0 || ^5.0.0 || ^6.0.0 || ^7.0.0
112 silly packumentCache full:https://registry.npmjs.org/vite cache-miss
113 http fetch GET 200 https://registry.npmjs.org/vite 1436ms (cache miss)
114 silly packumentCache full:https://registry.npmjs.org/vite set size:undefined disposed:false
115 silly fetch manifest jiti@>=1.21.0
116 silly packumentCache full:https://registry.npmjs.org/jiti cache-miss
117 http fetch GET 200 https://registry.npmjs.org/jiti 183ms (cache miss)
118 silly packumentCache full:https://registry.npmjs.org/jiti set size:undefined disposed:false
119 silly fetch manifest less@^4.0.0
120 silly packumentCache full:https://registry.npmjs.org/less cache-miss
121 http fetch GET 200 https://registry.npmjs.org/less 214ms (cache miss)
122 silly packumentCache full:https://registry.npmjs.org/less set size:undefined disposed:false
123 silly fetch manifest lightningcss@^1.21.0
124 silly packumentCache full:https://registry.npmjs.org/lightningcss cache-miss
125 http fetch GET 200 https://registry.npmjs.org/lightningcss 147ms (cache miss)
126 silly packumentCache full:https://registry.npmjs.org/lightningcss set size:undefined disposed:false
127 silly fetch manifest sass@^1.70.0
128 silly packumentCache full:https://registry.npmjs.org/sass cache-miss
129 http fetch GET 200 https://registry.npmjs.org/sass 12ms (cache hit)
130 silly packumentCache full:https://registry.npmjs.org/sass set size:697197 disposed:false
131 silly fetch manifest sass-embedded@^1.70.0
132 silly packumentCache full:https://registry.npmjs.org/sass-embedded cache-miss
133 http fetch GET 200 https://registry.npmjs.org/sass-embedded 356ms (cache miss)
134 silly packumentCache full:https://registry.npmjs.org/sass-embedded set size:undefined disposed:false
135 silly fetch manifest stylus@>=0.54.8
136 silly packumentCache full:https://registry.npmjs.org/stylus cache-miss
137 http fetch GET 200 https://registry.npmjs.org/stylus 146ms (cache miss)
138 silly packumentCache full:https://registry.npmjs.org/stylus set size:undefined disposed:false
139 silly fetch manifest sugarss@^5.0.0
140 silly packumentCache full:https://registry.npmjs.org/sugarss cache-miss
141 http fetch GET 200 https://registry.npmjs.org/sugarss 127ms (cache miss)
142 silly packumentCache full:https://registry.npmjs.org/sugarss set size:undefined disposed:false
143 silly fetch manifest postcss@^8.3.3
144 silly packumentCache full:https://registry.npmjs.org/postcss cache-miss
145 http fetch GET 200 https://registry.npmjs.org/postcss 176ms (cache miss)
146 silly packumentCache full:https://registry.npmjs.org/postcss set size:undefined disposed:false
147 silly fetch manifest terser@^5.16.0
148 silly packumentCache full:https://registry.npmjs.org/terser cache-miss
149 http fetch GET 200 https://registry.npmjs.org/terser 183ms (cache miss)
150 silly packumentCache full:https://registry.npmjs.org/terser set size:undefined disposed:false
151 silly fetch manifest tsx@^4.8.1
152 silly packumentCache full:https://registry.npmjs.org/tsx cache-miss
153 http fetch GET 200 https://registry.npmjs.org/tsx 263ms (cache miss)
154 silly packumentCache full:https://registry.npmjs.org/tsx set size:undefined disposed:false
155 silly fetch manifest yaml@^2.4.2
156 silly packumentCache full:https://registry.npmjs.org/yaml cache-miss
157 http fetch GET 200 https://registry.npmjs.org/yaml 149ms (cache miss)
158 silly packumentCache full:https://registry.npmjs.org/yaml set size:undefined disposed:false
159 silly fetch manifest eslint@^9.37.0
160 silly packumentCache full:https://registry.npmjs.org/eslint cache-miss
161 http fetch GET 200 https://registry.npmjs.org/eslint 212ms (cache miss)
162 silly packumentCache full:https://registry.npmjs.org/eslint set size:undefined disposed:false
163 silly fetch manifest jiti@*
164 silly packumentCache full:https://registry.npmjs.org/jiti cache-miss
165 http fetch GET 200 https://registry.npmjs.org/jiti 4ms (cache hit)
166 silly packumentCache full:https://registry.npmjs.org/jiti set size:382310 disposed:false
167 silly fetch manifest eslint-config-next@15.5.4
168 silly packumentCache full:https://registry.npmjs.org/eslint-config-next cache-miss
169 http fetch GET 200 https://registry.npmjs.org/eslint-config-next 326ms (cache miss)
170 silly packumentCache full:https://registry.npmjs.org/eslint-config-next set size:undefined disposed:false
171 silly fetch manifest typescript@^5
172 silly packumentCache full:https://registry.npmjs.org/typescript cache-miss
173 http fetch GET 200 https://registry.npmjs.org/typescript 768ms (cache miss)
174 silly packumentCache full:https://registry.npmjs.org/typescript set size:undefined disposed:false
175 silly fetch manifest eslint-config-prettier@^10.1.8
176 silly packumentCache full:https://registry.npmjs.org/eslint-config-prettier cache-miss
177 http fetch GET 200 https://registry.npmjs.org/eslint-config-prettier 115ms (cache miss)
178 silly packumentCache full:https://registry.npmjs.org/eslint-config-prettier set size:undefined disposed:false
179 silly fetch manifest eslint-plugin-prettier@^5.5.4
180 silly packumentCache full:https://registry.npmjs.org/eslint-plugin-prettier cache-miss
181 http fetch GET 200 https://registry.npmjs.org/eslint-plugin-prettier 249ms (cache miss)
182 silly packumentCache full:https://registry.npmjs.org/eslint-plugin-prettier set size:undefined disposed:false
183 silly fetch manifest @types/eslint@>=8.0.0
184 silly packumentCache full:https://registry.npmjs.org/@types%2feslint cache-miss
185 http fetch GET 200 https://registry.npmjs.org/@types%2feslint 235ms (cache miss)
186 silly packumentCache full:https://registry.npmjs.org/@types%2feslint set size:undefined disposed:false
187 silly fetch manifest prettier@^3.6.2
188 silly packumentCache full:https://registry.npmjs.org/prettier cache-miss
189 http fetch GET 200 https://registry.npmjs.org/prettier 309ms (cache miss)
190 silly packumentCache full:https://registry.npmjs.org/prettier set size:undefined disposed:false
191 silly fetch manifest husky@^9.1.7
192 silly packumentCache full:https://registry.npmjs.org/husky cache-miss
193 http fetch GET 200 https://registry.npmjs.org/husky 203ms (cache miss)
194 silly packumentCache full:https://registry.npmjs.org/husky set size:undefined disposed:false
195 silly fetch manifest jsdom@^27.0.0
196 silly packumentCache full:https://registry.npmjs.org/jsdom cache-miss
197 http fetch GET 200 https://registry.npmjs.org/jsdom 284ms (cache miss)
198 silly packumentCache full:https://registry.npmjs.org/jsdom set size:undefined disposed:false
199 silly fetch manifest canvas@^3.0.0
200 silly packumentCache full:https://registry.npmjs.org/canvas cache-miss
201 http fetch GET 200 https://registry.npmjs.org/canvas 171ms (cache miss)
202 silly packumentCache full:https://registry.npmjs.org/canvas set size:undefined disposed:false
203 silly fetch manifest lint-staged@^16.2.3
204 silly packumentCache full:https://registry.npmjs.org/lint-staged cache-miss
205 http fetch GET 200 https://registry.npmjs.org/lint-staged 357ms (cache miss)
206 silly packumentCache full:https://registry.npmjs.org/lint-staged set size:undefined disposed:false
207 silly fetch manifest tailwindcss@^4
208 silly packumentCache full:https://registry.npmjs.org/tailwindcss cache-miss
209 http fetch GET 200 https://registry.npmjs.org/tailwindcss 930ms (cache miss)
210 silly packumentCache full:https://registry.npmjs.org/tailwindcss set size:undefined disposed:false
211 silly fetch manifest vitest@^3.2.4
212 silly packumentCache full:https://registry.npmjs.org/vitest cache-miss
213 http fetch GET 200 https://registry.npmjs.org/vitest 255ms (cache miss)
214 silly packumentCache full:https://registry.npmjs.org/vitest set size:undefined disposed:false
215 silly fetch manifest @edge-runtime/vm@*
216 silly packumentCache full:https://registry.npmjs.org/@edge-runtime%2fvm cache-miss
217 http fetch GET 200 https://registry.npmjs.org/@edge-runtime%2fvm 354ms (cache miss)
218 silly packumentCache full:https://registry.npmjs.org/@edge-runtime%2fvm set size:undefined disposed:false
219 silly fetch manifest @types/debug@^4.1.12
220 silly packumentCache full:https://registry.npmjs.org/@types%2fdebug cache-miss
221 http fetch GET 200 https://registry.npmjs.org/@types%2fdebug 148ms (cache miss)
222 silly packumentCache full:https://registry.npmjs.org/@types%2fdebug set size:undefined disposed:false
223 silly fetch manifest @vitest/browser@3.2.4
224 silly packumentCache full:https://registry.npmjs.org/@vitest%2fbrowser cache-miss
225 http fetch GET 200 https://registry.npmjs.org/@vitest%2fbrowser 339ms (cache miss)
226 silly packumentCache full:https://registry.npmjs.org/@vitest%2fbrowser set size:undefined disposed:false
227 silly fetch manifest playwright@*
228 silly packumentCache full:https://registry.npmjs.org/playwright cache-miss
229 http fetch GET 200 https://registry.npmjs.org/playwright 925ms (cache miss)
230 silly packumentCache full:https://registry.npmjs.org/playwright set size:undefined disposed:false
231 silly fetch manifest webdriverio@^7.0.0 || ^8.0.0 || ^9.0.0
232 silly packumentCache full:https://registry.npmjs.org/webdriverio cache-miss
233 http fetch GET 200 https://registry.npmjs.org/webdriverio 243ms (cache miss)
234 silly packumentCache full:https://registry.npmjs.org/webdriverio set size:undefined disposed:false
235 silly fetch manifest puppeteer-core@>=22.x || <=24.x
236 silly packumentCache full:https://registry.npmjs.org/puppeteer-core cache-miss
237 http fetch GET 200 https://registry.npmjs.org/puppeteer-core 197ms (cache miss)
238 silly packumentCache full:https://registry.npmjs.org/puppeteer-core set size:undefined disposed:false
239 silly fetch manifest @vitest/ui@3.2.4
240 silly packumentCache full:https://registry.npmjs.org/@vitest%2fui cache-miss
241 http fetch GET 200 https://registry.npmjs.org/@vitest%2fui 319ms (cache miss)
242 silly packumentCache full:https://registry.npmjs.org/@vitest%2fui set size:undefined disposed:false
243 silly fetch manifest happy-dom@*
244 silly packumentCache full:https://registry.npmjs.org/happy-dom cache-miss
245 http fetch GET 200 https://registry.npmjs.org/happy-dom 276ms (cache miss)
246 silly packumentCache full:https://registry.npmjs.org/happy-dom set size:undefined disposed:false
247 silly placeDep ROOT @commitlint/cli@20.1.0 OK for: hankers-frontend@0.1.0 want: ^20.1.0
248 silly placeDep ROOT @commitlint/config-conventional@20.0.0 OK for: hankers-frontend@0.1.0 want: ^20.0.0
249 silly placeDep ROOT @eslint/eslintrc@3.3.1 OK for: hankers-frontend@0.1.0 want: ^3
250 silly placeDep ROOT @tailwindcss/postcss@4.1.14 OK for: hankers-frontend@0.1.0 want: ^4
251 silly placeDep ROOT @tanstack/react-query@5.90.2 OK for: hankers-frontend@0.1.0 want: ^5.90.2
252 silly placeDep ROOT react@19.1.0 OK for: @tanstack/react-query@5.90.2 want: ^18 || ^19
253 silly placeDep ROOT @testing-library/jest-dom@6.9.1 OK for: hankers-frontend@0.1.0 want: ^6.9.1
254 silly placeDep ROOT @testing-library/react@16.3.0 OK for: hankers-frontend@0.1.0 want: ^16.3.0
255 silly placeDep ROOT @testing-library/dom@10.4.1 OK for: @testing-library/react@16.3.0 want: ^10.0.0
256 silly placeDep ROOT react-dom@19.1.0 OK for: @testing-library/react@16.3.0 want: ^18.0.0 || ^19.0.0
257 silly placeDep ROOT @testing-library/user-event@14.6.1 OK for: hankers-frontend@0.1.0 want: ^14.6.1
258 silly placeDep ROOT @types/node@20.19.21 OK for: hankers-frontend@0.1.0 want: ^20
259 silly placeDep ROOT @types/react@19.2.2 OK for: hankers-frontend@0.1.0 want: ^19
260 silly placeDep ROOT @types/react-dom@19.2.1 OK for: hankers-frontend@0.1.0 want: ^19
261 silly placeDep ROOT @vitejs/plugin-react@5.0.4 OK for: hankers-frontend@0.1.0 want: ^5.0.4
262 silly placeDep ROOT vite@7.1.9 OK for: @vitejs/plugin-react@5.0.4 want: ^4.2.0 || ^5.0.0 || ^6.0.0 || ^7.0.0
263 silly placeDep ROOT eslint@9.37.0 OK for: hankers-frontend@0.1.0 want: ^9.37.0
264 silly placeDep ROOT eslint-config-next@15.5.4 OK for: hankers-frontend@0.1.0 want: 15.5.4
265 silly placeDep ROOT eslint-config-prettier@10.1.8 OK for: hankers-frontend@0.1.0 want: ^10.1.8
266 silly placeDep ROOT eslint-plugin-prettier@5.5.4 OK for: hankers-frontend@0.1.0 want: ^5.5.4
267 silly placeDep ROOT prettier@3.6.2 OK for: eslint-plugin-prettier@5.5.4 want: >=3.0.0
268 silly placeDep ROOT husky@9.1.7 OK for: hankers-frontend@0.1.0 want: ^9.1.7
269 silly placeDep ROOT jsdom@27.0.0 OK for: hankers-frontend@0.1.0 want: ^27.0.0
270 silly placeDep ROOT lint-staged@16.2.4 OK for: hankers-frontend@0.1.0 want: ^16.2.3
271 silly placeDep ROOT next@15.5.4 OK for: hankers-frontend@0.1.0 want: 15.5.4
272 silly placeDep ROOT tailwindcss@4.1.14 OK for: hankers-frontend@0.1.0 want: ^4
273 silly placeDep ROOT typescript@5.9.3 OK for: hankers-frontend@0.1.0 want: ^5
274 silly placeDep ROOT vitest@3.2.4 OK for: hankers-frontend@0.1.0 want: ^3.2.4
275 silly placeDep ROOT zustand@5.0.8 OK for: hankers-frontend@0.1.0 want: ^5.0.8
276 silly fetch manifest @commitlint/format@^20.0.0
277 silly packumentCache full:https://registry.npmjs.org/@commitlint%2fformat cache-miss
278 silly fetch manifest @commitlint/lint@^20.0.0
279 silly packumentCache full:https://registry.npmjs.org/@commitlint%2flint cache-miss
280 silly fetch manifest @commitlint/load@^20.1.0
281 silly packumentCache full:https://registry.npmjs.org/@commitlint%2fload cache-miss
282 silly fetch manifest @commitlint/read@^20.0.0
283 silly packumentCache full:https://registry.npmjs.org/@commitlint%2fread cache-miss
284 silly fetch manifest @commitlint/types@^20.0.0
285 silly packumentCache full:https://registry.npmjs.org/@commitlint%2ftypes cache-miss
286 silly fetch manifest tinyexec@^1.0.0
287 silly packumentCache full:https://registry.npmjs.org/tinyexec cache-miss
288 silly fetch manifest yargs@^17.0.0
289 silly packumentCache full:https://registry.npmjs.org/yargs cache-miss
290 silly fetch manifest @commitlint/types@^20.0.0
291 silly packumentCache full:https://registry.npmjs.org/@commitlint%2ftypes cache-miss
292 silly fetch manifest conventional-changelog-conventionalcommits@^7.0.2
293 silly packumentCache full:https://registry.npmjs.org/conventional-changelog-conventionalcommits cache-miss
294 silly fetch manifest ajv@^6.12.4
295 silly packumentCache full:https://registry.npmjs.org/ajv cache-miss
296 silly fetch manifest debug@^4.3.2
297 silly packumentCache full:https://registry.npmjs.org/debug cache-miss
298 http fetch GET 200 https://registry.npmjs.org/@commitlint%2fformat 310ms (cache miss)
299 silly packumentCache full:https://registry.npmjs.org/@commitlint%2fformat set size:undefined disposed:false
300 silly fetch manifest espree@^10.0.1
301 silly packumentCache full:https://registry.npmjs.org/espree cache-miss
302 http fetch GET 200 https://registry.npmjs.org/@commitlint%2flint 352ms (cache miss)
303 silly packumentCache full:https://registry.npmjs.org/@commitlint%2flint set size:undefined disposed:false
304 silly fetch manifest globals@^14.0.0
305 silly packumentCache full:https://registry.npmjs.org/globals cache-miss
306 http fetch GET 200 https://registry.npmjs.org/tinyexec 414ms (cache miss)
307 silly packumentCache full:https://registry.npmjs.org/tinyexec set size:undefined disposed:false
308 silly fetch manifest ignore@^5.2.0
309 silly packumentCache full:https://registry.npmjs.org/ignore cache-miss
310 http fetch GET 200 https://registry.npmjs.org/debug 447ms (cache miss)
311 silly packumentCache full:https://registry.npmjs.org/debug set size:undefined disposed:false
312 silly fetch manifest import-fresh@^3.2.1
313 silly packumentCache full:https://registry.npmjs.org/import-fresh cache-miss
314 http fetch GET 200 https://registry.npmjs.org/yargs 471ms (cache miss)
315 silly packumentCache full:https://registry.npmjs.org/yargs set size:undefined disposed:false
316 silly fetch manifest js-yaml@^4.1.0
317 silly packumentCache full:https://registry.npmjs.org/js-yaml cache-miss
318 http fetch GET 200 https://registry.npmjs.org/ajv 489ms (cache miss)
319 silly packumentCache full:https://registry.npmjs.org/ajv set size:undefined disposed:false
320 silly fetch manifest minimatch@^3.1.2
321 silly packumentCache full:https://registry.npmjs.org/minimatch cache-miss
322 http fetch GET 200 https://registry.npmjs.org/globals 170ms (cache miss)
323 silly packumentCache full:https://registry.npmjs.org/globals set size:undefined disposed:false
324 silly fetch manifest strip-json-comments@^3.1.1
325 silly packumentCache full:https://registry.npmjs.org/strip-json-comments cache-miss
326 http fetch GET 200 https://registry.npmjs.org/conventional-changelog-conventionalcommits 533ms (cache miss)
327 silly packumentCache full:https://registry.npmjs.org/conventional-changelog-conventionalcommits set size:undefined disposed:false
328 silly fetch manifest postcss@^8.4.41
329 silly packumentCache full:https://registry.npmjs.org/postcss cache-miss
330 http fetch GET 200 https://registry.npmjs.org/postcss 13ms (cache hit)
331 silly packumentCache full:https://registry.npmjs.org/postcss set size:696248 disposed:false
332 silly fetch manifest tailwindcss@4.1.14
333 silly packumentCache full:https://registry.npmjs.org/tailwindcss cache-miss
334 http fetch GET 200 https://registry.npmjs.org/espree 250ms (cache miss)
335 silly packumentCache full:https://registry.npmjs.org/espree set size:undefined disposed:false
336 silly fetch manifest @alloc/quick-lru@^5.2.0
337 silly packumentCache full:https://registry.npmjs.org/@alloc%2fquick-lru cache-miss
338 http fetch GET 200 https://registry.npmjs.org/tailwindcss 26ms (cache hit)
339 silly packumentCache full:https://registry.npmjs.org/tailwindcss set size:9676540 disposed:false
340 silly fetch manifest @tailwindcss/node@4.1.14
341 silly packumentCache full:https://registry.npmjs.org/@tailwindcss%2fnode cache-miss
342 http fetch GET 200 https://registry.npmjs.org/ignore 267ms (cache miss)
343 silly packumentCache full:https://registry.npmjs.org/ignore set size:undefined disposed:false
344 silly fetch manifest @tailwindcss/oxide@4.1.14
345 silly packumentCache full:https://registry.npmjs.org/@tailwindcss%2foxide cache-miss
346 http fetch GET 200 https://registry.npmjs.org/import-fresh 244ms (cache miss)
347 silly packumentCache full:https://registry.npmjs.org/import-fresh set size:undefined disposed:false
348 silly fetch manifest @tanstack/query-core@5.90.2
349 silly packumentCache full:https://registry.npmjs.org/@tanstack%2fquery-core cache-miss
350 http fetch GET 200 https://registry.npmjs.org/js-yaml 223ms (cache miss)
351 silly packumentCache full:https://registry.npmjs.org/js-yaml set size:undefined disposed:false
352 silly fetch manifest @adobe/css-tools@^4.4.0
353 silly packumentCache full:https://registry.npmjs.org/@adobe%2fcss-tools cache-miss
354 http fetch GET 200 https://registry.npmjs.org/@commitlint%2ftypes 711ms (cache miss)
355 silly packumentCache full:https://registry.npmjs.org/@commitlint%2ftypes set size:undefined disposed:false
356 silly fetch manifest aria-query@^5.0.0
357 silly packumentCache full:https://registry.npmjs.org/aria-query cache-miss
358 http fetch GET 200 https://registry.npmjs.org/@commitlint%2ftypes 718ms (cache miss)
359 silly packumentCache full:https://registry.npmjs.org/@commitlint%2ftypes set size:undefined disposed:false
360 silly fetch manifest css.escape@^1.5.1
361 silly packumentCache full:https://registry.npmjs.org/css.escape cache-miss
362 http fetch GET 200 https://registry.npmjs.org/minimatch 220ms (cache miss)
363 silly packumentCache full:https://registry.npmjs.org/minimatch set size:undefined disposed:false
364 silly fetch manifest dom-accessibility-api@^0.6.3
365 silly packumentCache full:https://registry.npmjs.org/dom-accessibility-api cache-miss
366 http fetch GET 200 https://registry.npmjs.org/@commitlint%2fread 731ms (cache miss)
367 silly packumentCache full:https://registry.npmjs.org/@commitlint%2fread set size:undefined disposed:false
368 silly fetch manifest picocolors@^1.1.1
369 silly packumentCache full:https://registry.npmjs.org/picocolors cache-miss
370 http fetch GET 200 https://registry.npmjs.org/dom-accessibility-api 123ms (cache miss)
371 silly packumentCache full:https://registry.npmjs.org/dom-accessibility-api set size:undefined disposed:false
372 silly fetch manifest redent@^3.0.0
373 silly packumentCache full:https://registry.npmjs.org/redent cache-miss
374 http fetch GET 200 https://registry.npmjs.org/strip-json-comments 342ms (cache miss)
375 silly packumentCache full:https://registry.npmjs.org/strip-json-comments set size:undefined disposed:false
376 silly fetch manifest @babel/runtime@^7.12.5
377 silly packumentCache full:https://registry.npmjs.org/@babel%2fruntime cache-miss
378 http fetch GET 200 https://registry.npmjs.org/css.escape 154ms (cache miss)
379 silly packumentCache full:https://registry.npmjs.org/css.escape set size:undefined disposed:false
380 silly fetch manifest scheduler@^0.26.0
381 silly packumentCache full:https://registry.npmjs.org/scheduler cache-miss
382 http fetch GET 200 https://registry.npmjs.org/@tailwindcss%2fnode 251ms (cache miss)
383 silly packumentCache full:https://registry.npmjs.org/@tailwindcss%2fnode set size:undefined disposed:false
384 silly fetch manifest @babel/code-frame@^7.10.4
385 silly packumentCache full:https://registry.npmjs.org/@babel%2fcode-frame cache-miss
386 http fetch GET 200 https://registry.npmjs.org/picocolors 210ms (cache miss)
387 silly packumentCache full:https://registry.npmjs.org/picocolors set size:undefined disposed:false
388 silly fetch manifest @babel/runtime@^7.12.5
389 silly packumentCache full:https://registry.npmjs.org/@babel%2fruntime cache-miss
390 http fetch GET 200 https://registry.npmjs.org/aria-query 265ms (cache miss)
391 silly packumentCache full:https://registry.npmjs.org/aria-query set size:undefined disposed:false
392 silly fetch manifest @types/aria-query@^5.0.1
393 silly packumentCache full:https://registry.npmjs.org/@types%2faria-query cache-miss
394 http fetch GET 200 https://registry.npmjs.org/@tailwindcss%2foxide 384ms (cache miss)
395 silly packumentCache full:https://registry.npmjs.org/@tailwindcss%2foxide set size:undefined disposed:false
396 silly fetch manifest aria-query@5.3.0
397 silly packumentCache full:https://registry.npmjs.org/aria-query cache-miss
398 http fetch GET 200 https://registry.npmjs.org/@alloc%2fquick-lru 524ms (cache miss)
399 silly packumentCache full:https://registry.npmjs.org/@alloc%2fquick-lru set size:undefined disposed:false
400 silly fetch manifest dom-accessibility-api@^0.5.9
401 silly packumentCache full:https://registry.npmjs.org/dom-accessibility-api cache-miss
402 http fetch GET 200 https://registry.npmjs.org/aria-query 8ms (cache hit)
403 silly packumentCache full:https://registry.npmjs.org/aria-query set size:98864 disposed:false
404 silly fetch manifest lz-string@^1.5.0
405 silly packumentCache full:https://registry.npmjs.org/lz-string cache-miss
406 http fetch GET 200 https://registry.npmjs.org/dom-accessibility-api 9ms (cache hit)
407 silly packumentCache full:https://registry.npmjs.org/dom-accessibility-api set size:171028 disposed:false
408 silly fetch manifest picocolors@1.1.1
409 silly packumentCache full:https://registry.npmjs.org/picocolors cache-miss
410 http fetch GET 200 https://registry.npmjs.org/picocolors 5ms (cache hit)
411 silly packumentCache full:https://registry.npmjs.org/picocolors set size:16648 disposed:false
412 silly fetch manifest pretty-format@^27.0.2
413 silly packumentCache full:https://registry.npmjs.org/pretty-format cache-miss
414 http fetch GET 200 https://registry.npmjs.org/@adobe%2fcss-tools 436ms (cache miss)
415 silly packumentCache full:https://registry.npmjs.org/@adobe%2fcss-tools set size:undefined disposed:false
416 silly fetch manifest undici-types@~6.21.0
417 silly packumentCache full:https://registry.npmjs.org/undici-types cache-miss
418 http fetch GET 200 https://registry.npmjs.org/@tanstack%2fquery-core 451ms (cache miss)
419 silly packumentCache full:https://registry.npmjs.org/@tanstack%2fquery-core set size:undefined disposed:false
420 silly fetch manifest csstype@^3.0.2
421 silly packumentCache full:https://registry.npmjs.org/csstype cache-miss
422 http fetch GET 200 https://registry.npmjs.org/@babel%2fcode-frame 235ms (cache miss)
423 silly packumentCache full:https://registry.npmjs.org/@babel%2fcode-frame set size:undefined disposed:false
424 silly fetch manifest @babel/core@^7.28.4
425 silly packumentCache full:https://registry.npmjs.org/@babel%2fcore cache-miss
426 http fetch GET 200 https://registry.npmjs.org/@types%2faria-query 247ms (cache miss)
427 silly packumentCache full:https://registry.npmjs.org/@types%2faria-query set size:undefined disposed:false
428 silly fetch manifest @babel/plugin-transform-react-jsx-self@^7.27.1
429 silly packumentCache full:https://registry.npmjs.org/@babel%2fplugin-transform-react-jsx-self cache-miss
430 http fetch GET 200 https://registry.npmjs.org/redent 381ms (cache miss)
431 silly packumentCache full:https://registry.npmjs.org/redent set size:undefined disposed:false
432 silly fetch manifest @babel/plugin-transform-react-jsx-source@^7.27.1
433 silly packumentCache full:https://registry.npmjs.org/@babel%2fplugin-transform-react-jsx-source cache-miss
434 http fetch GET 200 https://registry.npmjs.org/lz-string 201ms (cache miss)
435 silly packumentCache full:https://registry.npmjs.org/lz-string set size:undefined disposed:false
436 silly fetch manifest @rolldown/pluginutils@1.0.0-beta.38
437 silly packumentCache full:https://registry.npmjs.org/@rolldown%2fpluginutils cache-miss
438 http fetch GET 200 https://registry.npmjs.org/undici-types 160ms (cache miss)
439 silly packumentCache full:https://registry.npmjs.org/undici-types set size:undefined disposed:false
440 silly fetch manifest @types/babel__core@^7.20.5
441 silly packumentCache full:https://registry.npmjs.org/@types%2fbabel__core cache-miss
442 http fetch GET 200 https://registry.npmjs.org/@babel%2fruntime 442ms (cache miss)
443 silly packumentCache full:https://registry.npmjs.org/@babel%2fruntime set size:undefined disposed:false
444 silly fetch manifest react-refresh@^0.17.0
445 silly packumentCache full:https://registry.npmjs.org/react-refresh cache-miss
446 http fetch GET 200 https://registry.npmjs.org/@commitlint%2fload 1337ms (cache miss)
447 silly packumentCache full:https://registry.npmjs.org/@commitlint%2fload set size:undefined disposed:false
448 silly fetch manifest esbuild@^0.25.0
449 silly packumentCache full:https://registry.npmjs.org/esbuild cache-miss
450 http fetch GET 200 https://registry.npmjs.org/@babel%2fruntime 645ms (cache miss)
451 silly packumentCache full:https://registry.npmjs.org/@babel%2fruntime set size:undefined disposed:false
452 silly fetch manifest fdir@^6.5.0
453 silly packumentCache full:https://registry.npmjs.org/fdir cache-miss
454 http fetch GET 200 https://registry.npmjs.org/pretty-format 511ms (cache miss)
455 silly packumentCache full:https://registry.npmjs.org/pretty-format set size:undefined disposed:false
456 silly fetch manifest picomatch@^4.0.3
457 silly packumentCache full:https://registry.npmjs.org/picomatch cache-miss
458 http fetch GET 200 https://registry.npmjs.org/csstype 481ms (cache miss)
459 silly packumentCache full:https://registry.npmjs.org/csstype set size:undefined disposed:false
460 silly fetch manifest postcss@^8.5.6
461 silly packumentCache full:https://registry.npmjs.org/postcss cache-hit
462 silly fetch manifest rollup@^4.43.0
463 silly packumentCache full:https://registry.npmjs.org/rollup cache-miss
464 http fetch GET 200 https://registry.npmjs.org/@types%2fbabel__core 946ms (cache miss)
465 silly packumentCache full:https://registry.npmjs.org/@types%2fbabel__core set size:undefined disposed:false
466 silly fetch manifest tinyglobby@^0.2.15
467 silly packumentCache full:https://registry.npmjs.org/tinyglobby cache-miss
468 http fetch GET 200 https://registry.npmjs.org/@babel%2fplugin-transform-react-jsx-self 1431ms (cache miss)
469 silly packumentCache full:https://registry.npmjs.org/@babel%2fplugin-transform-react-jsx-self set size:undefined disposed:false
470 silly fetch manifest fsevents@~2.3.3
471 silly packumentCache full:https://registry.npmjs.org/fsevents cache-miss
472 http fetch GET 200 https://registry.npmjs.org/@babel%2fplugin-transform-react-jsx-source 1493ms (cache miss)
473 silly packumentCache full:https://registry.npmjs.org/@babel%2fplugin-transform-react-jsx-source set size:undefined disposed:false
474 silly fetch manifest @eslint-community/eslint-utils@^4.8.0
475 silly packumentCache full:https://registry.npmjs.org/@eslint-community%2feslint-utils cache-miss
476 http fetch GET 200 https://registry.npmjs.org/@rolldown%2fpluginutils 1675ms (cache miss)
477 silly packumentCache full:https://registry.npmjs.org/@rolldown%2fpluginutils set size:undefined disposed:false
478 silly fetch manifest @eslint-community/regexpp@^4.12.1
479 silly packumentCache full:https://registry.npmjs.org/@eslint-community%2fregexpp cache-miss
480 http fetch GET 200 https://registry.npmjs.org/fdir 1440ms (cache miss)
481 silly packumentCache full:https://registry.npmjs.org/fdir set size:undefined disposed:false
482 silly fetch manifest @eslint/config-array@^0.21.0
483 silly packumentCache full:https://registry.npmjs.org/@eslint%2fconfig-array cache-miss
484 http fetch GET 200 https://registry.npmjs.org/picomatch 1580ms (cache miss)
485 silly packumentCache full:https://registry.npmjs.org/picomatch set size:undefined disposed:false
486 silly fetch manifest @eslint/config-helpers@^0.4.0
487 silly packumentCache full:https://registry.npmjs.org/@eslint%2fconfig-helpers cache-miss
488 http fetch GET 200 https://registry.npmjs.org/@babel%2fcore 2145ms (cache miss)
489 silly packumentCache full:https://registry.npmjs.org/@babel%2fcore set size:undefined disposed:false
490 silly fetch manifest @eslint/core@^0.16.0
491 silly packumentCache full:https://registry.npmjs.org/@eslint%2fcore cache-miss
492 http fetch GET 200 https://registry.npmjs.org/tinyglobby 1067ms (cache miss)
493 silly packumentCache full:https://registry.npmjs.org/tinyglobby set size:undefined disposed:false
494 silly fetch manifest @eslint/js@9.37.0
495 silly packumentCache full:https://registry.npmjs.org/@eslint%2fjs cache-miss
496 http fetch GET 200 https://registry.npmjs.org/react-refresh 2003ms (cache miss)
497 silly packumentCache full:https://registry.npmjs.org/react-refresh set size:undefined disposed:false
498 silly fetch manifest @eslint/plugin-kit@^0.4.0
499 silly packumentCache full:https://registry.npmjs.org/@eslint%2fplugin-kit cache-miss
500 http fetch GET 200 https://registry.npmjs.org/@eslint-community%2feslint-utils 671ms (cache miss)
501 silly packumentCache full:https://registry.npmjs.org/@eslint-community%2feslint-utils set size:undefined disposed:false
502 silly fetch manifest @humanfs/node@^0.16.6
503 silly packumentCache full:https://registry.npmjs.org/@humanfs%2fnode cache-miss
504 http fetch GET 200 https://registry.npmjs.org/@eslint%2fconfig-helpers 197ms (cache miss)
505 silly packumentCache full:https://registry.npmjs.org/@eslint%2fconfig-helpers set size:undefined disposed:false
506 silly fetch manifest @humanwhocodes/module-importer@^1.0.1
507 silly packumentCache full:https://registry.npmjs.org/@humanwhocodes%2fmodule-importer cache-miss
508 http fetch GET 200 https://registry.npmjs.org/@eslint-community%2fregexpp 438ms (cache miss)
509 silly packumentCache full:https://registry.npmjs.org/@eslint-community%2fregexpp set size:undefined disposed:false
510 silly fetch manifest @humanwhocodes/retry@^0.4.2
511 silly packumentCache full:https://registry.npmjs.org/@humanwhocodes%2fretry cache-miss
512 http fetch GET 200 https://registry.npmjs.org/@eslint%2fconfig-array 367ms (cache miss)
513 silly packumentCache full:https://registry.npmjs.org/@eslint%2fconfig-array set size:undefined disposed:false
514 silly fetch manifest @types/estree@^1.0.6
515 silly packumentCache full:https://registry.npmjs.org/@types%2festree cache-miss
516 http fetch GET 200 https://registry.npmjs.org/fsevents 762ms (cache miss)
517 silly packumentCache full:https://registry.npmjs.org/fsevents set size:undefined disposed:false
518 silly fetch manifest @types/json-schema@^7.0.15
519 silly packumentCache full:https://registry.npmjs.org/@types%2fjson-schema cache-miss
520 http fetch GET 200 https://registry.npmjs.org/rollup 1815ms (cache miss)
521 silly packumentCache full:https://registry.npmjs.org/rollup set size:undefined disposed:false
522 silly fetch manifest chalk@^4.0.0
523 silly packumentCache full:https://registry.npmjs.org/chalk cache-miss
524 http fetch GET 200 https://registry.npmjs.org/scheduler 2630ms (cache miss)
525 silly packumentCache full:https://registry.npmjs.org/scheduler set size:undefined disposed:false
526 silly fetch manifest cross-spawn@^7.0.6
527 silly packumentCache full:https://registry.npmjs.org/cross-spawn cache-miss
528 http fetch GET 200 https://registry.npmjs.org/@eslint%2fcore 241ms (cache miss)
529 silly packumentCache full:https://registry.npmjs.org/@eslint%2fcore set size:undefined disposed:false
530 silly fetch manifest escape-string-regexp@^4.0.0
531 silly packumentCache full:https://registry.npmjs.org/escape-string-regexp cache-miss
532 http fetch GET 200 https://registry.npmjs.org/@types%2festree 143ms (cache miss)
533 silly packumentCache full:https://registry.npmjs.org/@types%2festree set size:undefined disposed:false
534 silly fetch manifest eslint-scope@^8.4.0
535 silly packumentCache full:https://registry.npmjs.org/eslint-scope cache-miss
536 http fetch GET 200 https://registry.npmjs.org/esbuild 2230ms (cache miss)
537 silly packumentCache full:https://registry.npmjs.org/esbuild set size:undefined disposed:false
538 silly fetch manifest eslint-visitor-keys@^4.2.1
539 silly packumentCache full:https://registry.npmjs.org/eslint-visitor-keys cache-miss
540 http fetch GET 200 https://registry.npmjs.org/@humanwhocodes%2fmodule-importer 169ms (cache miss)
541 silly packumentCache full:https://registry.npmjs.org/@humanwhocodes%2fmodule-importer set size:undefined disposed:false
542 silly fetch manifest espree@^10.4.0
543 silly packumentCache full:https://registry.npmjs.org/espree cache-miss
544 http fetch GET 200 https://registry.npmjs.org/@eslint%2fjs 264ms (cache miss)
545 silly packumentCache full:https://registry.npmjs.org/@eslint%2fjs set size:undefined disposed:false
546 silly fetch manifest esquery@^1.5.0
547 silly packumentCache full:https://registry.npmjs.org/esquery cache-miss
548 http fetch GET 200 https://registry.npmjs.org/espree 19ms (cache hit)
549 silly packumentCache full:https://registry.npmjs.org/espree set size:315544 disposed:false
550 silly fetch manifest esutils@^2.0.2
551 silly packumentCache full:https://registry.npmjs.org/esutils cache-miss
552 http fetch GET 200 https://registry.npmjs.org/@types%2fjson-schema 173ms (cache miss)
553 silly packumentCache full:https://registry.npmjs.org/@types%2fjson-schema set size:undefined disposed:false
554 silly fetch manifest fast-deep-equal@^3.1.3
555 silly packumentCache full:https://registry.npmjs.org/fast-deep-equal cache-miss
556 http fetch GET 200 https://registry.npmjs.org/@humanfs%2fnode 203ms (cache miss)
557 silly packumentCache full:https://registry.npmjs.org/@humanfs%2fnode set size:undefined disposed:false
558 silly fetch manifest file-entry-cache@^8.0.0
559 silly packumentCache full:https://registry.npmjs.org/file-entry-cache cache-miss
560 http fetch GET 200 https://registry.npmjs.org/@eslint%2fplugin-kit 235ms (cache miss)
561 silly packumentCache full:https://registry.npmjs.org/@eslint%2fplugin-kit set size:undefined disposed:false
562 silly fetch manifest find-up@^5.0.0
563 silly packumentCache full:https://registry.npmjs.org/find-up cache-miss
564 http fetch GET 200 https://registry.npmjs.org/chalk 124ms (cache miss)
565 silly packumentCache full:https://registry.npmjs.org/chalk set size:undefined disposed:false
566 silly fetch manifest glob-parent@^6.0.2
567 silly packumentCache full:https://registry.npmjs.org/glob-parent cache-miss
568 http fetch GET 200 https://registry.npmjs.org/@humanwhocodes%2fretry 219ms (cache miss)
569 silly packumentCache full:https://registry.npmjs.org/@humanwhocodes%2fretry set size:undefined disposed:false
570 silly fetch manifest imurmurhash@^0.1.4
571 silly packumentCache full:https://registry.npmjs.org/imurmurhash cache-miss
572 http fetch GET 200 https://registry.npmjs.org/escape-string-regexp 118ms (cache miss)
573 silly packumentCache full:https://registry.npmjs.org/escape-string-regexp set size:undefined disposed:false
574 silly fetch manifest is-glob@^4.0.0
575 silly packumentCache full:https://registry.npmjs.org/is-glob cache-miss
576 http fetch GET 200 https://registry.npmjs.org/esutils 104ms (cache miss)
577 silly packumentCache full:https://registry.npmjs.org/esutils set size:undefined disposed:false
578 silly fetch manifest json-stable-stringify-without-jsonify@^1.0.1
579 silly packumentCache full:https://registry.npmjs.org/json-stable-stringify-without-jsonify cache-miss
580 http fetch GET 200 https://registry.npmjs.org/eslint-visitor-keys 130ms (cache miss)
581 silly packumentCache full:https://registry.npmjs.org/eslint-visitor-keys set size:undefined disposed:false
582 silly fetch manifest lodash.merge@^4.6.2
583 silly packumentCache full:https://registry.npmjs.org/lodash.merge cache-miss
584 http fetch GET 200 https://registry.npmjs.org/esquery 121ms (cache miss)
585 silly packumentCache full:https://registry.npmjs.org/esquery set size:undefined disposed:false
586 silly fetch manifest natural-compare@^1.4.0
587 silly packumentCache full:https://registry.npmjs.org/natural-compare cache-miss
588 http fetch GET 200 https://registry.npmjs.org/fast-deep-equal 123ms (cache miss)
589 silly packumentCache full:https://registry.npmjs.org/fast-deep-equal set size:undefined disposed:false
590 silly fetch manifest optionator@^0.9.3
591 silly packumentCache full:https://registry.npmjs.org/optionator cache-miss
592 http fetch GET 200 https://registry.npmjs.org/file-entry-cache 120ms (cache miss)
593 silly packumentCache full:https://registry.npmjs.org/file-entry-cache set size:undefined disposed:false
594 silly fetch manifest eslint-plugin-react@^7.37.0
595 silly packumentCache full:https://registry.npmjs.org/eslint-plugin-react cache-miss
596 http fetch GET 200 https://registry.npmjs.org/cross-spawn 184ms (cache miss)
597 silly packumentCache full:https://registry.npmjs.org/cross-spawn set size:undefined disposed:false
598 silly fetch manifest eslint-plugin-import@^2.31.0
599 silly packumentCache full:https://registry.npmjs.org/eslint-plugin-import cache-miss
600 http fetch GET 200 https://registry.npmjs.org/eslint-scope 176ms (cache miss)
601 silly packumentCache full:https://registry.npmjs.org/eslint-scope set size:undefined disposed:false
602 silly fetch manifest eslint-plugin-jsx-a11y@^6.10.0
603 silly packumentCache full:https://registry.npmjs.org/eslint-plugin-jsx-a11y cache-miss
604 http fetch GET 200 https://registry.npmjs.org/find-up 132ms (cache miss)
605 silly packumentCache full:https://registry.npmjs.org/find-up set size:undefined disposed:false
606 silly fetch manifest @rushstack/eslint-patch@^1.10.3
607 silly packumentCache full:https://registry.npmjs.org/@rushstack%2feslint-patch cache-miss
608 http fetch GET 200 https://registry.npmjs.org/glob-parent 123ms (cache miss)
609 silly packumentCache full:https://registry.npmjs.org/glob-parent set size:undefined disposed:false
610 silly fetch manifest @next/eslint-plugin-next@15.5.4
611 silly packumentCache full:https://registry.npmjs.org/@next%2feslint-plugin-next cache-miss
612 http fetch GET 200 https://registry.npmjs.org/imurmurhash 137ms (cache miss)
613 silly packumentCache full:https://registry.npmjs.org/imurmurhash set size:undefined disposed:false
614 silly fetch manifest @typescript-eslint/parser@^5.4.2 || ^6.0.0 || ^7.0.0 || ^8.0.0
615 silly packumentCache full:https://registry.npmjs.org/@typescript-eslint%2fparser cache-miss
616 http fetch GET 200 https://registry.npmjs.org/is-glob 114ms (cache miss)
617 silly packumentCache full:https://registry.npmjs.org/is-glob set size:undefined disposed:false
618 silly fetch manifest eslint-plugin-react-hooks@^5.0.0
619 silly packumentCache full:https://registry.npmjs.org/eslint-plugin-react-hooks cache-miss
620 http fetch GET 200 https://registry.npmjs.org/json-stable-stringify-without-jsonify 123ms (cache miss)
621 silly packumentCache full:https://registry.npmjs.org/json-stable-stringify-without-jsonify set size:undefined disposed:false
622 silly fetch manifest eslint-import-resolver-node@^0.3.6
623 silly packumentCache full:https://registry.npmjs.org/eslint-import-resolver-node cache-miss
624 http fetch GET 200 https://registry.npmjs.org/natural-compare 114ms (cache miss)
625 silly packumentCache full:https://registry.npmjs.org/natural-compare set size:undefined disposed:false
626 silly fetch manifest @typescript-eslint/eslint-plugin@^5.4.2 || ^6.0.0 || ^7.0.0 || ^8.0.0
627 silly packumentCache full:https://registry.npmjs.org/@typescript-eslint%2feslint-plugin cache-miss
628 http fetch GET 200 https://registry.npmjs.org/lodash.merge 125ms (cache miss)
629 silly packumentCache full:https://registry.npmjs.org/lodash.merge set size:undefined disposed:false
630 silly fetch manifest eslint-import-resolver-typescript@^3.5.2
631 silly packumentCache full:https://registry.npmjs.org/eslint-import-resolver-typescript cache-miss
632 http fetch GET 200 https://registry.npmjs.org/optionator 112ms (cache miss)
633 silly packumentCache full:https://registry.npmjs.org/optionator set size:undefined disposed:false
634 silly fetch manifest prettier-linter-helpers@^1.0.0
635 silly packumentCache full:https://registry.npmjs.org/prettier-linter-helpers cache-miss
636 http fetch GET 200 https://registry.npmjs.org/eslint-plugin-jsx-a11y 115ms (cache miss)
637 silly packumentCache full:https://registry.npmjs.org/eslint-plugin-jsx-a11y set size:undefined disposed:false
638 silly fetch manifest synckit@^0.11.7
639 silly packumentCache full:https://registry.npmjs.org/synckit cache-miss
640 http fetch GET 200 https://registry.npmjs.org/eslint-plugin-react 187ms (cache miss)
641 silly packumentCache full:https://registry.npmjs.org/eslint-plugin-react set size:undefined disposed:false
642 silly fetch manifest @asamuzakjp/dom-selector@^6.5.4
643 silly packumentCache full:https://registry.npmjs.org/@asamuzakjp%2fdom-selector cache-miss
644 http fetch GET 200 https://registry.npmjs.org/eslint-plugin-import 203ms (cache miss)
645 silly packumentCache full:https://registry.npmjs.org/eslint-plugin-import set size:undefined disposed:false
646 silly fetch manifest cssstyle@^5.3.0
647 silly packumentCache full:https://registry.npmjs.org/cssstyle cache-miss
648 http fetch GET 200 https://registry.npmjs.org/@rushstack%2feslint-patch 267ms (cache miss)
649 silly packumentCache full:https://registry.npmjs.org/@rushstack%2feslint-patch set size:undefined disposed:false
650 silly fetch manifest data-urls@^6.0.0
651 silly packumentCache full:https://registry.npmjs.org/data-urls cache-miss
652 http fetch GET 200 https://registry.npmjs.org/prettier-linter-helpers 262ms (cache miss)
653 silly packumentCache full:https://registry.npmjs.org/prettier-linter-helpers set size:undefined disposed:false
654 silly fetch manifest decimal.js@^10.5.0
655 silly packumentCache full:https://registry.npmjs.org/decimal.js cache-miss
656 http fetch GET 200 https://registry.npmjs.org/eslint-import-resolver-typescript 281ms (cache miss)
657 silly packumentCache full:https://registry.npmjs.org/eslint-import-resolver-typescript set size:undefined disposed:false
658 silly fetch manifest html-encoding-sniffer@^4.0.0
659 silly packumentCache full:https://registry.npmjs.org/html-encoding-sniffer cache-miss
660 http fetch GET 200 https://registry.npmjs.org/eslint-import-resolver-node 311ms (cache miss)
661 silly packumentCache full:https://registry.npmjs.org/eslint-import-resolver-node set size:undefined disposed:false
662 silly fetch manifest http-proxy-agent@^7.0.2
663 silly packumentCache full:https://registry.npmjs.org/http-proxy-agent cache-miss
664 http fetch GET 200 https://registry.npmjs.org/synckit 280ms (cache miss)
665 silly packumentCache full:https://registry.npmjs.org/synckit set size:undefined disposed:false
666 silly fetch manifest https-proxy-agent@^7.0.6
667 silly packumentCache full:https://registry.npmjs.org/https-proxy-agent cache-miss
668 http fetch GET 200 https://registry.npmjs.org/cssstyle 212ms (cache miss)
669 silly packumentCache full:https://registry.npmjs.org/cssstyle set size:undefined disposed:false
670 silly fetch manifest is-potential-custom-element-name@^1.0.1
671 silly packumentCache full:https://registry.npmjs.org/is-potential-custom-element-name cache-miss
672 http fetch GET 200 https://registry.npmjs.org/data-urls 252ms (cache miss)
673 silly packumentCache full:https://registry.npmjs.org/data-urls set size:undefined disposed:false
674 silly fetch manifest parse5@^7.3.0
675 silly packumentCache full:https://registry.npmjs.org/parse5 cache-miss
676 http fetch GET 200 https://registry.npmjs.org/decimal.js 245ms (cache miss)
677 silly packumentCache full:https://registry.npmjs.org/decimal.js set size:undefined disposed:false
678 silly fetch manifest rrweb-cssom@^0.8.0
679 silly packumentCache full:https://registry.npmjs.org/rrweb-cssom cache-miss
680 http fetch GET 200 https://registry.npmjs.org/html-encoding-sniffer 257ms (cache miss)
681 silly packumentCache full:https://registry.npmjs.org/html-encoding-sniffer set size:undefined disposed:false
682 silly fetch manifest saxes@^6.0.0
683 silly packumentCache full:https://registry.npmjs.org/saxes cache-miss
684 http fetch GET 200 https://registry.npmjs.org/https-proxy-agent 252ms (cache miss)
685 silly packumentCache full:https://registry.npmjs.org/https-proxy-agent set size:undefined disposed:false
686 silly fetch manifest symbol-tree@^3.2.4
687 silly packumentCache full:https://registry.npmjs.org/symbol-tree cache-miss
688 http fetch GET 200 https://registry.npmjs.org/@asamuzakjp%2fdom-selector 491ms (cache miss)
689 silly packumentCache full:https://registry.npmjs.org/@asamuzakjp%2fdom-selector set size:undefined disposed:false
690 silly fetch manifest tough-cookie@^6.0.0
691 silly packumentCache full:https://registry.npmjs.org/tough-cookie cache-miss
692 http fetch GET 200 https://registry.npmjs.org/is-potential-custom-element-name 307ms (cache miss)
693 silly packumentCache full:https://registry.npmjs.org/is-potential-custom-element-name set size:undefined disposed:false
694 silly fetch manifest w3c-xmlserializer@^5.0.0
695 silly packumentCache full:https://registry.npmjs.org/w3c-xmlserializer cache-miss
696 http fetch GET 200 https://registry.npmjs.org/http-proxy-agent 334ms (cache miss)
697 silly packumentCache full:https://registry.npmjs.org/http-proxy-agent set size:undefined disposed:false
698 silly fetch manifest webidl-conversions@^8.0.0
699 silly packumentCache full:https://registry.npmjs.org/webidl-conversions cache-miss
700 http fetch GET 200 https://registry.npmjs.org/eslint-plugin-react-hooks 710ms (cache miss)
701 silly packumentCache full:https://registry.npmjs.org/eslint-plugin-react-hooks set size:undefined disposed:false
702 silly fetch manifest whatwg-encoding@^3.1.1
703 silly packumentCache full:https://registry.npmjs.org/whatwg-encoding cache-miss
704 http fetch GET 200 https://registry.npmjs.org/parse5 293ms (cache miss)
705 silly packumentCache full:https://registry.npmjs.org/parse5 set size:undefined disposed:false
706 silly fetch manifest whatwg-mimetype@^4.0.0
707 silly packumentCache full:https://registry.npmjs.org/whatwg-mimetype cache-miss
708 http fetch GET 200 https://registry.npmjs.org/saxes 199ms (cache miss)
709 silly packumentCache full:https://registry.npmjs.org/saxes set size:undefined disposed:false
710 silly fetch manifest whatwg-url@^15.0.0
711 silly packumentCache full:https://registry.npmjs.org/whatwg-url cache-miss
712 http fetch GET 200 https://registry.npmjs.org/@next%2feslint-plugin-next 837ms (cache miss)
713 silly packumentCache full:https://registry.npmjs.org/@next%2feslint-plugin-next set size:undefined disposed:false
714 silly fetch manifest ws@^8.18.2
715 silly packumentCache full:https://registry.npmjs.org/ws cache-miss
716 http fetch GET 200 https://registry.npmjs.org/symbol-tree 234ms (cache miss)
717 silly packumentCache full:https://registry.npmjs.org/symbol-tree set size:undefined disposed:false
718 silly fetch manifest xml-name-validator@^5.0.0
719 silly packumentCache full:https://registry.npmjs.org/xml-name-validator cache-miss
720 http fetch GET 200 https://registry.npmjs.org/rrweb-cssom 298ms (cache miss)
721 silly packumentCache full:https://registry.npmjs.org/rrweb-cssom set size:undefined disposed:false
722 silly fetch manifest commander@^14.0.1
723 silly packumentCache full:https://registry.npmjs.org/commander cache-miss
724 http fetch GET 200 https://registry.npmjs.org/tough-cookie 301ms (cache miss)
725 silly packumentCache full:https://registry.npmjs.org/tough-cookie set size:undefined disposed:false
726 silly fetch manifest listr2@^9.0.4
727 silly packumentCache full:https://registry.npmjs.org/listr2 cache-miss
728 http fetch GET 200 https://registry.npmjs.org/whatwg-encoding 267ms (cache miss)
729 silly packumentCache full:https://registry.npmjs.org/whatwg-encoding set size:undefined disposed:false
730 silly fetch manifest micromatch@^4.0.8
731 silly packumentCache full:https://registry.npmjs.org/micromatch cache-miss
732 http fetch GET 200 https://registry.npmjs.org/whatwg-mimetype 266ms (cache miss)
733 silly packumentCache full:https://registry.npmjs.org/whatwg-mimetype set size:undefined disposed:false
734 silly fetch manifest nano-spawn@^2.0.0
735 silly packumentCache full:https://registry.npmjs.org/nano-spawn cache-miss
736 http fetch GET 200 https://registry.npmjs.org/webidl-conversions 360ms (cache miss)
737 silly packumentCache full:https://registry.npmjs.org/webidl-conversions set size:undefined disposed:false
738 silly fetch manifest pidtree@^0.6.0
739 silly packumentCache full:https://registry.npmjs.org/pidtree cache-miss
740 http fetch GET 200 https://registry.npmjs.org/w3c-xmlserializer 374ms (cache miss)
741 silly packumentCache full:https://registry.npmjs.org/w3c-xmlserializer set size:undefined disposed:false
742 silly fetch manifest string-argv@^0.3.2
743 silly packumentCache full:https://registry.npmjs.org/string-argv cache-miss
744 http fetch GET 200 https://registry.npmjs.org/@typescript-eslint%2feslint-plugin 1060ms (cache miss)
745 silly packumentCache full:https://registry.npmjs.org/@typescript-eslint%2feslint-plugin set size:undefined disposed:false
746 silly fetch manifest yaml@^2.8.1
747 silly packumentCache full:https://registry.npmjs.org/yaml cache-miss
748 http fetch GET 200 https://registry.npmjs.org/xml-name-validator 403ms (cache miss)
749 silly packumentCache full:https://registry.npmjs.org/xml-name-validator set size:undefined disposed:false
750 silly fetch manifest postcss@8.4.31
751 silly packumentCache full:https://registry.npmjs.org/postcss cache-hit
752 silly fetch manifest @next/env@15.5.4
753 silly packumentCache full:https://registry.npmjs.org/@next%2fenv cache-miss
754 http fetch GET 200 https://registry.npmjs.org/yaml 46ms (cache hit)
755 silly packumentCache full:https://registry.npmjs.org/yaml set size:361238 disposed:false
756 silly fetch manifest styled-jsx@5.1.6
757 silly packumentCache full:https://registry.npmjs.org/styled-jsx cache-miss
758 http fetch GET 200 https://registry.npmjs.org/whatwg-url 480ms (cache miss)
759 silly packumentCache full:https://registry.npmjs.org/whatwg-url set size:undefined disposed:false
760 silly fetch manifest @swc/helpers@0.5.15
761 silly packumentCache full:https://registry.npmjs.org/@swc%2fhelpers cache-miss
762 http fetch GET 200 https://registry.npmjs.org/micromatch 251ms (cache miss)
763 silly packumentCache full:https://registry.npmjs.org/micromatch set size:undefined disposed:false
764 silly fetch manifest caniuse-lite@^1.0.30001579
765 silly packumentCache full:https://registry.npmjs.org/caniuse-lite cache-miss
766 http fetch GET 200 https://registry.npmjs.org/commander 421ms (cache miss)
767 silly packumentCache full:https://registry.npmjs.org/commander set size:undefined disposed:false
768 silly fetch manifest sharp@^0.34.3
769 silly packumentCache full:https://registry.npmjs.org/sharp cache-miss
770 http fetch GET 200 https://registry.npmjs.org/ws 453ms (cache miss)
771 silly packumentCache full:https://registry.npmjs.org/ws set size:undefined disposed:false
772 silly fetch manifest @next/swc-darwin-x64@15.5.4
773 silly packumentCache full:https://registry.npmjs.org/@next%2fswc-darwin-x64 cache-miss
774 http fetch GET 200 https://registry.npmjs.org/pidtree 275ms (cache miss)
775 silly packumentCache full:https://registry.npmjs.org/pidtree set size:undefined disposed:false
776 silly fetch manifest @next/swc-darwin-arm64@15.5.4
777 silly packumentCache full:https://registry.npmjs.org/@next%2fswc-darwin-arm64 cache-miss
778 http fetch GET 200 https://registry.npmjs.org/string-argv 288ms (cache miss)
779 silly packumentCache full:https://registry.npmjs.org/string-argv set size:undefined disposed:false
780 silly fetch manifest @next/swc-linux-x64-gnu@15.5.4
781 silly packumentCache full:https://registry.npmjs.org/@next%2fswc-linux-x64-gnu cache-miss
782 http fetch GET 200 https://registry.npmjs.org/nano-spawn 300ms (cache miss)
783 silly packumentCache full:https://registry.npmjs.org/nano-spawn set size:undefined disposed:false
784 silly fetch manifest @next/swc-linux-x64-musl@15.5.4
785 silly packumentCache full:https://registry.npmjs.org/@next%2fswc-linux-x64-musl cache-miss
786 http fetch GET 200 https://registry.npmjs.org/listr2 413ms (cache miss)
787 silly packumentCache full:https://registry.npmjs.org/listr2 set size:undefined disposed:false
788 silly fetch manifest @next/swc-win32-x64-msvc@15.5.4
789 silly packumentCache full:https://registry.npmjs.org/@next%2fswc-win32-x64-msvc cache-miss
790 http fetch GET 200 https://registry.npmjs.org/sharp 164ms (cache miss)
791 silly packumentCache full:https://registry.npmjs.org/sharp set size:undefined disposed:false
792 silly fetch manifest @next/swc-linux-arm64-gnu@15.5.4
793 silly packumentCache full:https://registry.npmjs.org/@next%2fswc-linux-arm64-gnu cache-miss
794 http fetch GET 200 https://registry.npmjs.org/@swc%2fhelpers 406ms (cache miss)
795 silly packumentCache full:https://registry.npmjs.org/@swc%2fhelpers set size:undefined disposed:false
796 silly fetch manifest @next/swc-linux-arm64-musl@15.5.4
797 silly packumentCache full:https://registry.npmjs.org/@next%2fswc-linux-arm64-musl cache-miss
798 http fetch GET 200 https://registry.npmjs.org/styled-jsx 577ms (cache miss)
799 silly packumentCache full:https://registry.npmjs.org/styled-jsx set size:undefined disposed:false
800 silly fetch manifest @next/swc-win32-arm64-msvc@15.5.4
801 silly packumentCache full:https://registry.npmjs.org/@next%2fswc-win32-arm64-msvc cache-miss
802 http fetch GET 200 https://registry.npmjs.org/caniuse-lite 703ms (cache miss)
803 silly packumentCache full:https://registry.npmjs.org/caniuse-lite set size:undefined disposed:false
804 silly fetch manifest chai@^5.2.0
805 silly packumentCache full:https://registry.npmjs.org/chai cache-miss
806 http fetch GET 200 https://registry.npmjs.org/@next%2fenv 976ms (cache miss)
807 silly packumentCache full:https://registry.npmjs.org/@next%2fenv set size:undefined disposed:false
808 silly fetch manifest debug@^4.4.1
809 silly packumentCache full:https://registry.npmjs.org/debug cache-miss
810 http fetch GET 200 https://registry.npmjs.org/debug 8ms (cache hit)
811 silly packumentCache full:https://registry.npmjs.org/debug set size:195840 disposed:false
812 silly fetch manifest pathe@^2.0.3
813 silly packumentCache full:https://registry.npmjs.org/pathe cache-miss
814 http fetch GET 200 https://registry.npmjs.org/chai 461ms (cache miss)
815 silly packumentCache full:https://registry.npmjs.org/chai set size:undefined disposed:false
816 silly fetch manifest std-env@^3.9.0
817 silly packumentCache full:https://registry.npmjs.org/std-env cache-miss
818 http fetch GET 200 https://registry.npmjs.org/pathe 387ms (cache miss)
819 silly packumentCache full:https://registry.npmjs.org/pathe set size:undefined disposed:false
820 silly fetch manifest tinyexec@^0.3.2
821 silly packumentCache full:https://registry.npmjs.org/tinyexec cache-miss
822 http fetch GET 200 https://registry.npmjs.org/tinyexec 10ms (cache hit)
823 silly packumentCache full:https://registry.npmjs.org/tinyexec set size:35671 disposed:false
824 silly fetch manifest tinypool@^1.1.1
825 silly packumentCache full:https://registry.npmjs.org/tinypool cache-miss
826 http fetch GET 200 https://registry.npmjs.org/@next%2fswc-darwin-arm64 1375ms (cache miss)
827 silly packumentCache full:https://registry.npmjs.org/@next%2fswc-darwin-arm64 set size:undefined disposed:false
828 silly fetch manifest picomatch@^4.0.2
829 silly packumentCache full:https://registry.npmjs.org/picomatch cache-miss
830 http fetch GET 200 https://registry.npmjs.org/picomatch 11ms (cache hit)
831 silly packumentCache full:https://registry.npmjs.org/picomatch set size:118818 disposed:false
832 silly fetch manifest tinybench@^2.9.0
833 silly packumentCache full:https://registry.npmjs.org/tinybench cache-miss
834 http fetch GET 200 https://registry.npmjs.org/@next%2fswc-linux-arm64-gnu 1305ms (cache miss)
835 silly packumentCache full:https://registry.npmjs.org/@next%2fswc-linux-arm64-gnu set size:undefined disposed:false
836 silly fetch manifest vite-node@3.2.4
837 silly packumentCache full:https://registry.npmjs.org/vite-node cache-miss
838 http fetch GET 200 https://registry.npmjs.org/@next%2fswc-linux-x64-musl 1469ms (cache miss)
839 silly packumentCache full:https://registry.npmjs.org/@next%2fswc-linux-x64-musl set size:undefined disposed:false
840 silly fetch manifest tinyglobby@^0.2.14
841 silly packumentCache full:https://registry.npmjs.org/tinyglobby cache-miss
842 http fetch GET 200 https://registry.npmjs.org/std-env 379ms (cache miss)
843 silly packumentCache full:https://registry.npmjs.org/std-env set size:undefined disposed:false
844 silly fetch manifest @types/chai@^5.2.2
845 silly packumentCache full:https://registry.npmjs.org/@types%2fchai cache-miss
846 http fetch GET 200 https://registry.npmjs.org/tinyglobby 11ms (cache hit)
847 silly packumentCache full:https://registry.npmjs.org/tinyglobby set size:49812 disposed:false
848 silly fetch manifest @vitest/spy@3.2.4
849 silly packumentCache full:https://registry.npmjs.org/@vitest%2fspy cache-miss
850 http fetch GET 200 https://registry.npmjs.org/@next%2fswc-darwin-x64 1569ms (cache miss)
851 silly packumentCache full:https://registry.npmjs.org/@next%2fswc-darwin-x64 set size:undefined disposed:false
852 silly fetch manifest expect-type@^1.2.1
853 silly packumentCache full:https://registry.npmjs.org/expect-type cache-miss
854 http fetch GET 200 https://registry.npmjs.org/tinypool 231ms (cache miss)
855 silly packumentCache full:https://registry.npmjs.org/tinypool set size:undefined disposed:false
856 silly fetch manifest tinyrainbow@^2.0.0
857 silly packumentCache full:https://registry.npmjs.org/tinyrainbow cache-miss
858 http fetch GET 200 https://registry.npmjs.org/@next%2fswc-linux-arm64-musl 1234ms (cache miss)
859 silly packumentCache full:https://registry.npmjs.org/@next%2fswc-linux-arm64-musl set size:undefined disposed:false
860 silly fetch manifest magic-string@^0.30.17
861 silly packumentCache full:https://registry.npmjs.org/magic-string cache-miss
862 http fetch GET 200 https://registry.npmjs.org/tinybench 208ms (cache miss)
863 silly packumentCache full:https://registry.npmjs.org/tinybench set size:undefined disposed:false
864 silly fetch manifest @vitest/utils@3.2.4
865 silly packumentCache full:https://registry.npmjs.org/@vitest%2futils cache-miss
866 http fetch GET 200 https://registry.npmjs.org/tinyrainbow 198ms (cache miss)
867 silly packumentCache full:https://registry.npmjs.org/tinyrainbow set size:undefined disposed:false
868 silly fetch manifest @vitest/expect@3.2.4
869 silly packumentCache full:https://registry.npmjs.org/@vitest%2fexpect cache-miss
870 http fetch GET 200 https://registry.npmjs.org/expect-type 223ms (cache miss)
871 silly packumentCache full:https://registry.npmjs.org/expect-type set size:undefined disposed:false
872 silly fetch manifest @vitest/mocker@3.2.4
873 silly packumentCache full:https://registry.npmjs.org/@vitest%2fmocker cache-miss
874 http fetch GET 200 https://registry.npmjs.org/vite-node 329ms (cache miss)
875 silly packumentCache full:https://registry.npmjs.org/vite-node set size:undefined disposed:false
876 silly fetch manifest @vitest/runner@3.2.4
877 silly packumentCache full:https://registry.npmjs.org/@vitest%2frunner cache-miss
878 http fetch GET 200 https://registry.npmjs.org/@types%2fchai 290ms (cache miss)
879 silly packumentCache full:https://registry.npmjs.org/@types%2fchai set size:undefined disposed:false
880 silly fetch manifest @vitest/snapshot@3.2.4
881 silly packumentCache full:https://registry.npmjs.org/@vitest%2fsnapshot cache-miss
882 http fetch GET 200 https://registry.npmjs.org/@vitest%2fspy 390ms (cache miss)
883 silly packumentCache full:https://registry.npmjs.org/@vitest%2fspy set size:undefined disposed:false
884 silly fetch manifest why-is-node-running@^2.3.0
885 silly packumentCache full:https://registry.npmjs.org/why-is-node-running cache-miss
886 http fetch GET 200 https://registry.npmjs.org/magic-string 315ms (cache miss)
887 silly packumentCache full:https://registry.npmjs.org/magic-string set size:undefined disposed:false
888 silly fetch manifest @vitest/pretty-format@^3.2.4
889 silly packumentCache full:https://registry.npmjs.org/@vitest%2fpretty-format cache-miss
890 http fetch GET 200 https://registry.npmjs.org/@vitest%2futils 348ms (cache miss)
891 silly packumentCache full:https://registry.npmjs.org/@vitest%2futils set size:undefined disposed:false
892 http fetch GET 200 https://registry.npmjs.org/@vitest%2fmocker 309ms (cache miss)
893 silly packumentCache full:https://registry.npmjs.org/@vitest%2fmocker set size:undefined disposed:false
894 http fetch GET 200 https://registry.npmjs.org/@vitest%2fsnapshot 347ms (cache miss)
895 silly packumentCache full:https://registry.npmjs.org/@vitest%2fsnapshot set size:undefined disposed:false
896 http fetch GET 200 https://registry.npmjs.org/why-is-node-running 242ms (cache miss)
897 silly packumentCache full:https://registry.npmjs.org/why-is-node-running set size:undefined disposed:false
898 http fetch GET 200 https://registry.npmjs.org/@vitest%2frunner 376ms (cache miss)
899 silly packumentCache full:https://registry.npmjs.org/@vitest%2frunner set size:undefined disposed:false
900 http fetch GET 200 https://registry.npmjs.org/@vitest%2fexpect 407ms (cache miss)
901 silly packumentCache full:https://registry.npmjs.org/@vitest%2fexpect set size:undefined disposed:false
902 http fetch GET 200 https://registry.npmjs.org/@vitest%2fpretty-format 299ms (cache miss)
903 silly packumentCache full:https://registry.npmjs.org/@vitest%2fpretty-format set size:undefined disposed:false
904 http fetch GET 200 https://registry.npmjs.org/@next%2fswc-win32-arm64-msvc 1791ms (cache miss)
905 silly packumentCache full:https://registry.npmjs.org/@next%2fswc-win32-arm64-msvc set size:undefined disposed:false
906 http fetch GET 200 https://registry.npmjs.org/@next%2fswc-linux-x64-gnu 2352ms (cache miss)
907 silly packumentCache full:https://registry.npmjs.org/@next%2fswc-linux-x64-gnu set size:undefined disposed:false
908 http fetch GET 200 https://registry.npmjs.org/@typescript-eslint%2fparser 3925ms (cache miss)
909 silly packumentCache full:https://registry.npmjs.org/@typescript-eslint%2fparser set size:undefined disposed:false
910 http fetch GET 200 https://registry.npmjs.org/@next%2fswc-win32-x64-msvc 2870ms (cache miss)
911 silly packumentCache full:https://registry.npmjs.org/@next%2fswc-win32-x64-msvc set size:undefined disposed:false
912 silly placeDep ROOT @commitlint/format@20.0.0 OK for: @commitlint/cli@20.1.0 want: ^20.0.0
913 silly placeDep ROOT @commitlint/lint@20.0.0 OK for: @commitlint/cli@20.1.0 want: ^20.0.0
914 silly placeDep ROOT @commitlint/load@20.1.0 OK for: @commitlint/cli@20.1.0 want: ^20.1.0
915 silly placeDep ROOT @commitlint/read@20.0.0 OK for: @commitlint/cli@20.1.0 want: ^20.0.0
916 silly placeDep ROOT @commitlint/types@20.0.0 OK for: @commitlint/cli@20.1.0 want: ^20.0.0
917 silly placeDep ROOT tinyexec@1.0.1 OK for: @commitlint/cli@20.1.0 want: ^1.0.0
918 silly placeDep ROOT yargs@17.7.2 OK for: @commitlint/cli@20.1.0 want: ^17.0.0
919 silly fetch manifest chalk@^5.3.0
920 silly packumentCache full:https://registry.npmjs.org/chalk cache-miss
921 silly fetch manifest @commitlint/is-ignored@^20.0.0
922 silly packumentCache full:https://registry.npmjs.org/@commitlint%2fis-ignored cache-miss
923 silly fetch manifest @commitlint/parse@^20.0.0
924 silly packumentCache full:https://registry.npmjs.org/@commitlint%2fparse cache-miss
925 silly fetch manifest @commitlint/rules@^20.0.0
926 silly packumentCache full:https://registry.npmjs.org/@commitlint%2frules cache-miss
927 silly fetch manifest @commitlint/config-validator@^20.0.0
928 silly packumentCache full:https://registry.npmjs.org/@commitlint%2fconfig-validator cache-miss
929 silly fetch manifest @commitlint/execute-rule@^20.0.0
930 silly packumentCache full:https://registry.npmjs.org/@commitlint%2fexecute-rule cache-miss
931 silly fetch manifest @commitlint/resolve-extends@^20.1.0
932 silly packumentCache full:https://registry.npmjs.org/@commitlint%2fresolve-extends cache-miss
933 silly fetch manifest chalk@^5.3.0
934 silly packumentCache full:https://registry.npmjs.org/chalk cache-miss
935 silly fetch manifest cosmiconfig@^9.0.0
936 silly packumentCache full:https://registry.npmjs.org/cosmiconfig cache-miss
937 silly fetch manifest cosmiconfig-typescript-loader@^6.1.0
938 silly packumentCache full:https://registry.npmjs.org/cosmiconfig-typescript-loader cache-miss
939 silly fetch manifest lodash.isplainobject@^4.0.6
940 silly packumentCache full:https://registry.npmjs.org/lodash.isplainobject cache-miss
941 http fetch GET 200 https://registry.npmjs.org/chalk 25ms (cache hit)
942 silly packumentCache full:https://registry.npmjs.org/chalk set size:117859 disposed:false
943 silly fetch manifest lodash.uniq@^4.5.0
944 silly packumentCache full:https://registry.npmjs.org/lodash.uniq cache-miss
945 http fetch GET 200 https://registry.npmjs.org/chalk 31ms (cache hit)
946 silly packumentCache full:https://registry.npmjs.org/chalk set size:117859 disposed:false
947 silly packumentCache full:https://registry.npmjs.org/chalk dispose
948 silly fetch manifest @commitlint/top-level@^20.0.0
949 silly packumentCache full:https://registry.npmjs.org/@commitlint%2ftop-level cache-miss
950 http fetch GET 200 https://registry.npmjs.org/cosmiconfig 128ms (cache miss)
951 silly packumentCache full:https://registry.npmjs.org/cosmiconfig set size:undefined disposed:false
952 silly fetch manifest git-raw-commits@^4.0.0
953 silly packumentCache full:https://registry.npmjs.org/git-raw-commits cache-miss
954 http fetch GET 200 https://registry.npmjs.org/lodash.isplainobject 149ms (cache miss)
955 silly packumentCache full:https://registry.npmjs.org/lodash.isplainobject set size:undefined disposed:false
956 silly fetch manifest minimist@^1.2.8
957 silly packumentCache full:https://registry.npmjs.org/minimist cache-miss
958 http fetch GET 200 https://registry.npmjs.org/lodash.uniq 231ms (cache miss)
959 silly packumentCache full:https://registry.npmjs.org/lodash.uniq set size:undefined disposed:false
960 silly fetch manifest @types/conventional-commits-parser@^5.0.0
961 silly packumentCache full:https://registry.npmjs.org/@types%2fconventional-commits-parser cache-miss
962 http fetch GET 200 https://registry.npmjs.org/cosmiconfig-typescript-loader 261ms (cache miss)
963 silly packumentCache full:https://registry.npmjs.org/cosmiconfig-typescript-loader set size:undefined disposed:false
964 silly fetch manifest y18n@^5.0.5
965 silly packumentCache full:https://registry.npmjs.org/y18n cache-miss
966 http fetch GET 200 https://registry.npmjs.org/minimist 139ms (cache miss)
967 silly packumentCache full:https://registry.npmjs.org/minimist set size:undefined disposed:false
968 silly fetch manifest cliui@^8.0.1
969 silly packumentCache full:https://registry.npmjs.org/cliui cache-miss
970 http fetch GET 200 https://registry.npmjs.org/git-raw-commits 167ms (cache miss)
971 silly packumentCache full:https://registry.npmjs.org/git-raw-commits set size:undefined disposed:false
972 silly fetch manifest escalade@^3.1.1
973 silly packumentCache full:https://registry.npmjs.org/escalade cache-miss
974 http fetch GET 200 https://registry.npmjs.org/@commitlint%2fexecute-rule 319ms (cache miss)
975 silly packumentCache full:https://registry.npmjs.org/@commitlint%2fexecute-rule set size:undefined disposed:false
976 silly fetch manifest string-width@^4.2.3
977 silly packumentCache full:https://registry.npmjs.org/string-width cache-miss
978 http fetch GET 200 https://registry.npmjs.org/@commitlint%2fis-ignored 376ms (cache miss)
979 silly packumentCache full:https://registry.npmjs.org/@commitlint%2fis-ignored set size:undefined disposed:false
980 silly fetch manifest yargs-parser@^21.1.1
981 silly packumentCache full:https://registry.npmjs.org/yargs-parser cache-miss
982 http fetch GET 200 https://registry.npmjs.org/@commitlint%2fparse 385ms (cache miss)
983 silly packumentCache full:https://registry.npmjs.org/@commitlint%2fparse set size:undefined disposed:false
984 silly fetch manifest get-caller-file@^2.0.5
985 silly packumentCache full:https://registry.npmjs.org/get-caller-file cache-miss
986 http fetch GET 200 https://registry.npmjs.org/y18n 137ms (cache miss)
987 silly packumentCache full:https://registry.npmjs.org/y18n set size:undefined disposed:false
988 silly fetch manifest require-directory@^2.1.1
989 silly packumentCache full:https://registry.npmjs.org/require-directory cache-miss
990 http fetch GET 200 https://registry.npmjs.org/@commitlint%2ftop-level 374ms (cache miss)
991 silly packumentCache full:https://registry.npmjs.org/@commitlint%2ftop-level set size:undefined disposed:false
992 http fetch GET 200 https://registry.npmjs.org/@commitlint%2frules 412ms (cache miss)
993 silly packumentCache full:https://registry.npmjs.org/@commitlint%2frules set size:undefined disposed:false
994 http fetch GET 200 https://registry.npmjs.org/cliui 129ms (cache miss)
995 silly packumentCache full:https://registry.npmjs.org/cliui set size:undefined disposed:false
996 http fetch GET 200 https://registry.npmjs.org/@commitlint%2fconfig-validator 423ms (cache miss)
997 silly packumentCache full:https://registry.npmjs.org/@commitlint%2fconfig-validator set size:undefined disposed:false
998 http fetch GET 200 https://registry.npmjs.org/string-width 108ms (cache miss)
999 silly packumentCache full:https://registry.npmjs.org/string-width set size:undefined disposed:false
1000 http fetch GET 200 https://registry.npmjs.org/escalade 131ms (cache miss)
1001 silly packumentCache full:https://registry.npmjs.org/escalade set size:undefined disposed:false
1002 http fetch GET 200 https://registry.npmjs.org/@commitlint%2fresolve-extends 440ms (cache miss)
1003 silly packumentCache full:https://registry.npmjs.org/@commitlint%2fresolve-extends set size:undefined disposed:false
1004 http fetch GET 200 https://registry.npmjs.org/get-caller-file 122ms (cache miss)
1005 silly packumentCache full:https://registry.npmjs.org/get-caller-file set size:undefined disposed:false
1006 http fetch GET 200 https://registry.npmjs.org/require-directory 110ms (cache miss)
1007 silly packumentCache full:https://registry.npmjs.org/require-directory set size:undefined disposed:false
1008 http fetch GET 200 https://registry.npmjs.org/yargs-parser 150ms (cache miss)
1009 silly packumentCache full:https://registry.npmjs.org/yargs-parser set size:undefined disposed:false
1010 http fetch GET 200 https://registry.npmjs.org/@types%2fconventional-commits-parser 289ms (cache miss)
1011 silly packumentCache full:https://registry.npmjs.org/@types%2fconventional-commits-parser set size:undefined disposed:false
1012 silly placeDep ROOT conventional-changelog-conventionalcommits@7.0.2 OK for: @commitlint/config-conventional@20.0.0 want: ^7.0.2
1013 silly fetch manifest compare-func@^2.0.0
1014 silly packumentCache full:https://registry.npmjs.org/compare-func cache-miss
1015 http fetch GET 200 https://registry.npmjs.org/compare-func 177ms (cache miss)
1016 silly packumentCache full:https://registry.npmjs.org/compare-func set size:undefined disposed:false
1017 silly placeDep ROOT chalk@5.6.2 OK for: @commitlint/format@20.0.0 want: ^5.3.0
1018 silly placeDep ROOT @commitlint/is-ignored@20.0.0 OK for: @commitlint/lint@20.0.0 want: ^20.0.0
1019 silly placeDep ROOT @commitlint/parse@20.0.0 OK for: @commitlint/lint@20.0.0 want: ^20.0.0
1020 silly placeDep ROOT @commitlint/rules@20.0.0 OK for: @commitlint/lint@20.0.0 want: ^20.0.0
1021 silly fetch manifest semver@^7.6.0
1022 silly packumentCache full:https://registry.npmjs.org/semver cache-miss
1023 silly fetch manifest conventional-changelog-angular@^7.0.0
1024 silly packumentCache full:https://registry.npmjs.org/conventional-changelog-angular cache-miss
1025 silly fetch manifest conventional-commits-parser@^5.0.0
1026 silly packumentCache full:https://registry.npmjs.org/conventional-commits-parser cache-miss
1027 silly fetch manifest @commitlint/ensure@^20.0.0
1028 silly packumentCache full:https://registry.npmjs.org/@commitlint%2fensure cache-miss
1029 silly fetch manifest @commitlint/message@^20.0.0
1030 silly packumentCache full:https://registry.npmjs.org/@commitlint%2fmessage cache-miss
1031 silly fetch manifest @commitlint/to-lines@^20.0.0
1032 silly packumentCache full:https://registry.npmjs.org/@commitlint%2fto-lines cache-miss
1033 http fetch GET 200 https://registry.npmjs.org/semver 122ms (cache miss)
1034 silly packumentCache full:https://registry.npmjs.org/semver set size:undefined disposed:false
1035 http fetch GET 200 https://registry.npmjs.org/conventional-commits-parser 194ms (cache miss)
1036 silly packumentCache full:https://registry.npmjs.org/conventional-commits-parser set size:undefined disposed:false
1037 http fetch GET 200 https://registry.npmjs.org/conventional-changelog-angular 213ms (cache miss)
1038 silly packumentCache full:https://registry.npmjs.org/conventional-changelog-angular set size:undefined disposed:false
1039 http fetch GET 200 https://registry.npmjs.org/@commitlint%2fmessage 318ms (cache miss)
1040 silly packumentCache full:https://registry.npmjs.org/@commitlint%2fmessage set size:undefined disposed:false
1041 http fetch GET 200 https://registry.npmjs.org/@commitlint%2fensure 324ms (cache miss)
1042 silly packumentCache full:https://registry.npmjs.org/@commitlint%2fensure set size:undefined disposed:false
1043 http fetch GET 200 https://registry.npmjs.org/@commitlint%2fto-lines 361ms (cache miss)
1044 silly packumentCache full:https://registry.npmjs.org/@commitlint%2fto-lines set size:undefined disposed:false
1045 silly placeDep ROOT semver@7.7.3 OK for: @commitlint/is-ignored@20.0.0 want: ^7.6.0
1046 silly fetch manifest typescript@>=4.9.5
1047 silly packumentCache full:https://registry.npmjs.org/typescript cache-miss
1048 http fetch GET 200 https://registry.npmjs.org/typescript 29ms (cache hit)
1049 silly packumentCache full:https://registry.npmjs.org/typescript set size:14773250 disposed:false
1050 silly fetch manifest @types/node@*
1051 silly packumentCache full:https://registry.npmjs.org/@types%2fnode cache-miss
1052 http fetch GET 200 https://registry.npmjs.org/@types%2fnode 22ms (cache hit)
1053 silly packumentCache full:https://registry.npmjs.org/@types%2fnode set size:10636554 disposed:false
1054 silly placeDep ROOT @commitlint/config-validator@20.0.0 OK for: @commitlint/load@20.1.0 want: ^20.0.0
1055 silly placeDep ROOT @commitlint/execute-rule@20.0.0 OK for: @commitlint/load@20.1.0 want: ^20.0.0
1056 silly placeDep ROOT @commitlint/resolve-extends@20.1.0 OK for: @commitlint/load@20.1.0 want: ^20.1.0
1057 silly placeDep ROOT cosmiconfig@9.0.0 OK for: @commitlint/load@20.1.0 want: ^9.0.0
1058 silly placeDep ROOT cosmiconfig-typescript-loader@6.2.0 OK for: @commitlint/load@20.1.0 want: ^6.1.0
1059 silly placeDep ROOT lodash.isplainobject@4.0.6 OK for: @commitlint/load@20.1.0 want: ^4.0.6
1060 silly placeDep ROOT lodash.merge@4.6.2 OK for: @commitlint/load@20.1.0 want: ^4.6.2
1061 silly placeDep ROOT lodash.uniq@4.5.0 OK for: @commitlint/load@20.1.0 want: ^4.5.0
1062 silly fetch manifest ajv@^8.11.0
1063 silly packumentCache full:https://registry.npmjs.org/ajv cache-miss
1064 silly fetch manifest global-directory@^4.0.1
1065 silly packumentCache full:https://registry.npmjs.org/global-directory cache-miss
1066 silly fetch manifest import-meta-resolve@^4.0.0
1067 silly packumentCache full:https://registry.npmjs.org/import-meta-resolve cache-miss
1068 silly fetch manifest lodash.mergewith@^4.6.2
1069 silly packumentCache full:https://registry.npmjs.org/lodash.mergewith cache-miss
1070 silly fetch manifest resolve-from@^5.0.0
1071 silly packumentCache full:https://registry.npmjs.org/resolve-from cache-miss
1072 silly fetch manifest env-paths@^2.2.1
1073 silly packumentCache full:https://registry.npmjs.org/env-paths cache-miss
1074 silly fetch manifest import-fresh@^3.3.0
1075 silly packumentCache full:https://registry.npmjs.org/import-fresh cache-miss
1076 silly fetch manifest parse-json@^5.2.0
1077 silly packumentCache full:https://registry.npmjs.org/parse-json cache-miss
1078 silly fetch manifest jiti@^2.6.1
1079 silly packumentCache full:https://registry.npmjs.org/jiti cache-hit
1080 http fetch GET 200 https://registry.npmjs.org/ajv 11ms (cache hit)
1081 silly packumentCache full:https://registry.npmjs.org/ajv set size:1126055 disposed:false
1082 http fetch GET 200 https://registry.npmjs.org/import-fresh 18ms (cache hit)
1083 silly packumentCache full:https://registry.npmjs.org/import-fresh set size:21461 disposed:false
1084 http fetch GET 200 https://registry.npmjs.org/global-directory 116ms (cache miss)
1085 silly packumentCache full:https://registry.npmjs.org/global-directory set size:undefined disposed:false
1086 http fetch GET 200 https://registry.npmjs.org/env-paths 134ms (cache miss)
1087 silly packumentCache full:https://registry.npmjs.org/env-paths set size:undefined disposed:false
1088 http fetch GET 200 https://registry.npmjs.org/resolve-from 206ms (cache miss)
1089 silly packumentCache full:https://registry.npmjs.org/resolve-from set size:undefined disposed:false
1090 http fetch GET 200 https://registry.npmjs.org/lodash.mergewith 267ms (cache miss)
1091 silly packumentCache full:https://registry.npmjs.org/lodash.mergewith set size:undefined disposed:false
1092 http fetch GET 200 https://registry.npmjs.org/parse-json 305ms (cache miss)
1093 silly packumentCache full:https://registry.npmjs.org/parse-json set size:undefined disposed:false
1094 http fetch GET 200 https://registry.npmjs.org/import-meta-resolve 735ms (cache miss)
1095 silly packumentCache full:https://registry.npmjs.org/import-meta-resolve set size:undefined disposed:false
1096 silly placeDep ROOT ajv@8.17.1 OK for: @commitlint/config-validator@20.0.0 want: ^8.11.0
1097 silly fetch manifest fast-uri@^3.0.1
1098 silly packumentCache full:https://registry.npmjs.org/fast-uri cache-miss
1099 silly fetch manifest require-from-string@^2.0.2
1100 silly packumentCache full:https://registry.npmjs.org/require-from-string cache-miss
1101 silly fetch manifest json-schema-traverse@^1.0.0
1102 silly packumentCache full:https://registry.npmjs.org/json-schema-traverse cache-miss
1103 http fetch GET 200 https://registry.npmjs.org/json-schema-traverse 113ms (cache miss)
1104 silly packumentCache full:https://registry.npmjs.org/json-schema-traverse set size:undefined disposed:false
1105 http fetch GET 200 https://registry.npmjs.org/fast-uri 119ms (cache miss)
1106 silly packumentCache full:https://registry.npmjs.org/fast-uri set size:undefined disposed:false
1107 http fetch GET 200 https://registry.npmjs.org/require-from-string 159ms (cache miss)
1108 silly packumentCache full:https://registry.npmjs.org/require-from-string set size:undefined disposed:false
1109 silly placeDep ROOT conventional-changelog-angular@7.0.0 OK for: @commitlint/parse@20.0.0 want: ^7.0.0
1110 silly placeDep ROOT conventional-commits-parser@5.0.0 OK for: @commitlint/parse@20.0.0 want: ^5.0.0
1111 silly fetch manifest meow@^12.0.1
1112 silly packumentCache full:https://registry.npmjs.org/meow cache-miss
1113 silly fetch manifest split2@^4.0.0
1114 silly packumentCache full:https://registry.npmjs.org/split2 cache-miss
1115 silly fetch manifest JSONStream@^1.3.5
1116 silly packumentCache full:https://registry.npmjs.org/JSONStream cache-miss
1117 silly fetch manifest is-text-path@^2.0.0
1118 silly packumentCache full:https://registry.npmjs.org/is-text-path cache-miss
1119 http fetch GET 200 https://registry.npmjs.org/meow 177ms (cache miss)
1120 silly packumentCache full:https://registry.npmjs.org/meow set size:undefined disposed:false
1121 http fetch GET 200 https://registry.npmjs.org/is-text-path 196ms (cache miss)
1122 silly packumentCache full:https://registry.npmjs.org/is-text-path set size:undefined disposed:false
1123 http fetch GET 200 https://registry.npmjs.org/split2 201ms (cache miss)
1124 silly packumentCache full:https://registry.npmjs.org/split2 set size:undefined disposed:false
1125 http fetch GET 200 https://registry.npmjs.org/JSONStream 285ms (cache miss)
1126 silly packumentCache full:https://registry.npmjs.org/JSONStream set size:undefined disposed:false
1127 silly placeDep ROOT @commitlint/top-level@20.0.0 OK for: @commitlint/read@20.0.0 want: ^20.0.0
1128 silly placeDep ROOT git-raw-commits@4.0.0 OK for: @commitlint/read@20.0.0 want: ^4.0.0
1129 silly placeDep ROOT minimist@1.2.8 OK for: @commitlint/read@20.0.0 want: ^1.2.8
1130 silly fetch manifest find-up@^7.0.0
1131 silly packumentCache full:https://registry.npmjs.org/find-up cache-miss
1132 silly fetch manifest dargs@^8.0.0
1133 silly packumentCache full:https://registry.npmjs.org/dargs cache-miss
1134 http fetch GET 200 https://registry.npmjs.org/find-up 4ms (cache hit)
1135 silly packumentCache full:https://registry.npmjs.org/find-up set size:42620 disposed:false
1136 http fetch GET 200 https://registry.npmjs.org/dargs 196ms (cache miss)
1137 silly packumentCache full:https://registry.npmjs.org/dargs set size:undefined disposed:false
1138 silly placeDep ROOT global-directory@4.0.1 OK for: @commitlint/resolve-extends@20.1.0 want: ^4.0.1
1139 silly placeDep ROOT import-meta-resolve@4.2.0 OK for: @commitlint/resolve-extends@20.1.0 want: ^4.0.0
1140 silly placeDep ROOT lodash.mergewith@4.6.2 OK for: @commitlint/resolve-extends@20.1.0 want: ^4.6.2
1141 silly placeDep ROOT resolve-from@5.0.0 OK for: @commitlint/resolve-extends@20.1.0 want: ^5.0.0
1142 silly fetch manifest ini@4.1.1
1143 silly packumentCache full:https://registry.npmjs.org/ini cache-miss
1144 http fetch GET 200 https://registry.npmjs.org/ini 124ms (cache miss)
1145 silly packumentCache full:https://registry.npmjs.org/ini set size:undefined disposed:false
1146 silly placeDep ROOT @commitlint/ensure@20.0.0 OK for: @commitlint/rules@20.0.0 want: ^20.0.0
1147 silly placeDep ROOT @commitlint/message@20.0.0 OK for: @commitlint/rules@20.0.0 want: ^20.0.0
1148 silly placeDep ROOT @commitlint/to-lines@20.0.0 OK for: @commitlint/rules@20.0.0 want: ^20.0.0
1149 silly fetch manifest lodash.camelcase@^4.3.0
1150 silly packumentCache full:https://registry.npmjs.org/lodash.camelcase cache-miss
1151 silly fetch manifest lodash.kebabcase@^4.1.1
1152 silly packumentCache full:https://registry.npmjs.org/lodash.kebabcase cache-miss
1153 silly fetch manifest lodash.snakecase@^4.1.1
1154 silly packumentCache full:https://registry.npmjs.org/lodash.snakecase cache-miss
1155 silly fetch manifest lodash.startcase@^4.4.0
1156 silly packumentCache full:https://registry.npmjs.org/lodash.startcase cache-miss
1157 silly fetch manifest lodash.upperfirst@^4.3.1
1158 silly packumentCache full:https://registry.npmjs.org/lodash.upperfirst cache-miss
1159 http fetch GET 200 https://registry.npmjs.org/lodash.kebabcase 165ms (cache miss)
1160 silly packumentCache full:https://registry.npmjs.org/lodash.kebabcase set size:undefined disposed:false
1161 http fetch GET 200 https://registry.npmjs.org/lodash.camelcase 167ms (cache miss)
1162 silly packumentCache full:https://registry.npmjs.org/lodash.camelcase set size:undefined disposed:false
1163 http fetch GET 200 https://registry.npmjs.org/lodash.startcase 186ms (cache miss)
1164 silly packumentCache full:https://registry.npmjs.org/lodash.startcase set size:undefined disposed:false
1165 http fetch GET 200 https://registry.npmjs.org/lodash.snakecase 205ms (cache miss)
1166 silly packumentCache full:https://registry.npmjs.org/lodash.snakecase set size:undefined disposed:false
1167 http fetch GET 200 https://registry.npmjs.org/lodash.upperfirst 286ms (cache miss)
1168 silly packumentCache full:https://registry.npmjs.org/lodash.upperfirst set size:undefined disposed:false
1169 silly placeDep ROOT lodash.camelcase@4.3.0 OK for: @commitlint/ensure@20.0.0 want: ^4.3.0
1170 silly placeDep ROOT lodash.kebabcase@4.1.1 OK for: @commitlint/ensure@20.0.0 want: ^4.1.1
1171 silly placeDep ROOT lodash.snakecase@4.1.1 OK for: @commitlint/ensure@20.0.0 want: ^4.1.1
1172 silly placeDep ROOT lodash.startcase@4.4.0 OK for: @commitlint/ensure@20.0.0 want: ^4.4.0
1173 silly placeDep ROOT lodash.upperfirst@4.3.1 OK for: @commitlint/ensure@20.0.0 want: ^4.3.1
1174 silly placeDep ROOT find-up@7.0.0 OK for: @commitlint/top-level@20.0.0 want: ^7.0.0
1175 silly fetch manifest locate-path@^7.2.0
1176 silly packumentCache full:https://registry.npmjs.org/locate-path cache-miss
1177 silly fetch manifest path-exists@^5.0.0
1178 silly packumentCache full:https://registry.npmjs.org/path-exists cache-miss
1179 silly fetch manifest unicorn-magic@^0.1.0
1180 silly packumentCache full:https://registry.npmjs.org/unicorn-magic cache-miss
1181 http fetch GET 200 https://registry.npmjs.org/unicorn-magic 121ms (cache miss)
1182 silly packumentCache full:https://registry.npmjs.org/unicorn-magic set size:undefined disposed:false
1183 http fetch GET 200 https://registry.npmjs.org/locate-path 203ms (cache miss)
1184 silly packumentCache full:https://registry.npmjs.org/locate-path set size:undefined disposed:false
1185 http fetch GET 200 https://registry.npmjs.org/path-exists 212ms (cache miss)
1186 silly packumentCache full:https://registry.npmjs.org/path-exists set size:undefined disposed:false
1187 silly placeDep ROOT @types/conventional-commits-parser@5.0.1 OK for: @commitlint/types@20.0.0 want: ^5.0.0
1188 silly placeDep node_modules/@eslint/eslintrc ajv@6.12.6 OK for: @eslint/eslintrc@3.3.1 want: ^6.12.4
1189 silly placeDep ROOT debug@4.4.3 OK for: @eslint/eslintrc@3.3.1 want: ^4.3.2
1190 silly placeDep ROOT espree@10.4.0 OK for: @eslint/eslintrc@3.3.1 want: ^10.0.1
1191 silly placeDep ROOT globals@14.0.0 OK for: @eslint/eslintrc@3.3.1 want: ^14.0.0
1192 silly placeDep ROOT ignore@5.3.2 OK for: @eslint/eslintrc@3.3.1 want: ^5.2.0
1193 silly placeDep ROOT import-fresh@3.3.1 OK for: @eslint/eslintrc@3.3.1 want: ^3.2.1
1194 silly placeDep ROOT js-yaml@4.1.0 OK for: @eslint/eslintrc@3.3.1 want: ^4.1.0
1195 silly placeDep ROOT minimatch@3.1.2 OK for: @eslint/eslintrc@3.3.1 want: ^3.1.2
1196 silly placeDep ROOT strip-json-comments@3.1.1 OK for: @eslint/eslintrc@3.3.1 want: ^3.1.1
1197 silly fetch manifest uri-js@^4.2.2
1198 silly packumentCache full:https://registry.npmjs.org/uri-js cache-miss
1199 silly fetch manifest fast-deep-equal@^3.1.1
1200 silly packumentCache full:https://registry.npmjs.org/fast-deep-equal cache-miss
1201 silly fetch manifest json-schema-traverse@^0.4.1
1202 silly packumentCache full:https://registry.npmjs.org/json-schema-traverse cache-miss
1203 silly fetch manifest fast-json-stable-stringify@^2.0.0
1204 silly packumentCache full:https://registry.npmjs.org/fast-json-stable-stringify cache-miss
1205 silly fetch manifest ms@^2.1.3
1206 silly packumentCache full:https://registry.npmjs.org/ms cache-miss
1207 silly fetch manifest acorn@^8.15.0
1208 silly packumentCache full:https://registry.npmjs.org/acorn cache-miss
1209 silly fetch manifest acorn-jsx@^5.3.2
1210 silly packumentCache full:https://registry.npmjs.org/acorn-jsx cache-miss
1211 silly fetch manifest parent-module@^1.0.0
1212 silly packumentCache full:https://registry.npmjs.org/parent-module cache-miss
1213 silly fetch manifest resolve-from@^4.0.0
1214 silly packumentCache full:https://registry.npmjs.org/resolve-from cache-miss
1215 silly fetch manifest argparse@^2.0.1
1216 silly packumentCache full:https://registry.npmjs.org/argparse cache-miss
1217 silly fetch manifest brace-expansion@^1.1.7
1218 silly packumentCache full:https://registry.npmjs.org/brace-expansion cache-miss
1219 http fetch GET 200 https://registry.npmjs.org/fast-deep-equal 11ms (cache hit)
1220 silly packumentCache full:https://registry.npmjs.org/fast-deep-equal set size:48634 disposed:false
1221 http fetch GET 200 https://registry.npmjs.org/json-schema-traverse 11ms (cache hit)
1222 silly packumentCache full:https://registry.npmjs.org/json-schema-traverse set size:23537 disposed:false
1223 http fetch GET 200 https://registry.npmjs.org/resolve-from 11ms (cache hit)
1224 silly packumentCache full:https://registry.npmjs.org/resolve-from set size:12911 disposed:false
1225 http fetch GET 200 https://registry.npmjs.org/ms 106ms (cache miss)
1226 silly packumentCache full:https://registry.npmjs.org/ms set size:undefined disposed:false
1227 http fetch GET 200 https://registry.npmjs.org/fast-json-stable-stringify 127ms (cache miss)
1228 silly packumentCache full:https://registry.npmjs.org/fast-json-stable-stringify set size:undefined disposed:false
1229 http fetch GET 200 https://registry.npmjs.org/uri-js 163ms (cache miss)
1230 silly packumentCache full:https://registry.npmjs.org/uri-js set size:undefined disposed:false
1231 http fetch GET 200 https://registry.npmjs.org/acorn 202ms (cache miss)
1232 silly packumentCache full:https://registry.npmjs.org/acorn set size:undefined disposed:false
1233 http fetch GET 200 https://registry.npmjs.org/brace-expansion 217ms (cache miss)
1234 silly packumentCache full:https://registry.npmjs.org/brace-expansion set size:undefined disposed:false
1235 http fetch GET 200 https://registry.npmjs.org/argparse 220ms (cache miss)
1236 silly packumentCache full:https://registry.npmjs.org/argparse set size:undefined disposed:false
1237 http fetch GET 200 https://registry.npmjs.org/acorn-jsx 249ms (cache miss)
1238 silly packumentCache full:https://registry.npmjs.org/acorn-jsx set size:undefined disposed:false
1239 http fetch GET 200 https://registry.npmjs.org/parent-module 777ms (cache miss)
1240 silly packumentCache full:https://registry.npmjs.org/parent-module set size:undefined disposed:false
1241 silly placeDep ROOT @alloc/quick-lru@5.2.0 OK for: @tailwindcss/postcss@4.1.14 want: ^5.2.0
1242 silly placeDep ROOT @tailwindcss/node@4.1.14 OK for: @tailwindcss/postcss@4.1.14 want: 4.1.14
1243 silly placeDep ROOT @tailwindcss/oxide@4.1.14 OK for: @tailwindcss/postcss@4.1.14 want: 4.1.14
1244 silly placeDep ROOT postcss@8.5.6 OK for: @tailwindcss/postcss@4.1.14 want: ^8.4.41
1245 silly fetch manifest jiti@^2.6.0
1246 silly packumentCache full:https://registry.npmjs.org/jiti cache-hit
1247 silly fetch manifest lightningcss@1.30.1
1248 silly packumentCache full:https://registry.npmjs.org/lightningcss cache-miss
1249 silly fetch manifest magic-string@^0.30.19
1250 silly packumentCache full:https://registry.npmjs.org/magic-string cache-miss
1251 silly fetch manifest source-map-js@^1.2.1
1252 silly packumentCache full:https://registry.npmjs.org/source-map-js cache-miss
1253 silly fetch manifest enhanced-resolve@^5.18.3
1254 silly packumentCache full:https://registry.npmjs.org/enhanced-resolve cache-miss
1255 silly fetch manifest @jridgewell/remapping@^2.3.4
1256 silly packumentCache full:https://registry.npmjs.org/@jridgewell%2fremapping cache-miss
1257 silly fetch manifest tar@^7.5.1
1258 silly packumentCache full:https://registry.npmjs.org/tar cache-miss
1259 silly fetch manifest detect-libc@^2.0.4
1260 silly packumentCache full:https://registry.npmjs.org/detect-libc cache-miss
1261 silly fetch manifest @tailwindcss/oxide-darwin-x64@4.1.14
1262 silly packumentCache full:https://registry.npmjs.org/@tailwindcss%2foxide-darwin-x64 cache-miss
1263 silly fetch manifest @tailwindcss/oxide-freebsd-x64@4.1.14
1264 silly packumentCache full:https://registry.npmjs.org/@tailwindcss%2foxide-freebsd-x64 cache-miss
1265 silly fetch manifest @tailwindcss/oxide-wasm32-wasi@4.1.14
1266 silly packumentCache full:https://registry.npmjs.org/@tailwindcss%2foxide-wasm32-wasi cache-miss
1267 silly fetch manifest @tailwindcss/oxide-darwin-arm64@4.1.14
1268 silly packumentCache full:https://registry.npmjs.org/@tailwindcss%2foxide-darwin-arm64 cache-miss
1269 http fetch GET 200 https://registry.npmjs.org/lightningcss 11ms (cache hit)
1270 silly packumentCache full:https://registry.npmjs.org/lightningcss set size:173815 disposed:false
1271 silly fetch manifest @tailwindcss/oxide-android-arm64@4.1.14
1272 silly packumentCache full:https://registry.npmjs.org/@tailwindcss%2foxide-android-arm64 cache-miss
1273 http fetch GET 200 https://registry.npmjs.org/magic-string 13ms (cache hit)
1274 silly packumentCache full:https://registry.npmjs.org/magic-string set size:328579 disposed:false
1275 silly fetch manifest @tailwindcss/oxide-linux-x64-gnu@4.1.14
1276 silly packumentCache full:https://registry.npmjs.org/@tailwindcss%2foxide-linux-x64-gnu cache-miss
1277 http fetch GET 200 https://registry.npmjs.org/enhanced-resolve 99ms (cache miss)
1278 silly packumentCache full:https://registry.npmjs.org/enhanced-resolve set size:undefined disposed:false
1279 silly fetch manifest @tailwindcss/oxide-linux-x64-musl@4.1.14
1280 silly packumentCache full:https://registry.npmjs.org/@tailwindcss%2foxide-linux-x64-musl cache-miss
1281 http fetch GET 200 https://registry.npmjs.org/source-map-js 114ms (cache miss)
1282 silly packumentCache full:https://registry.npmjs.org/source-map-js set size:undefined disposed:false
1283 silly fetch manifest @tailwindcss/oxide-win32-x64-msvc@4.1.14
1284 silly packumentCache full:https://registry.npmjs.org/@tailwindcss%2foxide-win32-x64-msvc cache-miss
1285 http fetch GET 200 https://registry.npmjs.org/detect-libc 133ms (cache miss)
1286 silly packumentCache full:https://registry.npmjs.org/detect-libc set size:undefined disposed:false
1287 silly fetch manifest @tailwindcss/oxide-linux-arm64-gnu@4.1.14
1288 silly packumentCache full:https://registry.npmjs.org/@tailwindcss%2foxide-linux-arm64-gnu cache-miss
1289 http fetch GET 200 https://registry.npmjs.org/tar 135ms (cache miss)
1290 silly packumentCache full:https://registry.npmjs.org/tar set size:undefined disposed:false
1291 silly fetch manifest @tailwindcss/oxide-linux-arm64-musl@4.1.14
1292 silly packumentCache full:https://registry.npmjs.org/@tailwindcss%2foxide-linux-arm64-musl cache-miss
1293 http fetch GET 200 https://registry.npmjs.org/@jridgewell%2fremapping 264ms (cache miss)
1294 silly packumentCache full:https://registry.npmjs.org/@jridgewell%2fremapping set size:undefined disposed:false
1295 silly fetch manifest @tailwindcss/oxide-win32-arm64-msvc@4.1.14
1296 silly packumentCache full:https://registry.npmjs.org/@tailwindcss%2foxide-win32-arm64-msvc cache-miss
1297 http fetch GET 200 https://registry.npmjs.org/@tailwindcss%2foxide-linux-arm64-musl 260ms (cache miss)
1298 silly packumentCache full:https://registry.npmjs.org/@tailwindcss%2foxide-linux-arm64-musl set size:undefined disposed:false
1299 silly fetch manifest @tailwindcss/oxide-linux-arm-gnueabihf@4.1.14
1300 silly packumentCache full:https://registry.npmjs.org/@tailwindcss%2foxide-linux-arm-gnueabihf cache-miss
1301 http fetch GET 200 https://registry.npmjs.org/@tailwindcss%2foxide-android-arm64 497ms (cache miss)
1302 silly packumentCache full:https://registry.npmjs.org/@tailwindcss%2foxide-android-arm64 set size:undefined disposed:false
1303 silly fetch manifest nanoid@^3.3.11
1304 silly packumentCache full:https://registry.npmjs.org/nanoid cache-miss
1305 http fetch GET 200 https://registry.npmjs.org/@tailwindcss%2foxide-wasm32-wasi 523ms (cache miss)
1306 silly packumentCache full:https://registry.npmjs.org/@tailwindcss%2foxide-wasm32-wasi set size:undefined disposed:false
1307 http fetch GET 200 https://registry.npmjs.org/@tailwindcss%2foxide-linux-x64-musl 524ms (cache miss)
1308 silly packumentCache full:https://registry.npmjs.org/@tailwindcss%2foxide-linux-x64-musl set size:undefined disposed:false
1309 http fetch GET 200 https://registry.npmjs.org/@tailwindcss%2foxide-darwin-x64 776ms (cache miss)
1310 silly packumentCache full:https://registry.npmjs.org/@tailwindcss%2foxide-darwin-x64 set size:undefined disposed:false
1311 http fetch GET 200 https://registry.npmjs.org/@tailwindcss%2foxide-linux-arm-gnueabihf 533ms (cache miss)
1312 silly packumentCache full:https://registry.npmjs.org/@tailwindcss%2foxide-linux-arm-gnueabihf set size:undefined disposed:false
1313 http fetch GET 200 https://registry.npmjs.org/nanoid 457ms (cache miss)
1314 silly packumentCache full:https://registry.npmjs.org/nanoid set size:undefined disposed:false
1315 http fetch GET 200 https://registry.npmjs.org/@tailwindcss%2foxide-linux-x64-gnu 1000ms (cache miss)
1316 silly packumentCache full:https://registry.npmjs.org/@tailwindcss%2foxide-linux-x64-gnu set size:undefined disposed:false
1317 http fetch GET 200 https://registry.npmjs.org/@tailwindcss%2foxide-win32-arm64-msvc 800ms (cache miss)
1318 silly packumentCache full:https://registry.npmjs.org/@tailwindcss%2foxide-win32-arm64-msvc set size:undefined disposed:false
1319 http fetch GET 200 https://registry.npmjs.org/@tailwindcss%2foxide-darwin-arm64 1090ms (cache miss)
1320 silly packumentCache full:https://registry.npmjs.org/@tailwindcss%2foxide-darwin-arm64 set size:undefined disposed:false
1321 http fetch GET 200 https://registry.npmjs.org/@tailwindcss%2foxide-win32-x64-msvc 993ms (cache miss)
1322 silly packumentCache full:https://registry.npmjs.org/@tailwindcss%2foxide-win32-x64-msvc set size:undefined disposed:false
1323 http fetch GET 200 https://registry.npmjs.org/@tailwindcss%2foxide-freebsd-x64 1125ms (cache miss)
1324 silly packumentCache full:https://registry.npmjs.org/@tailwindcss%2foxide-freebsd-x64 set size:undefined disposed:false
1325 http fetch GET 200 https://registry.npmjs.org/@tailwindcss%2foxide-linux-arm64-gnu 1070ms (cache miss)
1326 silly packumentCache full:https://registry.npmjs.org/@tailwindcss%2foxide-linux-arm64-gnu set size:undefined disposed:false
1327 silly placeDep ROOT @jridgewell/remapping@2.3.5 OK for: @tailwindcss/node@4.1.14 want: ^2.3.4
1328 silly placeDep ROOT enhanced-resolve@5.18.3 OK for: @tailwindcss/node@4.1.14 want: ^5.18.3
1329 silly placeDep ROOT jiti@2.6.1 OK for: @tailwindcss/node@4.1.14 want: ^2.6.0
1330 silly placeDep ROOT lightningcss@1.30.1 OK for: @tailwindcss/node@4.1.14 want: 1.30.1
1331 silly placeDep ROOT magic-string@0.30.19 OK for: @tailwindcss/node@4.1.14 want: ^0.30.19
1332 silly placeDep ROOT source-map-js@1.2.1 OK for: @tailwindcss/node@4.1.14 want: ^1.2.1
1333 silly fetch manifest @jridgewell/gen-mapping@^0.3.5
1334 silly packumentCache full:https://registry.npmjs.org/@jridgewell%2fgen-mapping cache-miss
1335 silly fetch manifest @jridgewell/trace-mapping@^0.3.24
1336 silly packumentCache full:https://registry.npmjs.org/@jridgewell%2ftrace-mapping cache-miss
1337 silly fetch manifest graceful-fs@^4.2.4
1338 silly packumentCache full:https://registry.npmjs.org/graceful-fs cache-miss
1339 silly fetch manifest tapable@^2.2.0
1340 silly packumentCache full:https://registry.npmjs.org/tapable cache-miss
1341 silly fetch manifest detect-libc@^2.0.3
1342 silly packumentCache full:https://registry.npmjs.org/detect-libc cache-miss
1343 silly fetch manifest lightningcss-darwin-x64@1.30.1
1344 silly packumentCache full:https://registry.npmjs.org/lightningcss-darwin-x64 cache-miss
1345 silly fetch manifest lightningcss-freebsd-x64@1.30.1
1346 silly packumentCache full:https://registry.npmjs.org/lightningcss-freebsd-x64 cache-miss
1347 silly fetch manifest lightningcss-darwin-arm64@1.30.1
1348 silly packumentCache full:https://registry.npmjs.org/lightningcss-darwin-arm64 cache-miss
1349 silly fetch manifest lightningcss-linux-x64-gnu@1.30.1
1350 silly packumentCache full:https://registry.npmjs.org/lightningcss-linux-x64-gnu cache-miss
1351 silly fetch manifest lightningcss-linux-x64-musl@1.30.1
1352 silly packumentCache full:https://registry.npmjs.org/lightningcss-linux-x64-musl cache-miss
1353 silly fetch manifest lightningcss-win32-x64-msvc@1.30.1
1354 silly packumentCache full:https://registry.npmjs.org/lightningcss-win32-x64-msvc cache-miss
1355 http fetch GET 200 https://registry.npmjs.org/detect-libc 22ms (cache hit)
1356 silly packumentCache full:https://registry.npmjs.org/detect-libc set size:47861 disposed:false
1357 silly fetch manifest lightningcss-linux-arm64-gnu@1.30.1
1358 silly packumentCache full:https://registry.npmjs.org/lightningcss-linux-arm64-gnu cache-miss
1359 http fetch GET 200 https://registry.npmjs.org/tapable 305ms (cache miss)
1360 silly packumentCache full:https://registry.npmjs.org/tapable set size:undefined disposed:false
1361 silly fetch manifest lightningcss-linux-arm64-musl@1.30.1
1362 silly packumentCache full:https://registry.npmjs.org/lightningcss-linux-arm64-musl cache-miss
1363 http fetch GET 200 https://registry.npmjs.org/@jridgewell%2ftrace-mapping 325ms (cache miss)
1364 silly packumentCache full:https://registry.npmjs.org/@jridgewell%2ftrace-mapping set size:undefined disposed:false
1365 silly fetch manifest lightningcss-win32-arm64-msvc@1.30.1
1366 silly packumentCache full:https://registry.npmjs.org/lightningcss-win32-arm64-msvc cache-miss
1367 http fetch GET 200 https://registry.npmjs.org/lightningcss-freebsd-x64 330ms (cache miss)
1368 silly packumentCache full:https://registry.npmjs.org/lightningcss-freebsd-x64 set size:undefined disposed:false
1369 silly fetch manifest lightningcss-linux-arm-gnueabihf@1.30.1
1370 silly packumentCache full:https://registry.npmjs.org/lightningcss-linux-arm-gnueabihf cache-miss
1371 http fetch GET 200 https://registry.npmjs.org/lightningcss-linux-arm64-gnu 310ms (cache miss)
1372 silly packumentCache full:https://registry.npmjs.org/lightningcss-linux-arm64-gnu set size:undefined disposed:false
1373 silly fetch manifest @jridgewell/sourcemap-codec@^1.5.5
1374 silly packumentCache full:https://registry.npmjs.org/@jridgewell%2fsourcemap-codec cache-miss
1375 http fetch GET 200 https://registry.npmjs.org/lightningcss-darwin-x64 339ms (cache miss)
1376 silly packumentCache full:https://registry.npmjs.org/lightningcss-darwin-x64 set size:undefined disposed:false
1377 http fetch GET 200 https://registry.npmjs.org/lightningcss-linux-x64-gnu 332ms (cache miss)
1378 silly packumentCache full:https://registry.npmjs.org/lightningcss-linux-x64-gnu set size:undefined disposed:false
1379 http fetch GET 200 https://registry.npmjs.org/lightningcss-linux-x64-musl 332ms (cache miss)
1380 silly packumentCache full:https://registry.npmjs.org/lightningcss-linux-x64-musl set size:undefined disposed:false
1381 http fetch GET 200 https://registry.npmjs.org/graceful-fs 347ms (cache miss)
1382 silly packumentCache full:https://registry.npmjs.org/graceful-fs set size:undefined disposed:false
1383 http fetch GET 200 https://registry.npmjs.org/lightningcss-darwin-arm64 356ms (cache miss)
1384 silly packumentCache full:https://registry.npmjs.org/lightningcss-darwin-arm64 set size:undefined disposed:false
1385 http fetch GET 200 https://registry.npmjs.org/lightningcss-win32-x64-msvc 349ms (cache miss)
1386 silly packumentCache full:https://registry.npmjs.org/lightningcss-win32-x64-msvc set size:undefined disposed:false
1387 http fetch GET 200 https://registry.npmjs.org/@jridgewell%2fgen-mapping 365ms (cache miss)
1388 silly packumentCache full:https://registry.npmjs.org/@jridgewell%2fgen-mapping set size:undefined disposed:false
1389 http fetch GET 200 https://registry.npmjs.org/lightningcss-linux-arm64-musl 116ms (cache miss)
1390 silly packumentCache full:https://registry.npmjs.org/lightningcss-linux-arm64-musl set size:undefined disposed:false
1391 http fetch GET 200 https://registry.npmjs.org/lightningcss-win32-arm64-msvc 102ms (cache miss)
1392 silly packumentCache full:https://registry.npmjs.org/lightningcss-win32-arm64-msvc set size:undefined disposed:false
1393 http fetch GET 200 https://registry.npmjs.org/lightningcss-linux-arm-gnueabihf 131ms (cache miss)
1394 silly packumentCache full:https://registry.npmjs.org/lightningcss-linux-arm-gnueabihf set size:undefined disposed:false
1395 http fetch GET 200 https://registry.npmjs.org/@jridgewell%2fsourcemap-codec 150ms (cache miss)
1396 silly packumentCache full:https://registry.npmjs.org/@jridgewell%2fsourcemap-codec set size:undefined disposed:false
1397 silly placeDep ROOT @jridgewell/gen-mapping@0.3.13 OK for: @jridgewell/remapping@2.3.5 want: ^0.3.5
1398 silly placeDep ROOT @jridgewell/trace-mapping@0.3.31 OK for: @jridgewell/remapping@2.3.5 want: ^0.3.24
1399 silly fetch manifest @jridgewell/sourcemap-codec@^1.5.0
1400 silly packumentCache full:https://registry.npmjs.org/@jridgewell%2fsourcemap-codec cache-miss
1401 silly fetch manifest @jridgewell/resolve-uri@^3.1.0
1402 silly packumentCache full:https://registry.npmjs.org/@jridgewell%2fresolve-uri cache-miss
1403 silly fetch manifest @jridgewell/sourcemap-codec@^1.4.14
1404 silly packumentCache full:https://registry.npmjs.org/@jridgewell%2fsourcemap-codec cache-miss
1405 http fetch GET 200 https://registry.npmjs.org/@jridgewell%2fsourcemap-codec 9ms (cache hit)
1406 silly packumentCache full:https://registry.npmjs.org/@jridgewell%2fsourcemap-codec set size:59275 disposed:false
1407 http fetch GET 200 https://registry.npmjs.org/@jridgewell%2fsourcemap-codec 11ms (cache hit)
1408 silly packumentCache full:https://registry.npmjs.org/@jridgewell%2fsourcemap-codec set size:59275 disposed:false
1409 silly packumentCache full:https://registry.npmjs.org/@jridgewell%2fsourcemap-codec dispose
1410 http fetch GET 200 https://registry.npmjs.org/@jridgewell%2fresolve-uri 195ms (cache miss)
1411 silly packumentCache full:https://registry.npmjs.org/@jridgewell%2fresolve-uri set size:undefined disposed:false
1412 silly placeDep ROOT @jridgewell/sourcemap-codec@1.5.5 OK for: @jridgewell/gen-mapping@0.3.13 want: ^1.5.0
1413 silly placeDep ROOT @jridgewell/resolve-uri@3.1.2 OK for: @jridgewell/trace-mapping@0.3.31 want: ^3.1.0
1414 silly placeDep ROOT @tailwindcss/oxide-android-arm64@4.1.14 OK for: @tailwindcss/oxide@4.1.14 want: 4.1.14
1415 silly placeDep ROOT @tailwindcss/oxide-darwin-arm64@4.1.14 OK for: @tailwindcss/oxide@4.1.14 want: 4.1.14
1416 silly placeDep ROOT @tailwindcss/oxide-darwin-x64@4.1.14 OK for: @tailwindcss/oxide@4.1.14 want: 4.1.14
1417 silly placeDep ROOT @tailwindcss/oxide-freebsd-x64@4.1.14 OK for: @tailwindcss/oxide@4.1.14 want: 4.1.14
1418 silly placeDep ROOT @tailwindcss/oxide-linux-arm-gnueabihf@4.1.14 OK for: @tailwindcss/oxide@4.1.14 want: 4.1.14
1419 silly placeDep ROOT @tailwindcss/oxide-linux-arm64-gnu@4.1.14 OK for: @tailwindcss/oxide@4.1.14 want: 4.1.14
1420 silly placeDep ROOT @tailwindcss/oxide-linux-arm64-musl@4.1.14 OK for: @tailwindcss/oxide@4.1.14 want: 4.1.14
1421 silly placeDep ROOT @tailwindcss/oxide-linux-x64-gnu@4.1.14 OK for: @tailwindcss/oxide@4.1.14 want: 4.1.14
1422 silly placeDep ROOT @tailwindcss/oxide-linux-x64-musl@4.1.14 OK for: @tailwindcss/oxide@4.1.14 want: 4.1.14
1423 silly placeDep ROOT @tailwindcss/oxide-wasm32-wasi@4.1.14 OK for: @tailwindcss/oxide@4.1.14 want: 4.1.14
1424 silly placeDep ROOT @tailwindcss/oxide-win32-arm64-msvc@4.1.14 OK for: @tailwindcss/oxide@4.1.14 want: 4.1.14
1425 silly placeDep ROOT @tailwindcss/oxide-win32-x64-msvc@4.1.14 OK for: @tailwindcss/oxide@4.1.14 want: 4.1.14
1426 silly placeDep ROOT detect-libc@2.1.2 OK for: @tailwindcss/oxide@4.1.14 want: ^2.0.4
1427 silly placeDep ROOT tar@7.5.1 OK for: @tailwindcss/oxide@4.1.14 want: ^7.5.1
1428 silly fetch manifest @isaacs/fs-minipass@^4.0.0
1429 silly packumentCache full:https://registry.npmjs.org/@isaacs%2ffs-minipass cache-miss
1430 silly fetch manifest chownr@^3.0.0
1431 silly packumentCache full:https://registry.npmjs.org/chownr cache-miss
1432 silly fetch manifest minipass@^7.1.2
1433 silly packumentCache full:https://registry.npmjs.org/minipass cache-miss
1434 silly fetch manifest minizlib@^3.1.0
1435 silly packumentCache full:https://registry.npmjs.org/minizlib cache-miss
1436 silly fetch manifest yallist@^5.0.0
1437 silly packumentCache full:https://registry.npmjs.org/yallist cache-miss
1438 http fetch GET 200 https://registry.npmjs.org/chownr 114ms (cache miss)
1439 silly packumentCache full:https://registry.npmjs.org/chownr set size:undefined disposed:false
1440 http fetch GET 200 https://registry.npmjs.org/minizlib 128ms (cache miss)
1441 silly packumentCache full:https://registry.npmjs.org/minizlib set size:undefined disposed:false
1442 http fetch GET 200 https://registry.npmjs.org/@isaacs%2ffs-minipass 269ms (cache miss)
1443 silly packumentCache full:https://registry.npmjs.org/@isaacs%2ffs-minipass set size:undefined disposed:false
1444 http fetch GET 200 https://registry.npmjs.org/minipass 313ms (cache miss)
1445 silly packumentCache full:https://registry.npmjs.org/minipass set size:undefined disposed:false
1446 http fetch GET 200 https://registry.npmjs.org/yallist 529ms (cache miss)
1447 silly packumentCache full:https://registry.npmjs.org/yallist set size:undefined disposed:false
1448 silly placeDep ROOT @tanstack/query-core@5.90.2 OK for: @tanstack/react-query@5.90.2 want: 5.90.2
1449 silly placeDep ROOT @babel/code-frame@7.27.1 OK for: @testing-library/dom@10.4.1 want: ^7.10.4
1450 silly placeDep ROOT @babel/runtime@7.28.4 OK for: @testing-library/dom@10.4.1 want: ^7.12.5
1451 silly placeDep ROOT @types/aria-query@5.0.4 OK for: @testing-library/dom@10.4.1 want: ^5.0.1
1452 silly placeDep ROOT aria-query@5.3.0 OK for: @testing-library/dom@10.4.1 want: 5.3.0
1453 silly placeDep ROOT dom-accessibility-api@0.5.16 OK for: @testing-library/dom@10.4.1 want: ^0.5.9
1454 silly placeDep ROOT lz-string@1.5.0 OK for: @testing-library/dom@10.4.1 want: ^1.5.0
1455 silly placeDep ROOT picocolors@1.1.1 OK for: @testing-library/dom@10.4.1 want: 1.1.1
1456 silly placeDep ROOT pretty-format@27.5.1 OK for: @testing-library/dom@10.4.1 want: ^27.0.2
1457 silly fetch manifest js-tokens@^4.0.0
1458 silly packumentCache full:https://registry.npmjs.org/js-tokens cache-miss
1459 silly fetch manifest @babel/helper-validator-identifier@^7.27.1
1460 silly packumentCache full:https://registry.npmjs.org/@babel%2fhelper-validator-identifier cache-miss
1461 silly fetch manifest dequal@^2.0.3
1462 silly packumentCache full:https://registry.npmjs.org/dequal cache-miss
1463 silly fetch manifest react-is@^17.0.1
1464 silly packumentCache full:https://registry.npmjs.org/react-is cache-miss
1465 silly fetch manifest ansi-regex@^5.0.1
1466 silly packumentCache full:https://registry.npmjs.org/ansi-regex cache-miss
1467 silly fetch manifest ansi-styles@^5.0.0
1468 silly packumentCache full:https://registry.npmjs.org/ansi-styles cache-miss
1469 http fetch GET 200 https://registry.npmjs.org/dequal 114ms (cache miss)
1470 silly packumentCache full:https://registry.npmjs.org/dequal set size:undefined disposed:false
1471 http fetch GET 200 https://registry.npmjs.org/@babel%2fhelper-validator-identifier 125ms (cache miss)
1472 silly packumentCache full:https://registry.npmjs.org/@babel%2fhelper-validator-identifier set size:undefined disposed:false
1473 http fetch GET 200 https://registry.npmjs.org/ansi-regex 137ms (cache miss)
1474 silly packumentCache full:https://registry.npmjs.org/ansi-regex set size:undefined disposed:false
1475 http fetch GET 200 https://registry.npmjs.org/js-tokens 179ms (cache miss)
1476 silly packumentCache full:https://registry.npmjs.org/js-tokens set size:undefined disposed:false
1477 http fetch GET 200 https://registry.npmjs.org/ansi-styles 180ms (cache miss)
1478 silly packumentCache full:https://registry.npmjs.org/ansi-styles set size:undefined disposed:false
1479 http fetch GET 200 https://registry.npmjs.org/react-is 1049ms (cache miss)
1480 silly packumentCache full:https://registry.npmjs.org/react-is set size:undefined disposed:false
1481 silly placeDep ROOT @babel/helper-validator-identifier@7.27.1 OK for: @babel/code-frame@7.27.1 want: ^7.27.1
1482 silly placeDep ROOT js-tokens@4.0.0 OK for: @babel/code-frame@7.27.1 want: ^4.0.0
1483 silly placeDep ROOT @adobe/css-tools@4.4.4 OK for: @testing-library/jest-dom@6.9.1 want: ^4.4.0
1484 silly placeDep ROOT css.escape@1.5.1 OK for: @testing-library/jest-dom@6.9.1 want: ^1.5.1
1485 silly placeDep node_modules/@testing-library/jest-dom dom-accessibility-api@0.6.3 OK for: @testing-library/jest-dom@6.9.1 want: ^0.6.3
1486 silly placeDep ROOT redent@3.0.0 OK for: @testing-library/jest-dom@6.9.1 want: ^3.0.0
1487 silly fetch manifest indent-string@^4.0.0
1488 silly packumentCache full:https://registry.npmjs.org/indent-string cache-miss
1489 silly fetch manifest strip-indent@^3.0.0
1490 silly packumentCache full:https://registry.npmjs.org/strip-indent cache-miss
1491 http fetch GET 200 https://registry.npmjs.org/indent-string 189ms (cache miss)
1492 silly packumentCache full:https://registry.npmjs.org/indent-string set size:undefined disposed:false
1493 http fetch GET 200 https://registry.npmjs.org/strip-indent 270ms (cache miss)
1494 silly packumentCache full:https://registry.npmjs.org/strip-indent set size:undefined disposed:false
1495 silly placeDep ROOT undici-types@6.21.0 OK for: @types/node@20.19.21 want: ~6.21.0
1496 silly placeDep ROOT csstype@3.1.3 OK for: @types/react@19.2.2 want: ^3.0.2
1497 silly placeDep ROOT @babel/core@7.28.4 OK for: @vitejs/plugin-react@5.0.4 want: ^7.28.4
1498 silly placeDep ROOT @babel/plugin-transform-react-jsx-self@7.27.1 OK for: @vitejs/plugin-react@5.0.4 want: ^7.27.1
1499 silly placeDep ROOT @babel/plugin-transform-react-jsx-source@7.27.1 OK for: @vitejs/plugin-react@5.0.4 want: ^7.27.1
1500 silly placeDep ROOT @rolldown/pluginutils@1.0.0-beta.38 OK for: @vitejs/plugin-react@5.0.4 want: 1.0.0-beta.38
1501 silly placeDep ROOT @types/babel__core@7.20.5 OK for: @vitejs/plugin-react@5.0.4 want: ^7.20.5
1502 silly placeDep ROOT react-refresh@0.17.0 OK for: @vitejs/plugin-react@5.0.4 want: ^0.17.0
1503 silly fetch manifest json5@^2.2.3
1504 silly packumentCache full:https://registry.npmjs.org/json5 cache-miss
1505 silly fetch manifest semver@^6.3.1
1506 silly packumentCache full:https://registry.npmjs.org/semver cache-miss
1507 silly fetch manifest gensync@^1.0.0-beta.2
1508 silly packumentCache full:https://registry.npmjs.org/gensync cache-miss
1509 silly fetch manifest @babel/types@^7.28.4
1510 silly packumentCache full:https://registry.npmjs.org/@babel%2ftypes cache-miss
1511 silly fetch manifest @babel/parser@^7.28.4
1512 silly packumentCache full:https://registry.npmjs.org/@babel%2fparser cache-miss
1513 silly fetch manifest @babel/helpers@^7.28.4
1514 silly packumentCache full:https://registry.npmjs.org/@babel%2fhelpers cache-miss
1515 silly fetch manifest @babel/template@^7.27.2
1516 silly packumentCache full:https://registry.npmjs.org/@babel%2ftemplate cache-miss
1517 silly fetch manifest @babel/traverse@^7.28.4
1518 silly packumentCache full:https://registry.npmjs.org/@babel%2ftraverse cache-miss
1519 silly fetch manifest @babel/generator@^7.28.3
1520 silly packumentCache full:https://registry.npmjs.org/@babel%2fgenerator cache-miss
1521 silly fetch manifest convert-source-map@^2.0.0
1522 silly packumentCache full:https://registry.npmjs.org/convert-source-map cache-miss
1523 silly fetch manifest @babel/helper-module-transforms@^7.28.3
1524 silly packumentCache full:https://registry.npmjs.org/@babel%2fhelper-module-transforms cache-miss
1525 http fetch GET 200 https://registry.npmjs.org/semver 12ms (cache hit)
1526 silly packumentCache full:https://registry.npmjs.org/semver set size:226907 disposed:false
1527 silly fetch manifest @babel/helper-compilation-targets@^7.27.2
1528 silly packumentCache full:https://registry.npmjs.org/@babel%2fhelper-compilation-targets cache-miss
1529 http fetch GET 200 https://registry.npmjs.org/json5 135ms (cache miss)
1530 silly packumentCache full:https://registry.npmjs.org/json5 set size:undefined disposed:false
1531 silly fetch manifest @babel/helper-plugin-utils@^7.27.1
1532 silly packumentCache full:https://registry.npmjs.org/@babel%2fhelper-plugin-utils cache-miss
1533 http fetch GET 200 https://registry.npmjs.org/convert-source-map 137ms (cache miss)
1534 silly packumentCache full:https://registry.npmjs.org/convert-source-map set size:undefined disposed:false
1535 silly fetch manifest @babel/helper-plugin-utils@^7.27.1
1536 silly packumentCache full:https://registry.npmjs.org/@babel%2fhelper-plugin-utils cache-miss
1537 http fetch GET 200 https://registry.npmjs.org/@babel%2fhelper-module-transforms 146ms (cache miss)
1538 silly packumentCache full:https://registry.npmjs.org/@babel%2fhelper-module-transforms set size:undefined disposed:false
1539 silly fetch manifest @babel/types@^7.20.7
1540 silly packumentCache full:https://registry.npmjs.org/@babel%2ftypes cache-miss
1541 http fetch GET 200 https://registry.npmjs.org/@babel%2fparser 169ms (cache miss)
1542 silly packumentCache full:https://registry.npmjs.org/@babel%2fparser set size:undefined disposed:false
1543 silly fetch manifest @babel/parser@^7.20.7
1544 silly packumentCache full:https://registry.npmjs.org/@babel%2fparser cache-miss
1545 http fetch GET 200 https://registry.npmjs.org/@babel%2ftemplate 182ms (cache miss)
1546 silly packumentCache full:https://registry.npmjs.org/@babel%2ftemplate set size:undefined disposed:false
1547 silly fetch manifest @types/babel__template@*
1548 silly packumentCache full:https://registry.npmjs.org/@types%2fbabel__template cache-miss
1549 http fetch GET 200 https://registry.npmjs.org/@babel%2fparser 12ms (cache hit)
1550 silly packumentCache full:https://registry.npmjs.org/@babel%2fparser set size:698218 disposed:false
1551 silly fetch manifest @types/babel__traverse@*
1552 silly packumentCache full:https://registry.npmjs.org/@types%2fbabel__traverse cache-miss
1553 http fetch GET 200 https://registry.npmjs.org/@babel%2fhelpers 219ms (cache miss)
1554 silly packumentCache full:https://registry.npmjs.org/@babel%2fhelpers set size:undefined disposed:false
1555 silly fetch manifest @types/babel__generator@*
1556 silly packumentCache full:https://registry.npmjs.org/@types%2fbabel__generator cache-miss
1557 http fetch GET 200 https://registry.npmjs.org/gensync 229ms (cache miss)
1558 silly packumentCache full:https://registry.npmjs.org/gensync set size:undefined disposed:false
1559 http fetch GET 200 https://registry.npmjs.org/@babel%2fhelper-compilation-targets 241ms (cache miss)
1560 silly packumentCache full:https://registry.npmjs.org/@babel%2fhelper-compilation-targets set size:undefined disposed:false
1561 http fetch GET 200 https://registry.npmjs.org/@babel%2ftraverse 260ms (cache miss)
1562 silly packumentCache full:https://registry.npmjs.org/@babel%2ftraverse set size:undefined disposed:false
1563 http fetch GET 200 https://registry.npmjs.org/@babel%2fhelper-plugin-utils 142ms (cache miss)
1564 silly packumentCache full:https://registry.npmjs.org/@babel%2fhelper-plugin-utils set size:undefined disposed:false
1565 http fetch GET 200 https://registry.npmjs.org/@babel%2ftypes 283ms (cache miss)
1566 silly packumentCache full:https://registry.npmjs.org/@babel%2ftypes set size:undefined disposed:false
1567 http fetch GET 200 https://registry.npmjs.org/@types%2fbabel__template 118ms (cache miss)
1568 silly packumentCache full:https://registry.npmjs.org/@types%2fbabel__template set size:undefined disposed:false
1569 http fetch GET 200 https://registry.npmjs.org/@babel%2fhelper-plugin-utils 178ms (cache miss)
1570 silly packumentCache full:https://registry.npmjs.org/@babel%2fhelper-plugin-utils set size:undefined disposed:false
1571 http fetch GET 200 https://registry.npmjs.org/@babel%2ftypes 183ms (cache miss)
1572 silly packumentCache full:https://registry.npmjs.org/@babel%2ftypes set size:undefined disposed:false
1573 http fetch GET 200 https://registry.npmjs.org/@types%2fbabel__traverse 150ms (cache miss)
1574 silly packumentCache full:https://registry.npmjs.org/@types%2fbabel__traverse set size:undefined disposed:false
1575 http fetch GET 200 https://registry.npmjs.org/@babel%2fgenerator 365ms (cache miss)
1576 silly packumentCache full:https://registry.npmjs.org/@babel%2fgenerator set size:undefined disposed:false
1577 http fetch GET 200 https://registry.npmjs.org/@types%2fbabel__generator 242ms (cache miss)
1578 silly packumentCache full:https://registry.npmjs.org/@types%2fbabel__generator set size:undefined disposed:false
1579 silly fetch manifest @babel/core@^7.0.0
1580 silly packumentCache full:https://registry.npmjs.org/@babel%2fcore cache-miss
1581 http fetch GET 200 https://registry.npmjs.org/@babel%2fcore 6ms (cache hit)
1582 silly packumentCache full:https://registry.npmjs.org/@babel%2fcore set size:731531 disposed:false
1583 silly placeDep ROOT @babel/generator@7.28.3 OK for: @babel/core@7.28.4 want: ^7.28.3
1584 silly placeDep ROOT @babel/helper-compilation-targets@7.27.2 OK for: @babel/core@7.28.4 want: ^7.27.2
1585 silly placeDep ROOT @babel/helper-module-transforms@7.28.3 OK for: @babel/core@7.28.4 want: ^7.28.3
1586 silly placeDep ROOT @babel/helpers@7.28.4 OK for: @babel/core@7.28.4 want: ^7.28.4
1587 silly placeDep ROOT @babel/parser@7.28.4 OK for: @babel/core@7.28.4 want: ^7.28.4
1588 silly placeDep ROOT @babel/template@7.27.2 OK for: @babel/core@7.28.4 want: ^7.27.2
1589 silly placeDep ROOT @babel/traverse@7.28.4 OK for: @babel/core@7.28.4 want: ^7.28.4
1590 silly placeDep ROOT @babel/types@7.28.4 OK for: @babel/core@7.28.4 want: ^7.28.4
1591 silly placeDep ROOT convert-source-map@2.0.0 OK for: @babel/core@7.28.4 want: ^2.0.0
1592 silly placeDep ROOT gensync@1.0.0-beta.2 OK for: @babel/core@7.28.4 want: ^1.0.0-beta.2
1593 silly placeDep ROOT json5@2.2.3 OK for: @babel/core@7.28.4 want: ^2.2.3
1594 silly placeDep node_modules/@babel/core semver@6.3.1 OK for: @babel/core@7.28.4 want: ^6.3.1
1595 silly fetch manifest jsesc@^3.0.2
1596 silly packumentCache full:https://registry.npmjs.org/jsesc cache-miss
1597 silly fetch manifest @babel/types@^7.28.2
1598 silly packumentCache full:https://registry.npmjs.org/@babel%2ftypes cache-miss
1599 silly fetch manifest @babel/parser@^7.28.3
1600 silly packumentCache full:https://registry.npmjs.org/@babel%2fparser cache-hit
1601 silly fetch manifest lru-cache@^5.1.1
1602 silly packumentCache full:https://registry.npmjs.org/lru-cache cache-miss
1603 silly fetch manifest browserslist@^4.24.0
1604 silly packumentCache full:https://registry.npmjs.org/browserslist cache-miss
1605 silly fetch manifest @babel/compat-data@^7.27.2
1606 silly packumentCache full:https://registry.npmjs.org/@babel%2fcompat-data cache-miss
1607 silly fetch manifest @babel/helper-validator-option@^7.27.1
1608 silly packumentCache full:https://registry.npmjs.org/@babel%2fhelper-validator-option cache-miss
1609 silly fetch manifest @babel/traverse@^7.28.3
1610 silly packumentCache full:https://registry.npmjs.org/@babel%2ftraverse cache-miss
1611 silly fetch manifest @babel/helper-module-imports@^7.27.1
1612 silly packumentCache full:https://registry.npmjs.org/@babel%2fhelper-module-imports cache-miss
1613 silly fetch manifest @babel/types@^7.27.1
1614 silly packumentCache full:https://registry.npmjs.org/@babel%2ftypes cache-miss
1615 silly fetch manifest @babel/helper-globals@^7.28.0
1616 silly packumentCache full:https://registry.npmjs.org/@babel%2fhelper-globals cache-miss
1617 silly fetch manifest @babel/helper-string-parser@^7.27.1
1618 silly packumentCache full:https://registry.npmjs.org/@babel%2fhelper-string-parser cache-miss
1619 http fetch GET 200 https://registry.npmjs.org/@babel%2ftypes 13ms (cache hit)
1620 silly packumentCache full:https://registry.npmjs.org/@babel%2ftypes set size:471681 disposed:false
1621 http fetch GET 200 https://registry.npmjs.org/@babel%2ftraverse 17ms (cache hit)
1622 silly packumentCache full:https://registry.npmjs.org/@babel%2ftraverse set size:531401 disposed:false
1623 http fetch GET 200 https://registry.npmjs.org/@babel%2ftypes 21ms (cache hit)
1624 silly packumentCache full:https://registry.npmjs.org/@babel%2ftypes set size:471681 disposed:false
1625 silly packumentCache full:https://registry.npmjs.org/@babel%2ftypes dispose
1626 http fetch GET 200 https://registry.npmjs.org/@babel%2fhelper-module-imports 133ms (cache miss)
1627 silly packumentCache full:https://registry.npmjs.org/@babel%2fhelper-module-imports set size:undefined disposed:false
1628 http fetch GET 200 https://registry.npmjs.org/@babel%2fhelper-globals 133ms (cache miss)
1629 silly packumentCache full:https://registry.npmjs.org/@babel%2fhelper-globals set size:undefined disposed:false
1630 http fetch GET 200 https://registry.npmjs.org/jsesc 146ms (cache miss)
1631 silly packumentCache full:https://registry.npmjs.org/jsesc set size:undefined disposed:false
1632 http fetch GET 200 https://registry.npmjs.org/@babel%2fhelper-string-parser 146ms (cache miss)
1633 silly packumentCache full:https://registry.npmjs.org/@babel%2fhelper-string-parser set size:undefined disposed:false
1634 http fetch GET 200 https://registry.npmjs.org/@babel%2fcompat-data 154ms (cache miss)
1635 silly packumentCache full:https://registry.npmjs.org/@babel%2fcompat-data set size:undefined disposed:false
1636 http fetch GET 200 https://registry.npmjs.org/@babel%2fhelper-validator-option 163ms (cache miss)
1637 silly packumentCache full:https://registry.npmjs.org/@babel%2fhelper-validator-option set size:undefined disposed:false
1638 http fetch GET 200 https://registry.npmjs.org/browserslist 239ms (cache miss)
1639 silly packumentCache full:https://registry.npmjs.org/browserslist set size:undefined disposed:false
1640 http fetch GET 200 https://registry.npmjs.org/lru-cache 346ms (cache miss)
1641 silly packumentCache full:https://registry.npmjs.org/lru-cache set size:undefined disposed:false
1642 silly placeDep ROOT jsesc@3.1.0 OK for: @babel/generator@7.28.3 want: ^3.0.2
1643 silly placeDep ROOT @babel/compat-data@7.28.4 OK for: @babel/helper-compilation-targets@7.27.2 want: ^7.27.2
1644 silly placeDep ROOT @babel/helper-validator-option@7.27.1 OK for: @babel/helper-compilation-targets@7.27.2 want: ^7.27.1
1645 silly placeDep ROOT browserslist@4.26.3 OK for: @babel/helper-compilation-targets@7.27.2 want: ^4.24.0
1646 silly placeDep ROOT lru-cache@5.1.1 OK for: @babel/helper-compilation-targets@7.27.2 want: ^5.1.1
1647 silly placeDep node_modules/@babel/helper-compilation-targets semver@6.3.1 OK for: @babel/helper-compilation-targets@7.27.2 want: ^6.3.1
1648 silly fetch manifest baseline-browser-mapping@^2.8.9
1649 silly packumentCache full:https://registry.npmjs.org/baseline-browser-mapping cache-miss
1650 silly fetch manifest caniuse-lite@^1.0.30001746
1651 silly packumentCache full:https://registry.npmjs.org/caniuse-lite cache-miss
1652 silly fetch manifest electron-to-chromium@^1.5.227
1653 silly packumentCache full:https://registry.npmjs.org/electron-to-chromium cache-miss
1654 silly fetch manifest node-releases@^2.0.21
1655 silly packumentCache full:https://registry.npmjs.org/node-releases cache-miss
1656 silly fetch manifest update-browserslist-db@^1.1.3
1657 silly packumentCache full:https://registry.npmjs.org/update-browserslist-db cache-miss
1658 silly fetch manifest yallist@^3.0.2
1659 silly packumentCache full:https://registry.npmjs.org/yallist cache-miss
1660 http fetch GET 200 https://registry.npmjs.org/yallist 7ms (cache hit)
1661 silly packumentCache full:https://registry.npmjs.org/yallist set size:34610 disposed:false
1662 http fetch GET 200 https://registry.npmjs.org/caniuse-lite 12ms (cache hit)
1663 silly packumentCache full:https://registry.npmjs.org/caniuse-lite set size:2215990 disposed:false
1664 http fetch GET 200 https://registry.npmjs.org/update-browserslist-db 106ms (cache miss)
1665 silly packumentCache full:https://registry.npmjs.org/update-browserslist-db set size:undefined disposed:false
1666 http fetch GET 200 https://registry.npmjs.org/baseline-browser-mapping 121ms (cache miss)
1667 silly packumentCache full:https://registry.npmjs.org/baseline-browser-mapping set size:undefined disposed:false
1668 http fetch GET 200 https://registry.npmjs.org/node-releases 154ms (cache miss)
1669 silly packumentCache full:https://registry.npmjs.org/node-releases set size:undefined disposed:false
1670 http fetch GET 200 https://registry.npmjs.org/electron-to-chromium 1061ms (cache miss)
1671 silly packumentCache full:https://registry.npmjs.org/electron-to-chromium set size:undefined disposed:false
1672 silly placeDep ROOT @babel/helper-module-imports@7.27.1 OK for: @babel/helper-module-transforms@7.28.3 want: ^7.27.1
1673 silly placeDep ROOT @babel/helper-plugin-utils@7.27.1 OK for: @babel/plugin-transform-react-jsx-self@7.27.1 want: ^7.27.1
1674 silly placeDep ROOT @babel/helper-globals@7.28.0 OK for: @babel/traverse@7.28.4 want: ^7.28.0
1675 silly placeDep ROOT @babel/helper-string-parser@7.27.1 OK for: @babel/types@7.28.4 want: ^7.27.1
1676 silly placeDep ROOT @types/babel__generator@7.27.0 OK for: @types/babel__core@7.20.5 want: *
1677 silly placeDep ROOT @types/babel__template@7.4.4 OK for: @types/babel__core@7.20.5 want: *
1678 silly placeDep ROOT @types/babel__traverse@7.28.0 OK for: @types/babel__core@7.20.5 want: *
1679 silly placeDep ROOT fast-deep-equal@3.1.3 OK for: ajv@8.17.1 want: ^3.1.3
1680 silly placeDep ROOT fast-uri@3.1.0 OK for: ajv@8.17.1 want: ^3.0.1
1681 silly placeDep ROOT json-schema-traverse@1.0.0 OK for: ajv@8.17.1 want: ^1.0.0
1682 silly placeDep ROOT require-from-string@2.0.2 OK for: ajv@8.17.1 want: ^2.0.2
1683 silly placeDep ROOT dequal@2.0.3 OK for: aria-query@5.3.0 want: ^2.0.3
1684 silly fetch manifest browserslist@>= 4.21.0
1685 silly packumentCache full:https://registry.npmjs.org/browserslist cache-miss
1686 http fetch GET 200 https://registry.npmjs.org/browserslist 5ms (cache hit)
1687 silly packumentCache full:https://registry.npmjs.org/browserslist set size:496908 disposed:false
1688 silly placeDep ROOT baseline-browser-mapping@2.8.16 OK for: browserslist@4.26.3 want: ^2.8.9
1689 silly placeDep ROOT caniuse-lite@1.0.30001750 OK for: browserslist@4.26.3 want: ^1.0.30001746
1690 silly placeDep ROOT electron-to-chromium@1.5.234 OK for: browserslist@4.26.3 want: ^1.5.227
1691 silly placeDep ROOT node-releases@2.0.23 OK for: browserslist@4.26.3 want: ^2.0.21
1692 silly placeDep ROOT update-browserslist-db@1.1.3 OK for: browserslist@4.26.3 want: ^1.1.3
1693 silly fetch manifest escalade@^3.2.0
1694 silly packumentCache full:https://registry.npmjs.org/escalade cache-miss
1695 http fetch GET 200 https://registry.npmjs.org/escalade 8ms (cache hit)
1696 silly packumentCache full:https://registry.npmjs.org/escalade set size:33724 disposed:false
1697 silly placeDep ROOT compare-func@2.0.0 OK for: conventional-changelog-angular@7.0.0 want: ^2.0.0
1698 silly fetch manifest array-ify@^1.0.0
1699 silly packumentCache full:https://registry.npmjs.org/array-ify cache-miss
1700 silly fetch manifest dot-prop@^5.1.0
1701 silly packumentCache full:https://registry.npmjs.org/dot-prop cache-miss
1702 http fetch GET 200 https://registry.npmjs.org/dot-prop 201ms (cache miss)
1703 silly packumentCache full:https://registry.npmjs.org/dot-prop set size:undefined disposed:false
1704 http fetch GET 200 https://registry.npmjs.org/array-ify 763ms (cache miss)
1705 silly packumentCache full:https://registry.npmjs.org/array-ify set size:undefined disposed:false
1706 silly placeDep ROOT array-ify@1.0.0 OK for: compare-func@2.0.0 want: ^1.0.0
1707 silly placeDep ROOT dot-prop@5.3.0 OK for: compare-func@2.0.0 want: ^5.1.0
1708 silly fetch manifest is-obj@^2.0.0
1709 silly packumentCache full:https://registry.npmjs.org/is-obj cache-miss
1710 http fetch GET 200 https://registry.npmjs.org/is-obj 127ms (cache miss)
1711 silly packumentCache full:https://registry.npmjs.org/is-obj set size:undefined disposed:false
1712 silly placeDep ROOT is-text-path@2.0.0 OK for: conventional-commits-parser@5.0.0 want: ^2.0.0
1713 silly placeDep ROOT JSONStream@1.3.5 OK for: conventional-commits-parser@5.0.0 want: ^1.3.5
1714 silly placeDep ROOT meow@12.1.1 OK for: conventional-commits-parser@5.0.0 want: ^12.0.1
1715 silly placeDep ROOT split2@4.2.0 OK for: conventional-commits-parser@5.0.0 want: ^4.0.0
1716 silly fetch manifest text-extensions@^2.0.0
1717 silly packumentCache full:https://registry.npmjs.org/text-extensions cache-miss
1718 silly fetch manifest through@>=2.2.7 <3
1719 silly packumentCache full:https://registry.npmjs.org/through cache-miss
1720 silly fetch manifest jsonparse@^1.2.0
1721 silly packumentCache full:https://registry.npmjs.org/jsonparse cache-miss
1722 http fetch GET 200 https://registry.npmjs.org/through 225ms (cache miss)
1723 silly packumentCache full:https://registry.npmjs.org/through set size:undefined disposed:false
1724 http fetch GET 200 https://registry.npmjs.org/jsonparse 246ms (cache miss)
1725 silly packumentCache full:https://registry.npmjs.org/jsonparse set size:undefined disposed:false
1726 http fetch GET 200 https://registry.npmjs.org/text-extensions 296ms (cache miss)
1727 silly packumentCache full:https://registry.npmjs.org/text-extensions set size:undefined disposed:false
1728 silly placeDep ROOT env-paths@2.2.1 OK for: cosmiconfig@9.0.0 want: ^2.2.1
1729 silly placeDep ROOT parse-json@5.2.0 OK for: cosmiconfig@9.0.0 want: ^5.2.0
1730 silly fetch manifest error-ex@^1.3.1
1731 silly packumentCache full:https://registry.npmjs.org/error-ex cache-miss
1732 silly fetch manifest lines-and-columns@^1.1.6
1733 silly packumentCache full:https://registry.npmjs.org/lines-and-columns cache-miss
1734 silly fetch manifest json-parse-even-better-errors@^2.3.0
1735 silly packumentCache full:https://registry.npmjs.org/json-parse-even-better-errors cache-miss
1736 http fetch GET 200 https://registry.npmjs.org/json-parse-even-better-errors 163ms (cache miss)
1737 silly packumentCache full:https://registry.npmjs.org/json-parse-even-better-errors set size:undefined disposed:false
1738 http fetch GET 200 https://registry.npmjs.org/error-ex 213ms (cache miss)
1739 silly packumentCache full:https://registry.npmjs.org/error-ex set size:undefined disposed:false
1740 http fetch GET 200 https://registry.npmjs.org/lines-and-columns 214ms (cache miss)
1741 silly packumentCache full:https://registry.npmjs.org/lines-and-columns set size:undefined disposed:false
1742 silly placeDep ROOT ms@2.1.3 OK for: debug@4.4.3 want: ^2.1.3
1743 silly placeDep ROOT is-obj@2.0.0 OK for: dot-prop@5.3.0 want: ^2.0.0
1744 silly placeDep ROOT graceful-fs@4.2.11 OK for: enhanced-resolve@5.18.3 want: ^4.2.4
1745 silly placeDep ROOT tapable@2.3.0 OK for: enhanced-resolve@5.18.3 want: ^2.2.0
1746 silly fetch manifest eslint@^6.0.0 || ^7.0.0 || >=8.0.0
1747 silly packumentCache full:https://registry.npmjs.org/eslint cache-miss
1748 http fetch GET 200 https://registry.npmjs.org/eslint 8ms (cache hit)
1749 silly packumentCache full:https://registry.npmjs.org/eslint set size:1851935 disposed:false
1750 silly placeDep ROOT @eslint-community/eslint-utils@4.9.0 OK for: eslint@9.37.0 want: ^4.8.0
1751 silly placeDep ROOT @eslint-community/regexpp@4.12.1 OK for: eslint@9.37.0 want: ^4.12.1
1752 silly placeDep ROOT @eslint/config-array@0.21.0 OK for: eslint@9.37.0 want: ^0.21.0
1753 silly placeDep ROOT @eslint/config-helpers@0.4.0 OK for: eslint@9.37.0 want: ^0.4.0
1754 silly placeDep ROOT @eslint/core@0.16.0 OK for: eslint@9.37.0 want: ^0.16.0
1755 silly placeDep ROOT @eslint/js@9.37.0 OK for: eslint@9.37.0 want: 9.37.0
1756 silly placeDep ROOT @eslint/plugin-kit@0.4.0 OK for: eslint@9.37.0 want: ^0.4.0
1757 silly placeDep ROOT @humanfs/node@0.16.7 OK for: eslint@9.37.0 want: ^0.16.6
1758 silly placeDep ROOT @humanwhocodes/module-importer@1.0.1 OK for: eslint@9.37.0 want: ^1.0.1
1759 silly placeDep ROOT @humanwhocodes/retry@0.4.3 OK for: eslint@9.37.0 want: ^0.4.2
1760 silly placeDep ROOT @types/estree@1.0.8 OK for: eslint@9.37.0 want: ^1.0.6
1761 silly placeDep ROOT @types/json-schema@7.0.15 OK for: eslint@9.37.0 want: ^7.0.15
1762 silly placeDep node_modules/eslint ajv@6.12.6 OK for: eslint@9.37.0 want: ^6.12.4
1763 silly placeDep node_modules/eslint chalk@4.1.2 OK for: eslint@9.37.0 want: ^4.0.0
1764 silly placeDep ROOT cross-spawn@7.0.6 OK for: eslint@9.37.0 want: ^7.0.6
1765 silly placeDep ROOT escape-string-regexp@4.0.0 OK for: eslint@9.37.0 want: ^4.0.0
1766 silly placeDep ROOT eslint-scope@8.4.0 OK for: eslint@9.37.0 want: ^8.4.0
1767 silly placeDep ROOT eslint-visitor-keys@4.2.1 OK for: eslint@9.37.0 want: ^4.2.1
1768 silly placeDep ROOT esquery@1.6.0 OK for: eslint@9.37.0 want: ^1.5.0
1769 silly placeDep ROOT esutils@2.0.3 OK for: eslint@9.37.0 want: ^2.0.2
1770 silly placeDep ROOT file-entry-cache@8.0.0 OK for: eslint@9.37.0 want: ^8.0.0
1771 silly placeDep node_modules/eslint find-up@5.0.0 OK for: eslint@9.37.0 want: ^5.0.0
1772 silly placeDep ROOT glob-parent@6.0.2 OK for: eslint@9.37.0 want: ^6.0.2
1773 silly placeDep ROOT imurmurhash@0.1.4 OK for: eslint@9.37.0 want: ^0.1.4
1774 silly placeDep ROOT is-glob@4.0.3 OK for: eslint@9.37.0 want: ^4.0.0
1775 silly placeDep ROOT json-stable-stringify-without-jsonify@1.0.1 OK for: eslint@9.37.0 want: ^1.0.1
1776 silly placeDep ROOT natural-compare@1.4.0 OK for: eslint@9.37.0 want: ^1.4.0
1777 silly placeDep ROOT optionator@0.9.4 OK for: eslint@9.37.0 want: ^0.9.3
1778 silly fetch manifest eslint-visitor-keys@^3.4.3
1779 silly packumentCache full:https://registry.npmjs.org/eslint-visitor-keys cache-miss
1780 silly fetch manifest @eslint/object-schema@^2.1.6
1781 silly packumentCache full:https://registry.npmjs.org/@eslint%2fobject-schema cache-miss
1782 silly fetch manifest levn@^0.4.1
1783 silly packumentCache full:https://registry.npmjs.org/levn cache-miss
1784 silly fetch manifest @humanwhocodes/retry@^0.4.0
1785 silly packumentCache full:https://registry.npmjs.org/@humanwhocodes%2fretry cache-miss
1786 silly fetch manifest @humanfs/core@^0.19.1
1787 silly packumentCache full:https://registry.npmjs.org/@humanfs%2fcore cache-miss
1788 silly fetch manifest ansi-styles@^4.1.0
1789 silly packumentCache full:https://registry.npmjs.org/ansi-styles cache-miss
1790 silly fetch manifest supports-color@^7.1.0
1791 silly packumentCache full:https://registry.npmjs.org/supports-color cache-miss
1792 silly fetch manifest which@^2.0.1
1793 silly packumentCache full:https://registry.npmjs.org/which cache-miss
1794 silly fetch manifest path-key@^3.1.0
1795 silly packumentCache full:https://registry.npmjs.org/path-key cache-miss
1796 silly fetch manifest shebang-command@^2.0.0
1797 silly packumentCache full:https://registry.npmjs.org/shebang-command cache-miss
1798 silly fetch manifest esrecurse@^4.3.0
1799 silly packumentCache full:https://registry.npmjs.org/esrecurse cache-miss
1800 http fetch GET 200 https://registry.npmjs.org/@humanwhocodes%2fretry 10ms (cache hit)
1801 silly packumentCache full:https://registry.npmjs.org/@humanwhocodes%2fretry set size:42348 disposed:false
1802 silly fetch manifest estraverse@^5.2.0
1803 silly packumentCache full:https://registry.npmjs.org/estraverse cache-miss
1804 http fetch GET 200 https://registry.npmjs.org/eslint-visitor-keys 13ms (cache hit)
1805 silly packumentCache full:https://registry.npmjs.org/eslint-visitor-keys set size:65553 disposed:false
1806 silly fetch manifest estraverse@^5.1.0
1807 silly packumentCache full:https://registry.npmjs.org/estraverse cache-miss
1808 http fetch GET 200 https://registry.npmjs.org/ansi-styles 13ms (cache hit)
1809 silly packumentCache full:https://registry.npmjs.org/ansi-styles set size:63233 disposed:false
1810 silly fetch manifest flat-cache@^4.0.0
1811 silly packumentCache full:https://registry.npmjs.org/flat-cache cache-miss
1812 http fetch GET 200 https://registry.npmjs.org/estraverse 123ms (cache miss)
1813 silly packumentCache full:https://registry.npmjs.org/estraverse set size:undefined disposed:false
1814 silly fetch manifest locate-path@^6.0.0
1815 silly packumentCache full:https://registry.npmjs.org/locate-path cache-miss
1816 http fetch GET 200 https://registry.npmjs.org/locate-path 4ms (cache hit)
1817 silly packumentCache full:https://registry.npmjs.org/locate-path set size:31329 disposed:false
1818 silly fetch manifest path-exists@^4.0.0
1819 silly packumentCache full:https://registry.npmjs.org/path-exists cache-miss
1820 http fetch GET 200 https://registry.npmjs.org/estraverse 133ms (cache miss)
1821 silly packumentCache full:https://registry.npmjs.org/estraverse set size:undefined disposed:false
1822 silly fetch manifest is-glob@^4.0.3
1823 silly packumentCache full:https://registry.npmjs.org/is-glob cache-miss
1824 http fetch GET 200 https://registry.npmjs.org/path-exists 6ms (cache hit)
1825 silly packumentCache full:https://registry.npmjs.org/path-exists set size:13704 disposed:false
1826 silly fetch manifest is-extglob@^2.1.1
1827 silly packumentCache full:https://registry.npmjs.org/is-extglob cache-miss
1828 http fetch GET 200 https://registry.npmjs.org/is-glob 7ms (cache hit)
1829 silly packumentCache full:https://registry.npmjs.org/is-glob set size:40530 disposed:false
1830 silly fetch manifest prelude-ls@^1.2.1
1831 silly packumentCache full:https://registry.npmjs.org/prelude-ls cache-miss
1832 http fetch GET 200 https://registry.npmjs.org/path-key 163ms (cache miss)
1833 silly packumentCache full:https://registry.npmjs.org/path-key set size:undefined disposed:false
1834 silly fetch manifest deep-is@^0.1.3
1835 silly packumentCache full:https://registry.npmjs.org/deep-is cache-miss
1836 http fetch GET 200 https://registry.npmjs.org/esrecurse 164ms (cache miss)
1837 silly packumentCache full:https://registry.npmjs.org/esrecurse set size:undefined disposed:false
1838 silly fetch manifest word-wrap@^1.2.5
1839 silly packumentCache full:https://registry.npmjs.org/word-wrap cache-miss
1840 http fetch GET 200 https://registry.npmjs.org/levn 169ms (cache miss)
1841 silly packumentCache full:https://registry.npmjs.org/levn set size:undefined disposed:false
1842 silly fetch manifest type-check@^0.4.0
1843 silly packumentCache full:https://registry.npmjs.org/type-check cache-miss
1844 http fetch GET 200 https://registry.npmjs.org/shebang-command 169ms (cache miss)
1845 silly packumentCache full:https://registry.npmjs.org/shebang-command set size:undefined disposed:false
1846 silly fetch manifest fast-levenshtein@^2.0.6
1847 silly packumentCache full:https://registry.npmjs.org/fast-levenshtein cache-miss
1848 http fetch GET 200 https://registry.npmjs.org/which 196ms (cache miss)
1849 silly packumentCache full:https://registry.npmjs.org/which set size:undefined disposed:false
1850 http fetch GET 200 https://registry.npmjs.org/supports-color 216ms (cache miss)
1851 silly packumentCache full:https://registry.npmjs.org/supports-color set size:undefined disposed:false
1852 http fetch GET 200 https://registry.npmjs.org/@humanfs%2fcore 220ms (cache miss)
1853 silly packumentCache full:https://registry.npmjs.org/@humanfs%2fcore set size:undefined disposed:false
1854 http fetch GET 200 https://registry.npmjs.org/@eslint%2fobject-schema 222ms (cache miss)
1855 silly packumentCache full:https://registry.npmjs.org/@eslint%2fobject-schema set size:undefined disposed:false
1856 http fetch GET 200 https://registry.npmjs.org/flat-cache 268ms (cache miss)
1857 silly packumentCache full:https://registry.npmjs.org/flat-cache set size:undefined disposed:false
1858 http fetch GET 200 https://registry.npmjs.org/is-extglob 159ms (cache miss)
1859 silly packumentCache full:https://registry.npmjs.org/is-extglob set size:undefined disposed:false
1860 http fetch GET 200 https://registry.npmjs.org/prelude-ls 159ms (cache miss)
1861 silly packumentCache full:https://registry.npmjs.org/prelude-ls set size:undefined disposed:false
1862 http fetch GET 200 https://registry.npmjs.org/fast-levenshtein 170ms (cache miss)
1863 silly packumentCache full:https://registry.npmjs.org/fast-levenshtein set size:undefined disposed:false
1864 http fetch GET 200 https://registry.npmjs.org/word-wrap 196ms (cache miss)
1865 silly packumentCache full:https://registry.npmjs.org/word-wrap set size:undefined disposed:false
1866 http fetch GET 200 https://registry.npmjs.org/deep-is 218ms (cache miss)
1867 silly packumentCache full:https://registry.npmjs.org/deep-is set size:undefined disposed:false
1868 http fetch GET 200 https://registry.npmjs.org/type-check 232ms (cache miss)
1869 silly packumentCache full:https://registry.npmjs.org/type-check set size:undefined disposed:false
1870 silly placeDep node_modules/@eslint-community/eslint-utils eslint-visitor-keys@3.4.3 OK for: @eslint-community/eslint-utils@4.9.0 want: ^3.4.3
1871 silly placeDep ROOT @eslint/object-schema@2.1.6 OK for: @eslint/config-array@0.21.0 want: ^2.1.6
1872 silly placeDep ROOT levn@0.4.1 OK for: @eslint/plugin-kit@0.4.0 want: ^0.4.1
1873 silly fetch manifest type-check@~0.4.0
1874 silly packumentCache full:https://registry.npmjs.org/type-check cache-miss
1875 http fetch GET 200 https://registry.npmjs.org/type-check 12ms (cache hit)
1876 silly packumentCache full:https://registry.npmjs.org/type-check set size:21221 disposed:false
1877 silly placeDep ROOT @humanfs/core@0.19.1 OK for: @humanfs/node@0.16.7 want: ^0.19.1
1878 silly placeDep ROOT path-key@3.1.1 OK for: cross-spawn@7.0.6 want: ^3.1.0
1879 silly placeDep ROOT shebang-command@2.0.0 OK for: cross-spawn@7.0.6 want: ^2.0.0
1880 silly placeDep ROOT which@2.0.2 OK for: cross-spawn@7.0.6 want: ^2.0.1
1881 silly fetch manifest shebang-regex@^3.0.0
1882 silly packumentCache full:https://registry.npmjs.org/shebang-regex cache-miss
1883 silly fetch manifest isexe@^2.0.0
1884 silly packumentCache full:https://registry.npmjs.org/isexe cache-miss
1885 http fetch GET 200 https://registry.npmjs.org/isexe 121ms (cache miss)
1886 silly packumentCache full:https://registry.npmjs.org/isexe set size:undefined disposed:false
1887 http fetch GET 200 https://registry.npmjs.org/shebang-regex 122ms (cache miss)
1888 silly packumentCache full:https://registry.npmjs.org/shebang-regex set size:undefined disposed:false
1889 silly fetch manifest eslint@^7.23.0 || ^8.0.0 || ^9.0.0
1890 silly packumentCache full:https://registry.npmjs.org/eslint cache-miss
1891 http fetch GET 200 https://registry.npmjs.org/eslint 10ms (cache hit)
1892 silly packumentCache full:https://registry.npmjs.org/eslint set size:1851935 disposed:false
1893 silly fetch manifest typescript@>=3.3.1
1894 silly packumentCache full:https://registry.npmjs.org/typescript cache-miss
1895 http fetch GET 200 https://registry.npmjs.org/typescript 29ms (cache hit)
1896 silly packumentCache full:https://registry.npmjs.org/typescript set size:14773250 disposed:false
1897 silly fetch manifest eslint-plugin-import-x@*
1898 silly packumentCache full:https://registry.npmjs.org/eslint-plugin-import-x cache-miss
1899 http fetch GET 200 https://registry.npmjs.org/eslint-plugin-import-x 169ms (cache miss)
1900 silly packumentCache full:https://registry.npmjs.org/eslint-plugin-import-x set size:undefined disposed:false
1901 silly fetch manifest @typescript-eslint/utils@^8.0.0
1902 silly packumentCache full:https://registry.npmjs.org/@typescript-eslint%2futils cache-miss
1903 http fetch GET 200 https://registry.npmjs.org/@typescript-eslint%2futils 1546ms (cache miss)
1904 silly packumentCache full:https://registry.npmjs.org/@typescript-eslint%2futils set size:undefined disposed:false
1905 silly placeDep ROOT @next/eslint-plugin-next@15.5.4 OK for: eslint-config-next@15.5.4 want: 15.5.4
1906 silly placeDep ROOT @rushstack/eslint-patch@1.13.0 OK for: eslint-config-next@15.5.4 want: ^1.10.3
1907 silly placeDep ROOT @typescript-eslint/eslint-plugin@8.46.0 OK for: eslint-config-next@15.5.4 want: ^5.4.2 || ^6.0.0 || ^7.0.0 || ^8.0.0
1908 silly placeDep ROOT @typescript-eslint/parser@8.46.0 OK for: @typescript-eslint/eslint-plugin@8.46.0 want: ^8.46.0
1909 silly placeDep ROOT eslint-import-resolver-node@0.3.9 OK for: eslint-config-next@15.5.4 want: ^0.3.6
1910 silly placeDep ROOT eslint-import-resolver-typescript@3.10.1 OK for: eslint-config-next@15.5.4 want: ^3.5.2
1911 silly placeDep ROOT eslint-plugin-import@2.32.0 OK for: eslint-config-next@15.5.4 want: ^2.31.0
1912 silly placeDep ROOT eslint-plugin-jsx-a11y@6.10.2 OK for: eslint-config-next@15.5.4 want: ^6.10.0
1913 silly placeDep ROOT eslint-plugin-react@7.37.5 OK for: eslint-config-next@15.5.4 want: ^7.37.0
1914 silly placeDep ROOT eslint-plugin-react-hooks@5.2.0 OK for: eslint-config-next@15.5.4 want: ^5.0.0
1915 silly fetch manifest fast-glob@3.3.1
1916 silly packumentCache full:https://registry.npmjs.org/fast-glob cache-miss
1917 silly fetch manifest ignore@^7.0.0
1918 silly packumentCache full:https://registry.npmjs.org/ignore cache-miss
1919 silly fetch manifest graphemer@^1.4.0
1920 silly packumentCache full:https://registry.npmjs.org/graphemer cache-miss
1921 silly fetch manifest ts-api-utils@^2.1.0
1922 silly packumentCache full:https://registry.npmjs.org/ts-api-utils cache-miss
1923 silly fetch manifest @typescript-eslint/utils@8.46.0
1924 silly packumentCache full:https://registry.npmjs.org/@typescript-eslint%2futils cache-miss
1925 silly fetch manifest @typescript-eslint/type-utils@8.46.0
1926 silly packumentCache full:https://registry.npmjs.org/@typescript-eslint%2ftype-utils cache-miss
1927 silly fetch manifest @typescript-eslint/visitor-keys@8.46.0
1928 silly packumentCache full:https://registry.npmjs.org/@typescript-eslint%2fvisitor-keys cache-miss
1929 silly fetch manifest @typescript-eslint/scope-manager@8.46.0
1930 silly packumentCache full:https://registry.npmjs.org/@typescript-eslint%2fscope-manager cache-miss
1931 silly fetch manifest @typescript-eslint/types@8.46.0
1932 silly packumentCache full:https://registry.npmjs.org/@typescript-eslint%2ftypes cache-miss
1933 silly fetch manifest @typescript-eslint/visitor-keys@8.46.0
1934 silly packumentCache full:https://registry.npmjs.org/@typescript-eslint%2fvisitor-keys cache-miss
1935 silly fetch manifest @typescript-eslint/scope-manager@8.46.0
1936 silly packumentCache full:https://registry.npmjs.org/@typescript-eslint%2fscope-manager cache-miss
1937 http fetch GET 200 https://registry.npmjs.org/ignore 14ms (cache hit)
1938 silly packumentCache full:https://registry.npmjs.org/ignore set size:237380 disposed:false
1939 silly fetch manifest @typescript-eslint/typescript-estree@8.46.0
1940 silly packumentCache full:https://registry.npmjs.org/@typescript-eslint%2ftypescript-estree cache-miss
1941 http fetch GET 200 https://registry.npmjs.org/@typescript-eslint%2futils 29ms (cache hit)
1942 silly packumentCache full:https://registry.npmjs.org/@typescript-eslint%2futils set size:9228167 disposed:false
1943 silly fetch manifest debug@^3.2.7
1944 silly packumentCache full:https://registry.npmjs.org/debug cache-hit
1945 silly fetch manifest is-core-module@^2.13.0
1946 silly packumentCache full:https://registry.npmjs.org/is-core-module cache-miss
1947 http fetch GET 200 https://registry.npmjs.org/graphemer 118ms (cache miss)
1948 silly packumentCache full:https://registry.npmjs.org/graphemer set size:undefined disposed:false
1949 silly fetch manifest resolve@^1.22.4
1950 silly packumentCache full:https://registry.npmjs.org/resolve cache-miss
1951 http fetch GET 200 https://registry.npmjs.org/ts-api-utils 158ms (cache miss)
1952 silly packumentCache full:https://registry.npmjs.org/ts-api-utils set size:undefined disposed:false
1953 silly fetch manifest tinyglobby@^0.2.13
1954 silly packumentCache full:https://registry.npmjs.org/tinyglobby cache-hit
1955 silly fetch manifest stable-hash@^0.0.5
1956 silly packumentCache full:https://registry.npmjs.org/stable-hash cache-miss
1957 http fetch GET 200 https://registry.npmjs.org/is-core-module 119ms (cache miss)
1958 silly packumentCache full:https://registry.npmjs.org/is-core-module set size:undefined disposed:false
1959 silly fetch manifest get-tsconfig@^4.10.0
1960 silly packumentCache full:https://registry.npmjs.org/get-tsconfig cache-miss
1961 http fetch GET 200 https://registry.npmjs.org/fast-glob 211ms (cache miss)
1962 silly packumentCache full:https://registry.npmjs.org/fast-glob set size:undefined disposed:false
1963 silly fetch manifest is-bun-module@^2.0.0
1964 silly packumentCache full:https://registry.npmjs.org/is-bun-module cache-miss
1965 http fetch GET 200 https://registry.npmjs.org/resolve 177ms (cache miss)
1966 silly packumentCache full:https://registry.npmjs.org/resolve set size:undefined disposed:false
1967 silly fetch manifest unrs-resolver@^1.6.2
1968 silly packumentCache full:https://registry.npmjs.org/unrs-resolver cache-miss
1969 http fetch GET 200 https://registry.npmjs.org/stable-hash 167ms (cache miss)
1970 silly packumentCache full:https://registry.npmjs.org/stable-hash set size:undefined disposed:false
1971 silly fetch manifest @nolyfill/is-core-module@1.0.39
1972 silly packumentCache full:https://registry.npmjs.org/@nolyfill%2fis-core-module cache-miss
1973 http fetch GET 200 https://registry.npmjs.org/is-bun-module 321ms (cache miss)
1974 silly packumentCache full:https://registry.npmjs.org/is-bun-module set size:undefined disposed:false
1975 silly fetch manifest @rtsao/scc@^1.1.0
1976 silly packumentCache full:https://registry.npmjs.org/@rtsao%2fscc cache-miss
1977 http fetch GET 200 https://registry.npmjs.org/get-tsconfig 383ms (cache miss)
1978 silly packumentCache full:https://registry.npmjs.org/get-tsconfig set size:undefined disposed:false
1979 silly fetch manifest array-includes@^3.1.9
1980 silly packumentCache full:https://registry.npmjs.org/array-includes cache-miss
1981 http fetch GET 200 https://registry.npmjs.org/unrs-resolver 355ms (cache miss)
1982 silly packumentCache full:https://registry.npmjs.org/unrs-resolver set size:undefined disposed:false
1983 silly fetch manifest array.prototype.findlastindex@^1.2.6
1984 silly packumentCache full:https://registry.npmjs.org/array.prototype.findlastindex cache-miss
1985 http fetch GET 200 https://registry.npmjs.org/@nolyfill%2fis-core-module 348ms (cache miss)
1986 silly packumentCache full:https://registry.npmjs.org/@nolyfill%2fis-core-module set size:undefined disposed:false
1987 silly fetch manifest array.prototype.flat@^1.3.3
1988 silly packumentCache full:https://registry.npmjs.org/array.prototype.flat cache-miss
1989 http fetch GET 200 https://registry.npmjs.org/array-includes 1113ms (cache miss)
1990 silly packumentCache full:https://registry.npmjs.org/array-includes set size:undefined disposed:false
1991 silly fetch manifest array.prototype.flatmap@^1.3.3
1992 silly packumentCache full:https://registry.npmjs.org/array.prototype.flatmap cache-miss
1993 http fetch GET 200 https://registry.npmjs.org/array.prototype.findlastindex 1051ms (cache miss)
1994 silly packumentCache full:https://registry.npmjs.org/array.prototype.findlastindex set size:undefined disposed:false
1995 silly fetch manifest doctrine@^2.1.0
1996 silly packumentCache full:https://registry.npmjs.org/doctrine cache-miss
1997 http fetch GET 200 https://registry.npmjs.org/array.prototype.flat 1042ms (cache miss)
1998 silly packumentCache full:https://registry.npmjs.org/array.prototype.flat set size:undefined disposed:false
1999 silly fetch manifest eslint-module-utils@^2.12.1
2000 silly packumentCache full:https://registry.npmjs.org/eslint-module-utils cache-miss
2001 http fetch GET 200 https://registry.npmjs.org/@rtsao%2fscc 1190ms (cache miss)
2002 silly packumentCache full:https://registry.npmjs.org/@rtsao%2fscc set size:undefined disposed:false
2003 silly fetch manifest hasown@^2.0.2
2004 silly packumentCache full:https://registry.npmjs.org/hasown cache-miss
2005 http fetch GET 200 https://registry.npmjs.org/doctrine 390ms (cache miss)
2006 silly packumentCache full:https://registry.npmjs.org/doctrine set size:undefined disposed:false
2007 silly fetch manifest is-core-module@^2.16.1
2008 silly packumentCache full:https://registry.npmjs.org/is-core-module cache-miss
2009 http fetch GET 200 https://registry.npmjs.org/hasown 376ms (cache miss)
2010 silly packumentCache full:https://registry.npmjs.org/hasown set size:undefined disposed:false
2011 silly fetch manifest object.fromentries@^2.0.8
2012 silly packumentCache full:https://registry.npmjs.org/object.fromentries cache-miss
2013 http fetch GET 200 https://registry.npmjs.org/array.prototype.flatmap 408ms (cache miss)
2014 silly packumentCache full:https://registry.npmjs.org/array.prototype.flatmap set size:undefined disposed:false
2015 silly fetch manifest object.groupby@^1.0.3
2016 silly packumentCache full:https://registry.npmjs.org/object.groupby cache-miss
2017 http fetch GET 200 https://registry.npmjs.org/is-core-module 10ms (cache hit)
2018 silly packumentCache full:https://registry.npmjs.org/is-core-module set size:71788 disposed:false
2019 silly fetch manifest object.values@^1.2.1
2020 silly packumentCache full:https://registry.npmjs.org/object.values cache-miss
2021 http fetch GET 200 https://registry.npmjs.org/eslint-module-utils 406ms (cache miss)
2022 silly packumentCache full:https://registry.npmjs.org/eslint-module-utils set size:undefined disposed:false
2023 silly fetch manifest string.prototype.trimend@^1.0.9
2024 silly packumentCache full:https://registry.npmjs.org/string.prototype.trimend cache-miss
2025 http fetch GET 200 https://registry.npmjs.org/object.values 192ms (cache miss)
2026 silly packumentCache full:https://registry.npmjs.org/object.values set size:undefined disposed:false
2027 silly fetch manifest tsconfig-paths@^3.15.0
2028 silly packumentCache full:https://registry.npmjs.org/tsconfig-paths cache-miss
2029 http fetch GET 200 https://registry.npmjs.org/object.groupby 206ms (cache miss)
2030 silly packumentCache full:https://registry.npmjs.org/object.groupby set size:undefined disposed:false
2031 silly fetch manifest aria-query@^5.3.2
2032 silly packumentCache full:https://registry.npmjs.org/aria-query cache-hit
2033 silly fetch manifest array-includes@^3.1.8
2034 silly packumentCache full:https://registry.npmjs.org/array-includes cache-miss
2035 http fetch GET 200 https://registry.npmjs.org/object.fromentries 214ms (cache miss)
2036 silly packumentCache full:https://registry.npmjs.org/object.fromentries set size:undefined disposed:false
2037 silly fetch manifest array.prototype.flatmap@^1.3.2
2038 silly packumentCache full:https://registry.npmjs.org/array.prototype.flatmap cache-miss
2039 http fetch GET 200 https://registry.npmjs.org/array-includes 18ms (cache hit)
2040 silly packumentCache full:https://registry.npmjs.org/array-includes set size:77143 disposed:false
2041 silly fetch manifest ast-types-flow@^0.0.8
2042 silly packumentCache full:https://registry.npmjs.org/ast-types-flow cache-miss
2043 http fetch GET 200 https://registry.npmjs.org/array.prototype.flatmap 16ms (cache hit)
2044 silly packumentCache full:https://registry.npmjs.org/array.prototype.flatmap set size:51458 disposed:false
2045 silly fetch manifest axe-core@^4.10.0
2046 silly packumentCache full:https://registry.npmjs.org/axe-core cache-miss
2047 http fetch GET 200 https://registry.npmjs.org/string.prototype.trimend 212ms (cache miss)
2048 silly packumentCache full:https://registry.npmjs.org/string.prototype.trimend set size:undefined disposed:false
2049 silly fetch manifest axobject-query@^4.1.0
2050 silly packumentCache full:https://registry.npmjs.org/axobject-query cache-miss
2051 http fetch GET 200 https://registry.npmjs.org/@typescript-eslint%2fvisitor-keys 2431ms (cache miss)
2052 silly packumentCache full:https://registry.npmjs.org/@typescript-eslint%2fvisitor-keys set size:undefined disposed:false
2053 silly fetch manifest damerau-levenshtein@^1.0.8
2054 silly packumentCache full:https://registry.npmjs.org/damerau-levenshtein cache-miss
2055 http fetch GET 200 https://registry.npmjs.org/tsconfig-paths 208ms (cache miss)
2056 silly packumentCache full:https://registry.npmjs.org/tsconfig-paths set size:undefined disposed:false
2057 silly fetch manifest emoji-regex@^9.2.2
2058 silly packumentCache full:https://registry.npmjs.org/emoji-regex cache-miss
2059 http fetch GET 200 https://registry.npmjs.org/@typescript-eslint%2fscope-manager 2558ms (cache miss)
2060 silly packumentCache full:https://registry.npmjs.org/@typescript-eslint%2fscope-manager set size:undefined disposed:false
2061 silly fetch manifest jsx-ast-utils@^3.3.5
2062 silly packumentCache full:https://registry.npmjs.org/jsx-ast-utils cache-miss
2063 http fetch GET 200 https://registry.npmjs.org/axobject-query 289ms (cache miss)
2064 silly packumentCache full:https://registry.npmjs.org/axobject-query set size:undefined disposed:false
2065 silly fetch manifest language-tags@^1.0.9
2066 silly packumentCache full:https://registry.npmjs.org/language-tags cache-miss
2067 http fetch GET 200 https://registry.npmjs.org/ast-types-flow 383ms (cache miss)
2068 silly packumentCache full:https://registry.npmjs.org/ast-types-flow set size:undefined disposed:false
2069 silly fetch manifest safe-regex-test@^1.0.3
2070 silly packumentCache full:https://registry.npmjs.org/safe-regex-test cache-miss
2071 http fetch GET 200 https://registry.npmjs.org/emoji-regex 420ms (cache miss)
2072 silly packumentCache full:https://registry.npmjs.org/emoji-regex set size:undefined disposed:false
2073 silly fetch manifest string.prototype.includes@^2.0.1
2074 silly packumentCache full:https://registry.npmjs.org/string.prototype.includes cache-miss
2075 http fetch GET 200 https://registry.npmjs.org/damerau-levenshtein 463ms (cache miss)
2076 silly packumentCache full:https://registry.npmjs.org/damerau-levenshtein set size:undefined disposed:false
2077 silly fetch manifest array.prototype.findlast@^1.2.5
2078 silly packumentCache full:https://registry.npmjs.org/array.prototype.findlast cache-miss
2079 http fetch GET 200 https://registry.npmjs.org/language-tags 350ms (cache miss)
2080 silly packumentCache full:https://registry.npmjs.org/language-tags set size:undefined disposed:false
2081 silly fetch manifest array.prototype.tosorted@^1.1.4
2082 silly packumentCache full:https://registry.npmjs.org/array.prototype.tosorted cache-miss
2083 http fetch GET 200 https://registry.npmjs.org/jsx-ast-utils 400ms (cache miss)
2084 silly packumentCache full:https://registry.npmjs.org/jsx-ast-utils set size:undefined disposed:false
2085 silly fetch manifest es-iterator-helpers@^1.2.1
2086 silly packumentCache full:https://registry.npmjs.org/es-iterator-helpers cache-miss
2087 http fetch GET 200 https://registry.npmjs.org/safe-regex-test 300ms (cache miss)
2088 silly packumentCache full:https://registry.npmjs.org/safe-regex-test set size:undefined disposed:false
2089 silly fetch manifest estraverse@^5.3.0
2090 silly packumentCache full:https://registry.npmjs.org/estraverse cache-miss
2091 http fetch GET 200 https://registry.npmjs.org/estraverse 5ms (cache hit)
2092 silly packumentCache full:https://registry.npmjs.org/estraverse set size:62412 disposed:false
2093 silly fetch manifest jsx-ast-utils@^2.4.1 || ^3.0.0
2094 silly packumentCache full:https://registry.npmjs.org/jsx-ast-utils cache-miss
2095 http fetch GET 200 https://registry.npmjs.org/jsx-ast-utils 4ms (cache hit)
2096 silly packumentCache full:https://registry.npmjs.org/jsx-ast-utils set size:115998 disposed:false
2097 silly fetch manifest object.entries@^1.1.9
2098 silly packumentCache full:https://registry.npmjs.org/object.entries cache-miss
2099 http fetch GET 200 https://registry.npmjs.org/@typescript-eslint%2fscope-manager 3118ms (cache miss)
2100 silly packumentCache full:https://registry.npmjs.org/@typescript-eslint%2fscope-manager set size:undefined disposed:false
2101 silly fetch manifest prop-types@^15.8.1
2102 silly packumentCache full:https://registry.npmjs.org/prop-types cache-miss
2103 http fetch GET 200 https://registry.npmjs.org/string.prototype.includes 267ms (cache miss)
2104 silly packumentCache full:https://registry.npmjs.org/string.prototype.includes set size:undefined disposed:false
2105 silly fetch manifest resolve@^2.0.0-next.5
2106 silly packumentCache full:https://registry.npmjs.org/resolve cache-miss
2107 http fetch GET 200 https://registry.npmjs.org/array.prototype.findlast 259ms (cache miss)
2108 silly packumentCache full:https://registry.npmjs.org/array.prototype.findlast set size:undefined disposed:false
2109 silly fetch manifest string.prototype.matchall@^4.0.12
2110 silly packumentCache full:https://registry.npmjs.org/string.prototype.matchall cache-miss
2111 http fetch GET 200 https://registry.npmjs.org/array.prototype.tosorted 239ms (cache miss)
2112 silly packumentCache full:https://registry.npmjs.org/array.prototype.tosorted set size:undefined disposed:false
2113 silly fetch manifest string.prototype.repeat@^1.0.0
2114 silly packumentCache full:https://registry.npmjs.org/string.prototype.repeat cache-miss
2115 http fetch GET 200 https://registry.npmjs.org/object.entries 196ms (cache miss)
2116 silly packumentCache full:https://registry.npmjs.org/object.entries set size:undefined disposed:false
2117 http fetch GET 200 https://registry.npmjs.org/es-iterator-helpers 230ms (cache miss)
2118 silly packumentCache full:https://registry.npmjs.org/es-iterator-helpers set size:undefined disposed:false
2119 http fetch GET 200 https://registry.npmjs.org/resolve 45ms (cache hit)
2120 silly packumentCache full:https://registry.npmjs.org/resolve set size:243806 disposed:false
2121 http fetch GET 200 https://registry.npmjs.org/@typescript-eslint%2ftypes 3268ms (cache miss)
2122 silly packumentCache full:https://registry.npmjs.org/@typescript-eslint%2ftypes set size:undefined disposed:false
2123 http fetch GET 200 https://registry.npmjs.org/prop-types 165ms (cache miss)
2124 silly packumentCache full:https://registry.npmjs.org/prop-types set size:undefined disposed:false
2125 http fetch GET 200 https://registry.npmjs.org/string.prototype.matchall 178ms (cache miss)
2126 silly packumentCache full:https://registry.npmjs.org/string.prototype.matchall set size:undefined disposed:false
2127 http fetch GET 200 https://registry.npmjs.org/string.prototype.repeat 168ms (cache miss)
2128 silly packumentCache full:https://registry.npmjs.org/string.prototype.repeat set size:undefined disposed:false
2129 http fetch GET 200 https://registry.npmjs.org/@typescript-eslint%2fvisitor-keys 3819ms (cache miss)
2130 silly packumentCache full:https://registry.npmjs.org/@typescript-eslint%2fvisitor-keys set size:undefined disposed:false
2131 http fetch GET 200 https://registry.npmjs.org/@typescript-eslint%2ftype-utils 4087ms (cache miss)
2132 silly packumentCache full:https://registry.npmjs.org/@typescript-eslint%2ftype-utils set size:undefined disposed:false
2133 http fetch GET 200 https://registry.npmjs.org/axe-core 2228ms (cache miss)
2134 silly packumentCache full:https://registry.npmjs.org/axe-core set size:undefined disposed:false
2135 http fetch GET 200 https://registry.npmjs.org/@typescript-eslint%2ftypescript-estree 5371ms (cache miss)
2136 silly packumentCache full:https://registry.npmjs.org/@typescript-eslint%2ftypescript-estree set size:undefined disposed:false
2137 silly placeDep ROOT fast-glob@3.3.1 OK for: @next/eslint-plugin-next@15.5.4 want: 3.3.1
2138 silly fetch manifest merge2@^1.3.0
2139 silly packumentCache full:https://registry.npmjs.org/merge2 cache-miss
2140 silly fetch manifest micromatch@^4.0.4
2141 silly packumentCache full:https://registry.npmjs.org/micromatch cache-miss
2142 silly fetch manifest glob-parent@^5.1.2
2143 silly packumentCache full:https://registry.npmjs.org/glob-parent cache-miss
2144 silly fetch manifest @nodelib/fs.stat@^2.0.2
2145 silly packumentCache full:https://registry.npmjs.org/@nodelib%2ffs.stat cache-miss
2146 silly fetch manifest @nodelib/fs.walk@^1.2.3
2147 silly packumentCache full:https://registry.npmjs.org/@nodelib%2ffs.walk cache-miss
2148 http fetch GET 200 https://registry.npmjs.org/micromatch 7ms (cache hit)
2149 silly packumentCache full:https://registry.npmjs.org/micromatch set size:240630 disposed:false
2150 http fetch GET 200 https://registry.npmjs.org/glob-parent 10ms (cache hit)
2151 silly packumentCache full:https://registry.npmjs.org/glob-parent set size:42445 disposed:false
2152 http fetch GET 200 https://registry.npmjs.org/@nodelib%2ffs.stat 142ms (cache miss)
2153 silly packumentCache full:https://registry.npmjs.org/@nodelib%2ffs.stat set size:undefined disposed:false
2154 http fetch GET 200 https://registry.npmjs.org/@nodelib%2ffs.walk 162ms (cache miss)
2155 silly packumentCache full:https://registry.npmjs.org/@nodelib%2ffs.walk set size:undefined disposed:false
2156 http fetch GET 200 https://registry.npmjs.org/merge2 183ms (cache miss)
2157 silly packumentCache full:https://registry.npmjs.org/merge2 set size:undefined disposed:false
2158 silly fetch manifest typescript@>=4.8.4 <6.0.0
2159 silly packumentCache full:https://registry.npmjs.org/typescript cache-miss
2160 http fetch GET 200 https://registry.npmjs.org/typescript 34ms (cache hit)
2161 silly packumentCache full:https://registry.npmjs.org/typescript set size:14773250 disposed:false
2162 silly fetch manifest eslint@^8.57.0 || ^9.0.0
2163 silly packumentCache full:https://registry.npmjs.org/eslint cache-miss
2164 http fetch GET 200 https://registry.npmjs.org/eslint 8ms (cache hit)
2165 silly packumentCache full:https://registry.npmjs.org/eslint set size:1851935 disposed:false
2166 silly placeDep ROOT @typescript-eslint/scope-manager@8.46.0 OK for: @typescript-eslint/eslint-plugin@8.46.0 want: 8.46.0
2167 silly placeDep ROOT @typescript-eslint/type-utils@8.46.0 OK for: @typescript-eslint/eslint-plugin@8.46.0 want: 8.46.0
2168 silly placeDep ROOT @typescript-eslint/utils@8.46.0 OK for: @typescript-eslint/eslint-plugin@8.46.0 want: 8.46.0
2169 silly placeDep ROOT @typescript-eslint/visitor-keys@8.46.0 OK for: @typescript-eslint/eslint-plugin@8.46.0 want: 8.46.0
2170 silly placeDep ROOT graphemer@1.4.0 OK for: @typescript-eslint/eslint-plugin@8.46.0 want: ^1.4.0
2171 silly placeDep node_modules/@typescript-eslint/eslint-plugin ignore@7.0.5 OK for: @typescript-eslint/eslint-plugin@8.46.0 want: ^7.0.0
2172 silly placeDep ROOT ts-api-utils@2.1.0 OK for: @typescript-eslint/eslint-plugin@8.46.0 want: ^2.1.0
2173 silly placeDep ROOT @typescript-eslint/types@8.46.0 OK for: @typescript-eslint/parser@8.46.0 want: 8.46.0
2174 silly placeDep ROOT @typescript-eslint/typescript-estree@8.46.0 OK for: @typescript-eslint/parser@8.46.0 want: 8.46.0
2175 silly fetch manifest fast-glob@^3.3.2
2176 silly packumentCache full:https://registry.npmjs.org/fast-glob cache-miss
2177 silly fetch manifest minimatch@^9.0.4
2178 silly packumentCache full:https://registry.npmjs.org/minimatch cache-miss
2179 silly fetch manifest @typescript-eslint/tsconfig-utils@8.46.0
2180 silly packumentCache full:https://registry.npmjs.org/@typescript-eslint%2ftsconfig-utils cache-miss
2181 silly fetch manifest @typescript-eslint/project-service@8.46.0
2182 silly packumentCache full:https://registry.npmjs.org/@typescript-eslint%2fproject-service cache-miss
2183 http fetch GET 200 https://registry.npmjs.org/minimatch 11ms (cache hit)
2184 silly packumentCache full:https://registry.npmjs.org/minimatch set size:298903 disposed:false
2185 http fetch GET 200 https://registry.npmjs.org/fast-glob 15ms (cache hit)
2186 silly packumentCache full:https://registry.npmjs.org/fast-glob set size:220556 disposed:false
2187 http fetch GET 200 https://registry.npmjs.org/@typescript-eslint%2ftsconfig-utils 178ms (cache miss)
2188 silly packumentCache full:https://registry.npmjs.org/@typescript-eslint%2ftsconfig-utils set size:undefined disposed:false
2189 http fetch GET 200 https://registry.npmjs.org/@typescript-eslint%2fproject-service 239ms (cache miss)
2190 silly packumentCache full:https://registry.npmjs.org/@typescript-eslint%2fproject-service set size:undefined disposed:false
2191 silly placeDep ROOT @typescript-eslint/project-service@8.46.0 OK for: @typescript-eslint/typescript-estree@8.46.0 want: 8.46.0
2192 silly placeDep ROOT @typescript-eslint/tsconfig-utils@8.46.0 OK for: @typescript-eslint/typescript-estree@8.46.0 want: 8.46.0
2193 silly placeDep node_modules/@typescript-eslint/typescript-estree fast-glob@3.3.3 OK for: @typescript-eslint/typescript-estree@8.46.0 want: ^3.3.2
2194 silly placeDep node_modules/@typescript-eslint/typescript-estree minimatch@9.0.5 OK for: @typescript-eslint/typescript-estree@8.46.0 want: ^9.0.4
2195 silly fetch manifest @typescript-eslint/tsconfig-utils@^8.46.0
2196 silly packumentCache full:https://registry.npmjs.org/@typescript-eslint%2ftsconfig-utils cache-miss
2197 silly fetch manifest brace-expansion@^2.0.1
2198 silly packumentCache full:https://registry.npmjs.org/brace-expansion cache-miss
2199 http fetch GET 200 https://registry.npmjs.org/brace-expansion 4ms (cache hit)
2200 silly packumentCache full:https://registry.npmjs.org/brace-expansion set size:46250 disposed:false
2201 http fetch GET 200 https://registry.npmjs.org/@typescript-eslint%2ftsconfig-utils 7ms (cache hit)
2202 silly packumentCache full:https://registry.npmjs.org/@typescript-eslint%2ftsconfig-utils set size:490872 disposed:false
2203 silly placeDep node_modules/eslint-import-resolver-node debug@3.2.7 OK for: eslint-import-resolver-node@0.3.9 want: ^3.2.7
2204 silly placeDep ROOT is-core-module@2.16.1 OK for: eslint-import-resolver-node@0.3.9 want: ^2.13.0
2205 silly placeDep ROOT resolve@1.22.10 OK for: eslint-import-resolver-node@0.3.9 want: ^1.22.4
2206 silly fetch manifest path-parse@^1.0.7
2207 silly packumentCache full:https://registry.npmjs.org/path-parse cache-miss
2208 silly fetch manifest supports-preserve-symlinks-flag@^1.0.0
2209 silly packumentCache full:https://registry.npmjs.org/supports-preserve-symlinks-flag cache-miss
2210 http fetch GET 200 https://registry.npmjs.org/supports-preserve-symlinks-flag 94ms (cache miss)
2211 silly packumentCache full:https://registry.npmjs.org/supports-preserve-symlinks-flag set size:undefined disposed:false
2212 http fetch GET 200 https://registry.npmjs.org/path-parse 115ms (cache miss)
2213 silly packumentCache full:https://registry.npmjs.org/path-parse set size:undefined disposed:false
2214 silly placeDep ROOT @nolyfill/is-core-module@1.0.39 OK for: eslint-import-resolver-typescript@3.10.1 want: 1.0.39
2215 silly placeDep ROOT get-tsconfig@4.12.0 OK for: eslint-import-resolver-typescript@3.10.1 want: ^4.10.0
2216 silly placeDep ROOT is-bun-module@2.0.0 OK for: eslint-import-resolver-typescript@3.10.1 want: ^2.0.0
2217 silly placeDep ROOT stable-hash@0.0.5 OK for: eslint-import-resolver-typescript@3.10.1 want: ^0.0.5
2218 silly placeDep ROOT tinyglobby@0.2.15 OK for: eslint-import-resolver-typescript@3.10.1 want: ^0.2.13
2219 silly placeDep ROOT unrs-resolver@1.11.1 OK for: eslint-import-resolver-typescript@3.10.1 want: ^1.6.2
2220 silly fetch manifest resolve-pkg-maps@^1.0.0
2221 silly packumentCache full:https://registry.npmjs.org/resolve-pkg-maps cache-miss
2222 silly fetch manifest napi-postinstall@^0.3.0
2223 silly packumentCache full:https://registry.npmjs.org/napi-postinstall cache-miss
2224 silly fetch manifest @unrs/resolver-binding-win32-x64-msvc@1.11.1
2225 silly packumentCache full:https://registry.npmjs.org/@unrs%2fresolver-binding-win32-x64-msvc cache-miss
2226 silly fetch manifest @unrs/resolver-binding-win32-arm64-msvc@1.11.1
2227 silly packumentCache full:https://registry.npmjs.org/@unrs%2fresolver-binding-win32-arm64-msvc cache-miss
2228 silly fetch manifest @unrs/resolver-binding-win32-ia32-msvc@1.11.1
2229 silly packumentCache full:https://registry.npmjs.org/@unrs%2fresolver-binding-win32-ia32-msvc cache-miss
2230 silly fetch manifest @unrs/resolver-binding-linux-x64-gnu@1.11.1
2231 silly packumentCache full:https://registry.npmjs.org/@unrs%2fresolver-binding-linux-x64-gnu cache-miss
2232 silly fetch manifest @unrs/resolver-binding-linux-x64-musl@1.11.1
2233 silly packumentCache full:https://registry.npmjs.org/@unrs%2fresolver-binding-linux-x64-musl cache-miss
2234 silly fetch manifest @unrs/resolver-binding-freebsd-x64@1.11.1
2235 silly packumentCache full:https://registry.npmjs.org/@unrs%2fresolver-binding-freebsd-x64 cache-miss
2236 silly fetch manifest @unrs/resolver-binding-android-arm64@1.11.1
2237 silly packumentCache full:https://registry.npmjs.org/@unrs%2fresolver-binding-android-arm64 cache-miss
2238 silly fetch manifest @unrs/resolver-binding-linux-arm64-gnu@1.11.1
2239 silly packumentCache full:https://registry.npmjs.org/@unrs%2fresolver-binding-linux-arm64-gnu cache-miss
2240 silly fetch manifest @unrs/resolver-binding-linux-arm64-musl@1.11.1
2241 silly packumentCache full:https://registry.npmjs.org/@unrs%2fresolver-binding-linux-arm64-musl cache-miss
2242 http fetch GET 200 https://registry.npmjs.org/resolve-pkg-maps 105ms (cache miss)
2243 silly packumentCache full:https://registry.npmjs.org/resolve-pkg-maps set size:undefined disposed:false
2244 silly fetch manifest @unrs/resolver-binding-android-arm-eabi@1.11.1
2245 silly packumentCache full:https://registry.npmjs.org/@unrs%2fresolver-binding-android-arm-eabi cache-miss
2246 http fetch GET 200 https://registry.npmjs.org/napi-postinstall 183ms (cache miss)
2247 silly packumentCache full:https://registry.npmjs.org/napi-postinstall set size:undefined disposed:false
2248 silly fetch manifest @unrs/resolver-binding-linux-arm-gnueabihf@1.11.1
2249 silly packumentCache full:https://registry.npmjs.org/@unrs%2fresolver-binding-linux-arm-gnueabihf cache-miss
2250 http fetch GET 200 https://registry.npmjs.org/@unrs%2fresolver-binding-win32-x64-msvc 314ms (cache miss)
2251 silly packumentCache full:https://registry.npmjs.org/@unrs%2fresolver-binding-win32-x64-msvc set size:undefined disposed:false
2252 silly fetch manifest @unrs/resolver-binding-linux-arm-musleabihf@1.11.1
2253 silly packumentCache full:https://registry.npmjs.org/@unrs%2fresolver-binding-linux-arm-musleabihf cache-miss
2254 http fetch GET 200 https://registry.npmjs.org/@unrs%2fresolver-binding-freebsd-x64 333ms (cache miss)
2255 silly packumentCache full:https://registry.npmjs.org/@unrs%2fresolver-binding-freebsd-x64 set size:undefined disposed:false
2256 silly fetch manifest @unrs/resolver-binding-linux-ppc64-gnu@1.11.1
2257 silly packumentCache full:https://registry.npmjs.org/@unrs%2fresolver-binding-linux-ppc64-gnu cache-miss
2258 http fetch GET 200 https://registry.npmjs.org/@unrs%2fresolver-binding-win32-arm64-msvc 335ms (cache miss)
2259 silly packumentCache full:https://registry.npmjs.org/@unrs%2fresolver-binding-win32-arm64-msvc set size:undefined disposed:false
2260 silly fetch manifest @unrs/resolver-binding-linux-riscv64-gnu@1.11.1
2261 silly packumentCache full:https://registry.npmjs.org/@unrs%2fresolver-binding-linux-riscv64-gnu cache-miss
2262 http fetch GET 200 https://registry.npmjs.org/@unrs%2fresolver-binding-win32-ia32-msvc 350ms (cache miss)
2263 silly packumentCache full:https://registry.npmjs.org/@unrs%2fresolver-binding-win32-ia32-msvc set size:undefined disposed:false
2264 silly fetch manifest @unrs/resolver-binding-linux-riscv64-musl@1.11.1
2265 silly packumentCache full:https://registry.npmjs.org/@unrs%2fresolver-binding-linux-riscv64-musl cache-miss
2266 http fetch GET 200 https://registry.npmjs.org/@unrs%2fresolver-binding-android-arm64 357ms (cache miss)
2267 silly packumentCache full:https://registry.npmjs.org/@unrs%2fresolver-binding-android-arm64 set size:undefined disposed:false
2268 silly fetch manifest @unrs/resolver-binding-linux-s390x-gnu@1.11.1
2269 silly packumentCache full:https://registry.npmjs.org/@unrs%2fresolver-binding-linux-s390x-gnu cache-miss
2270 http fetch GET 200 https://registry.npmjs.org/@unrs%2fresolver-binding-linux-arm64-gnu 358ms (cache miss)
2271 silly packumentCache full:https://registry.npmjs.org/@unrs%2fresolver-binding-linux-arm64-gnu set size:undefined disposed:false
2272 silly fetch manifest @unrs/resolver-binding-darwin-x64@1.11.1
2273 silly packumentCache full:https://registry.npmjs.org/@unrs%2fresolver-binding-darwin-x64 cache-miss
2274 http fetch GET 200 https://registry.npmjs.org/@unrs%2fresolver-binding-linux-x64-musl 362ms (cache miss)
2275 silly packumentCache full:https://registry.npmjs.org/@unrs%2fresolver-binding-linux-x64-musl set size:undefined disposed:false
2276 silly fetch manifest @unrs/resolver-binding-darwin-arm64@1.11.1
2277 silly packumentCache full:https://registry.npmjs.org/@unrs%2fresolver-binding-darwin-arm64 cache-miss
2278 http fetch GET 200 https://registry.npmjs.org/@unrs%2fresolver-binding-linux-arm64-musl 370ms (cache miss)
2279 silly packumentCache full:https://registry.npmjs.org/@unrs%2fresolver-binding-linux-arm64-musl set size:undefined disposed:false
2280 silly fetch manifest @unrs/resolver-binding-wasm32-wasi@1.11.1
2281 silly packumentCache full:https://registry.npmjs.org/@unrs%2fresolver-binding-wasm32-wasi cache-miss
2282 http fetch GET 200 https://registry.npmjs.org/@unrs%2fresolver-binding-android-arm-eabi 275ms (cache miss)
2283 silly packumentCache full:https://registry.npmjs.org/@unrs%2fresolver-binding-android-arm-eabi set size:undefined disposed:false
2284 http fetch GET 200 https://registry.npmjs.org/@unrs%2fresolver-binding-linux-arm-gnueabihf 300ms (cache miss)
2285 silly packumentCache full:https://registry.npmjs.org/@unrs%2fresolver-binding-linux-arm-gnueabihf set size:undefined disposed:false
2286 http fetch GET 200 https://registry.npmjs.org/@unrs%2fresolver-binding-linux-ppc64-gnu 287ms (cache miss)
2287 silly packumentCache full:https://registry.npmjs.org/@unrs%2fresolver-binding-linux-ppc64-gnu set size:undefined disposed:false
2288 http fetch GET 200 https://registry.npmjs.org/@unrs%2fresolver-binding-linux-riscv64-gnu 307ms (cache miss)
2289 silly packumentCache full:https://registry.npmjs.org/@unrs%2fresolver-binding-linux-riscv64-gnu set size:undefined disposed:false
2290 http fetch GET 200 https://registry.npmjs.org/@unrs%2fresolver-binding-linux-arm-musleabihf 329ms (cache miss)
2291 silly packumentCache full:https://registry.npmjs.org/@unrs%2fresolver-binding-linux-arm-musleabihf set size:undefined disposed:false
2292 http fetch GET 200 https://registry.npmjs.org/@unrs%2fresolver-binding-wasm32-wasi 288ms (cache miss)
2293 silly packumentCache full:https://registry.npmjs.org/@unrs%2fresolver-binding-wasm32-wasi set size:undefined disposed:false
2294 http fetch GET 200 https://registry.npmjs.org/@unrs%2fresolver-binding-darwin-x64 318ms (cache miss)
2295 silly packumentCache full:https://registry.npmjs.org/@unrs%2fresolver-binding-darwin-x64 set size:undefined disposed:false
2296 http fetch GET 200 https://registry.npmjs.org/@unrs%2fresolver-binding-linux-s390x-gnu 331ms (cache miss)
2297 silly packumentCache full:https://registry.npmjs.org/@unrs%2fresolver-binding-linux-s390x-gnu set size:undefined disposed:false
2298 http fetch GET 200 https://registry.npmjs.org/@unrs%2fresolver-binding-darwin-arm64 359ms (cache miss)
2299 silly packumentCache full:https://registry.npmjs.org/@unrs%2fresolver-binding-darwin-arm64 set size:undefined disposed:false
2300 http fetch GET 200 https://registry.npmjs.org/@unrs%2fresolver-binding-linux-riscv64-musl 391ms (cache miss)
2301 silly packumentCache full:https://registry.npmjs.org/@unrs%2fresolver-binding-linux-riscv64-musl set size:undefined disposed:false
2302 http fetch GET 200 https://registry.npmjs.org/@unrs%2fresolver-binding-linux-x64-gnu 792ms (cache miss)
2303 silly packumentCache full:https://registry.npmjs.org/@unrs%2fresolver-binding-linux-x64-gnu set size:undefined disposed:false
2304 silly placeDep ROOT @rtsao/scc@1.1.0 OK for: eslint-plugin-import@2.32.0 want: ^1.1.0
2305 silly placeDep ROOT array-includes@3.1.9 OK for: eslint-plugin-import@2.32.0 want: ^3.1.9
2306 silly placeDep ROOT array.prototype.findlastindex@1.2.6 OK for: eslint-plugin-import@2.32.0 want: ^1.2.6
2307 silly placeDep ROOT array.prototype.flat@1.3.3 OK for: eslint-plugin-import@2.32.0 want: ^1.3.3
2308 silly placeDep ROOT array.prototype.flatmap@1.3.3 OK for: eslint-plugin-import@2.32.0 want: ^1.3.3
2309 silly placeDep node_modules/eslint-plugin-import debug@3.2.7 OK for: eslint-plugin-import@2.32.0 want: ^3.2.7
2310 silly placeDep ROOT doctrine@2.1.0 OK for: eslint-plugin-import@2.32.0 want: ^2.1.0
2311 silly placeDep ROOT eslint-module-utils@2.12.1 OK for: eslint-plugin-import@2.32.0 want: ^2.12.1
2312 silly placeDep ROOT hasown@2.0.2 OK for: eslint-plugin-import@2.32.0 want: ^2.0.2
2313 silly placeDep ROOT object.fromentries@2.0.8 OK for: eslint-plugin-import@2.32.0 want: ^2.0.8
2314 silly placeDep ROOT object.groupby@1.0.3 OK for: eslint-plugin-import@2.32.0 want: ^1.0.3
2315 silly placeDep ROOT object.values@1.2.1 OK for: eslint-plugin-import@2.32.0 want: ^1.2.1
2316 silly placeDep node_modules/eslint-plugin-import semver@6.3.1 OK for: eslint-plugin-import@2.32.0 want: ^6.3.1
2317 silly placeDep ROOT string.prototype.trimend@1.0.9 OK for: eslint-plugin-import@2.32.0 want: ^1.0.9
2318 silly placeDep ROOT tsconfig-paths@3.15.0 OK for: eslint-plugin-import@2.32.0 want: ^3.15.0
2319 silly fetch manifest call-bind@^1.0.8
2320 silly packumentCache full:https://registry.npmjs.org/call-bind cache-miss
2321 silly fetch manifest call-bound@^1.0.4
2322 silly packumentCache full:https://registry.npmjs.org/call-bound cache-miss
2323 silly fetch manifest define-properties@^1.2.1
2324 silly packumentCache full:https://registry.npmjs.org/define-properties cache-miss
2325 silly fetch manifest es-abstract@^1.24.0
2326 silly packumentCache full:https://registry.npmjs.org/es-abstract cache-miss
2327 silly fetch manifest es-object-atoms@^1.1.1
2328 silly packumentCache full:https://registry.npmjs.org/es-object-atoms cache-miss
2329 silly fetch manifest get-intrinsic@^1.3.0
2330 silly packumentCache full:https://registry.npmjs.org/get-intrinsic cache-miss
2331 silly fetch manifest is-string@^1.1.1
2332 silly packumentCache full:https://registry.npmjs.org/is-string cache-miss
2333 silly fetch manifest math-intrinsics@^1.1.0
2334 silly packumentCache full:https://registry.npmjs.org/math-intrinsics cache-miss
2335 silly fetch manifest call-bind@^1.0.8
2336 silly packumentCache full:https://registry.npmjs.org/call-bind cache-miss
2337 silly fetch manifest call-bound@^1.0.4
2338 silly packumentCache full:https://registry.npmjs.org/call-bound cache-miss
2339 silly fetch manifest define-properties@^1.2.1
2340 silly packumentCache full:https://registry.npmjs.org/define-properties cache-miss
2341 http fetch GET 200 https://registry.npmjs.org/es-object-atoms 113ms (cache miss)
2342 silly packumentCache full:https://registry.npmjs.org/es-object-atoms set size:undefined disposed:false
2343 silly fetch manifest es-abstract@^1.23.9
2344 silly packumentCache full:https://registry.npmjs.org/es-abstract cache-miss
2345 http fetch GET 200 https://registry.npmjs.org/math-intrinsics 139ms (cache miss)
2346 silly packumentCache full:https://registry.npmjs.org/math-intrinsics set size:undefined disposed:false
2347 silly fetch manifest es-errors@^1.3.0
2348 silly packumentCache full:https://registry.npmjs.org/es-errors cache-miss
2349 http fetch GET 200 https://registry.npmjs.org/get-intrinsic 152ms (cache miss)
2350 silly packumentCache full:https://registry.npmjs.org/get-intrinsic set size:undefined disposed:false
2351 silly fetch manifest es-shim-unscopables@^1.1.0
2352 silly packumentCache full:https://registry.npmjs.org/es-shim-unscopables cache-miss
2353 http fetch GET 200 https://registry.npmjs.org/call-bound 170ms (cache miss)
2354 silly packumentCache full:https://registry.npmjs.org/call-bound set size:undefined disposed:false
2355 silly fetch manifest call-bind@^1.0.8
2356 silly packumentCache full:https://registry.npmjs.org/call-bind cache-miss
2357 http fetch GET 200 https://registry.npmjs.org/call-bound 178ms (cache miss)
2358 silly packumentCache full:https://registry.npmjs.org/call-bound set size:undefined disposed:false
2359 silly fetch manifest define-properties@^1.2.1
2360 silly packumentCache full:https://registry.npmjs.org/define-properties cache-miss
2361 http fetch GET 200 https://registry.npmjs.org/is-string 187ms (cache miss)
2362 silly packumentCache full:https://registry.npmjs.org/is-string set size:undefined disposed:false
2363 silly fetch manifest es-abstract@^1.23.5
2364 silly packumentCache full:https://registry.npmjs.org/es-abstract cache-miss
2365 http fetch GET 200 https://registry.npmjs.org/define-properties 194ms (cache miss)
2366 silly packumentCache full:https://registry.npmjs.org/define-properties set size:undefined disposed:false
2367 silly fetch manifest es-shim-unscopables@^1.0.2
2368 silly packumentCache full:https://registry.npmjs.org/es-shim-unscopables cache-miss
2369 http fetch GET 200 https://registry.npmjs.org/call-bind 197ms (cache miss)
2370 silly packumentCache full:https://registry.npmjs.org/call-bind set size:undefined disposed:false
2371 silly fetch manifest es-abstract@^1.23.5
2372 silly packumentCache full:https://registry.npmjs.org/es-abstract cache-miss
2373 http fetch GET 200 https://registry.npmjs.org/define-properties 203ms (cache miss)
2374 silly packumentCache full:https://registry.npmjs.org/define-properties set size:undefined disposed:false
2375 silly fetch manifest es-shim-unscopables@^1.0.2
2376 silly packumentCache full:https://registry.npmjs.org/es-shim-unscopables cache-miss
2377 http fetch GET 200 https://registry.npmjs.org/call-bind 207ms (cache miss)
2378 silly packumentCache full:https://registry.npmjs.org/call-bind set size:undefined disposed:false
2379 silly fetch manifest function-bind@^1.1.2
2380 silly packumentCache full:https://registry.npmjs.org/function-bind cache-miss
2381 http fetch GET 200 https://registry.npmjs.org/es-abstract 233ms (cache miss)
2382 silly packumentCache full:https://registry.npmjs.org/es-abstract set size:undefined disposed:false
2383 silly fetch manifest call-bind@^1.0.7
2384 silly packumentCache full:https://registry.npmjs.org/call-bind cache-miss
2385 http fetch GET 200 https://registry.npmjs.org/es-abstract 123ms (cache miss)
2386 silly packumentCache full:https://registry.npmjs.org/es-abstract set size:undefined disposed:false
2387 silly fetch manifest es-abstract@^1.23.2
2388 silly packumentCache full:https://registry.npmjs.org/es-abstract cache-miss
2389 http fetch GET 200 https://registry.npmjs.org/call-bind 8ms (cache hit)
2390 silly packumentCache full:https://registry.npmjs.org/call-bind set size:30096 disposed:false
2391 silly fetch manifest es-object-atoms@^1.0.0
2392 silly packumentCache full:https://registry.npmjs.org/es-object-atoms cache-miss
2393 http fetch GET 200 https://registry.npmjs.org/es-object-atoms 4ms (cache hit)
2394 silly packumentCache full:https://registry.npmjs.org/es-object-atoms set size:15304 disposed:false
2395 silly fetch manifest es-abstract@^1.23.2
2396 silly packumentCache full:https://registry.npmjs.org/es-abstract cache-miss
2397 http fetch GET 200 https://registry.npmjs.org/es-errors 118ms (cache miss)
2398 silly packumentCache full:https://registry.npmjs.org/es-errors set size:undefined disposed:false
2399 silly fetch manifest call-bound@^1.0.3
2400 silly packumentCache full:https://registry.npmjs.org/call-bound cache-miss
2401 http fetch GET 200 https://registry.npmjs.org/es-abstract 14ms (cache hit)
2402 silly packumentCache full:https://registry.npmjs.org/es-abstract set size:373045 disposed:false
2403 silly fetch manifest call-bound@^1.0.2
2404 silly packumentCache full:https://registry.npmjs.org/call-bound cache-miss
2405 http fetch GET 200 https://registry.npmjs.org/es-abstract 32ms (cache hit)
2406 silly packumentCache full:https://registry.npmjs.org/es-abstract set size:373045 disposed:false
2407 silly packumentCache full:https://registry.npmjs.org/es-abstract dispose
2408 silly fetch manifest json5@^1.0.2
2409 silly packumentCache full:https://registry.npmjs.org/json5 cache-miss
2410 http fetch GET 200 https://registry.npmjs.org/call-bound 18ms (cache hit)
2411 silly packumentCache full:https://registry.npmjs.org/call-bound set size:15317 disposed:false
2412 silly fetch manifest strip-bom@^3.0.0
2413 silly packumentCache full:https://registry.npmjs.org/strip-bom cache-miss
2414 http fetch GET 200 https://registry.npmjs.org/call-bound 10ms (cache hit)
2415 silly packumentCache full:https://registry.npmjs.org/call-bound set size:15317 disposed:false
2416 silly packumentCache full:https://registry.npmjs.org/call-bound dispose
2417 silly fetch manifest @types/json5@^0.0.29
2418 silly packumentCache full:https://registry.npmjs.org/@types%2fjson5 cache-miss
2419 http fetch GET 200 https://registry.npmjs.org/json5 7ms (cache hit)
2420 silly packumentCache full:https://registry.npmjs.org/json5 set size:86136 disposed:false
2421 http fetch GET 200 https://registry.npmjs.org/call-bind 117ms (cache miss)
2422 silly packumentCache full:https://registry.npmjs.org/call-bind set size:undefined disposed:false
2423 silly packumentCache full:https://registry.npmjs.org/call-bind dispose
2424 http fetch GET 200 https://registry.npmjs.org/define-properties 122ms (cache miss)
2425 silly packumentCache full:https://registry.npmjs.org/define-properties set size:undefined disposed:false
2426 http fetch GET 200 https://registry.npmjs.org/es-abstract 148ms (cache miss)
2427 silly packumentCache full:https://registry.npmjs.org/es-abstract set size:undefined disposed:true
2428 silly packumentCache full:https://registry.npmjs.org/es-abstract dispose
2429 http fetch GET 200 https://registry.npmjs.org/es-shim-unscopables 190ms (cache miss)
2430 silly packumentCache full:https://registry.npmjs.org/es-shim-unscopables set size:undefined disposed:false
2431 http fetch GET 200 https://registry.npmjs.org/function-bind 140ms (cache miss)
2432 silly packumentCache full:https://registry.npmjs.org/function-bind set size:undefined disposed:false
2433 http fetch GET 200 https://registry.npmjs.org/es-shim-unscopables 157ms (cache miss)
2434 silly packumentCache full:https://registry.npmjs.org/es-shim-unscopables set size:undefined disposed:false
2435 http fetch GET 200 https://registry.npmjs.org/es-abstract 184ms (cache miss)
2436 silly packumentCache full:https://registry.npmjs.org/es-abstract set size:undefined disposed:true
2437 http fetch GET 200 https://registry.npmjs.org/es-shim-unscopables 191ms (cache miss)
2438 silly packumentCache full:https://registry.npmjs.org/es-shim-unscopables set size:undefined disposed:false
2439 http fetch GET 200 https://registry.npmjs.org/strip-bom 179ms (cache miss)
2440 silly packumentCache full:https://registry.npmjs.org/strip-bom set size:undefined disposed:false
2441 http fetch GET 200 https://registry.npmjs.org/@types%2fjson5 253ms (cache miss)
2442 silly packumentCache full:https://registry.npmjs.org/@types%2fjson5 set size:undefined disposed:false
2443 silly placeDep ROOT call-bind@1.0.8 OK for: array-includes@3.1.9 want: ^1.0.8
2444 silly placeDep ROOT call-bound@1.0.4 OK for: array-includes@3.1.9 want: ^1.0.4
2445 silly placeDep ROOT define-properties@1.2.1 OK for: array-includes@3.1.9 want: ^1.2.1
2446 silly placeDep ROOT es-abstract@1.24.0 OK for: array-includes@3.1.9 want: ^1.24.0
2447 silly placeDep ROOT es-object-atoms@1.1.1 OK for: array-includes@3.1.9 want: ^1.1.1
2448 silly placeDep ROOT get-intrinsic@1.3.0 OK for: array-includes@3.1.9 want: ^1.3.0
2449 silly placeDep ROOT is-string@1.1.1 OK for: array-includes@3.1.9 want: ^1.1.1
2450 silly placeDep ROOT math-intrinsics@1.1.0 OK for: array-includes@3.1.9 want: ^1.1.0
2451 silly fetch manifest call-bind-apply-helpers@^1.0.0
2452 silly packumentCache full:https://registry.npmjs.org/call-bind-apply-helpers cache-miss
2453 silly fetch manifest es-define-property@^1.0.0
2454 silly packumentCache full:https://registry.npmjs.org/es-define-property cache-miss
2455 silly fetch manifest get-intrinsic@^1.2.4
2456 silly packumentCache full:https://registry.npmjs.org/get-intrinsic cache-miss
2457 silly fetch manifest set-function-length@^1.2.2
2458 silly packumentCache full:https://registry.npmjs.org/set-function-length cache-miss
2459 silly fetch manifest call-bind-apply-helpers@^1.0.2
2460 silly packumentCache full:https://registry.npmjs.org/call-bind-apply-helpers cache-miss
2461 silly fetch manifest define-data-property@^1.0.1
2462 silly packumentCache full:https://registry.npmjs.org/define-data-property cache-miss
2463 silly fetch manifest has-property-descriptors@^1.0.0
2464 silly packumentCache full:https://registry.npmjs.org/has-property-descriptors cache-miss
2465 silly fetch manifest object-keys@^1.1.1
2466 silly packumentCache full:https://registry.npmjs.org/object-keys cache-miss
2467 silly fetch manifest array-buffer-byte-length@^1.0.2
2468 silly packumentCache full:https://registry.npmjs.org/array-buffer-byte-length cache-miss
2469 silly fetch manifest arraybuffer.prototype.slice@^1.0.4
2470 silly packumentCache full:https://registry.npmjs.org/arraybuffer.prototype.slice cache-miss
2471 silly fetch manifest available-typed-arrays@^1.0.7
2472 silly packumentCache full:https://registry.npmjs.org/available-typed-arrays cache-miss
2473 http fetch GET 200 https://registry.npmjs.org/get-intrinsic 11ms (cache hit)
2474 silly packumentCache full:https://registry.npmjs.org/get-intrinsic set size:60985 disposed:false
2475 silly fetch manifest data-view-buffer@^1.0.2
2476 silly packumentCache full:https://registry.npmjs.org/data-view-buffer cache-miss
2477 http fetch GET 200 https://registry.npmjs.org/call-bind-apply-helpers 116ms (cache miss)
2478 silly packumentCache full:https://registry.npmjs.org/call-bind-apply-helpers set size:undefined disposed:false
2479 silly fetch manifest data-view-byte-length@^1.0.2
2480 silly packumentCache full:https://registry.npmjs.org/data-view-byte-length cache-miss
2481 http fetch GET 200 https://registry.npmjs.org/es-define-property 124ms (cache miss)
2482 silly packumentCache full:https://registry.npmjs.org/es-define-property set size:undefined disposed:false
2483 silly fetch manifest data-view-byte-offset@^1.0.1
2484 silly packumentCache full:https://registry.npmjs.org/data-view-byte-offset cache-miss
2485 http fetch GET 200 https://registry.npmjs.org/call-bind-apply-helpers 136ms (cache miss)
2486 silly packumentCache full:https://registry.npmjs.org/call-bind-apply-helpers set size:undefined disposed:false
2487 silly fetch manifest es-define-property@^1.0.1
2488 silly packumentCache full:https://registry.npmjs.org/es-define-property cache-miss
2489 http fetch GET 200 https://registry.npmjs.org/es-define-property 7ms (cache hit)
2490 silly packumentCache full:https://registry.npmjs.org/es-define-property set size:8542 disposed:false
2491 silly fetch manifest es-set-tostringtag@^2.1.0
2492 silly packumentCache full:https://registry.npmjs.org/es-set-tostringtag cache-miss
2493 http fetch GET 200 https://registry.npmjs.org/set-function-length 168ms (cache miss)
2494 silly packumentCache full:https://registry.npmjs.org/set-function-length set size:undefined disposed:false
2495 silly fetch manifest es-to-primitive@^1.3.0
2496 silly packumentCache full:https://registry.npmjs.org/es-to-primitive cache-miss
2497 http fetch GET 200 https://registry.npmjs.org/array-buffer-byte-length 174ms (cache miss)
2498 silly packumentCache full:https://registry.npmjs.org/array-buffer-byte-length set size:undefined disposed:false
2499 silly fetch manifest function.prototype.name@^1.1.8
2500 silly packumentCache full:https://registry.npmjs.org/function.prototype.name cache-miss
2501 http fetch GET 200 https://registry.npmjs.org/object-keys 184ms (cache miss)
2502 silly packumentCache full:https://registry.npmjs.org/object-keys set size:undefined disposed:false
2503 silly fetch manifest get-proto@^1.0.1
2504 silly packumentCache full:https://registry.npmjs.org/get-proto cache-miss
2505 http fetch GET 200 https://registry.npmjs.org/arraybuffer.prototype.slice 205ms (cache miss)
2506 silly packumentCache full:https://registry.npmjs.org/arraybuffer.prototype.slice set size:undefined disposed:false
2507 silly fetch manifest get-symbol-description@^1.1.0
2508 silly packumentCache full:https://registry.npmjs.org/get-symbol-description cache-miss
2509 http fetch GET 200 https://registry.npmjs.org/available-typed-arrays 207ms (cache miss)
2510 silly packumentCache full:https://registry.npmjs.org/available-typed-arrays set size:undefined disposed:false
2511 silly fetch manifest globalthis@^1.0.4
2512 silly packumentCache full:https://registry.npmjs.org/globalthis cache-miss
2513 http fetch GET 200 https://registry.npmjs.org/has-property-descriptors 228ms (cache miss)
2514 silly packumentCache full:https://registry.npmjs.org/has-property-descriptors set size:undefined disposed:false
2515 silly fetch manifest gopd@^1.2.0
2516 silly packumentCache full:https://registry.npmjs.org/gopd cache-miss
2517 http fetch GET 200 https://registry.npmjs.org/define-data-property 230ms (cache miss)
2518 silly packumentCache full:https://registry.npmjs.org/define-data-property set size:undefined disposed:false
2519 silly fetch manifest has-property-descriptors@^1.0.2
2520 silly packumentCache full:https://registry.npmjs.org/has-property-descriptors cache-miss
2521 http fetch GET 200 https://registry.npmjs.org/data-view-buffer 223ms (cache miss)
2522 silly packumentCache full:https://registry.npmjs.org/data-view-buffer set size:undefined disposed:false
2523 silly fetch manifest has-proto@^1.2.0
2524 silly packumentCache full:https://registry.npmjs.org/has-proto cache-miss
2525 http fetch GET 200 https://registry.npmjs.org/has-property-descriptors 12ms (cache hit)
2526 silly packumentCache full:https://registry.npmjs.org/has-property-descriptors set size:12452 disposed:false
2527 silly fetch manifest has-symbols@^1.1.0
2528 silly packumentCache full:https://registry.npmjs.org/has-symbols cache-miss
2529 http fetch GET 200 https://registry.npmjs.org/es-set-tostringtag 122ms (cache miss)
2530 silly packumentCache full:https://registry.npmjs.org/es-set-tostringtag set size:undefined disposed:false
2531 silly fetch manifest internal-slot@^1.1.0
2532 silly packumentCache full:https://registry.npmjs.org/internal-slot cache-miss
2533 http fetch GET 200 https://registry.npmjs.org/data-view-byte-length 185ms (cache miss)
2534 silly packumentCache full:https://registry.npmjs.org/data-view-byte-length set size:undefined disposed:false
2535 silly fetch manifest is-array-buffer@^3.0.5
2536 silly packumentCache full:https://registry.npmjs.org/is-array-buffer cache-miss
2537 http fetch GET 200 https://registry.npmjs.org/get-proto 117ms (cache miss)
2538 silly packumentCache full:https://registry.npmjs.org/get-proto set size:undefined disposed:false
2539 silly fetch manifest is-callable@^1.2.7
2540 silly packumentCache full:https://registry.npmjs.org/is-callable cache-miss
2541 http fetch GET 200 https://registry.npmjs.org/data-view-byte-offset 185ms (cache miss)
2542 silly packumentCache full:https://registry.npmjs.org/data-view-byte-offset set size:undefined disposed:false
2543 silly fetch manifest is-data-view@^1.0.2
2544 silly packumentCache full:https://registry.npmjs.org/is-data-view cache-miss
2545 http fetch GET 200 https://registry.npmjs.org/has-symbols 89ms (cache miss)
2546 silly packumentCache full:https://registry.npmjs.org/has-symbols set size:undefined disposed:false
2547 silly fetch manifest is-negative-zero@^2.0.3
2548 silly packumentCache full:https://registry.npmjs.org/is-negative-zero cache-miss
2549 http fetch GET 200 https://registry.npmjs.org/gopd 109ms (cache miss)
2550 silly packumentCache full:https://registry.npmjs.org/gopd set size:undefined disposed:false
2551 silly fetch manifest is-regex@^1.2.1
2552 silly packumentCache full:https://registry.npmjs.org/is-regex cache-miss
2553 http fetch GET 200 https://registry.npmjs.org/function.prototype.name 168ms (cache miss)
2554 silly packumentCache full:https://registry.npmjs.org/function.prototype.name set size:undefined disposed:false
2555 silly fetch manifest is-set@^2.0.3
2556 silly packumentCache full:https://registry.npmjs.org/is-set cache-miss
2557 http fetch GET 200 https://registry.npmjs.org/es-to-primitive 178ms (cache miss)
2558 silly packumentCache full:https://registry.npmjs.org/es-to-primitive set size:undefined disposed:false
2559 silly fetch manifest is-shared-array-buffer@^1.0.4
2560 silly packumentCache full:https://registry.npmjs.org/is-shared-array-buffer cache-miss
2561 http fetch GET 200 https://registry.npmjs.org/get-symbol-description 177ms (cache miss)
2562 silly packumentCache full:https://registry.npmjs.org/get-symbol-description set size:undefined disposed:false
2563 silly fetch manifest is-typed-array@^1.1.15
2564 silly packumentCache full:https://registry.npmjs.org/is-typed-array cache-miss
2565 http fetch GET 200 https://registry.npmjs.org/has-proto 170ms (cache miss)
2566 silly packumentCache full:https://registry.npmjs.org/has-proto set size:undefined disposed:false
2567 silly fetch manifest is-weakref@^1.1.1
2568 silly packumentCache full:https://registry.npmjs.org/is-weakref cache-miss
2569 http fetch GET 200 https://registry.npmjs.org/globalthis 197ms (cache miss)
2570 silly packumentCache full:https://registry.npmjs.org/globalthis set size:undefined disposed:false
2571 silly fetch manifest object-inspect@^1.13.4
2572 silly packumentCache full:https://registry.npmjs.org/object-inspect cache-miss
2573 http fetch GET 200 https://registry.npmjs.org/internal-slot 178ms (cache miss)
2574 silly packumentCache full:https://registry.npmjs.org/internal-slot set size:undefined disposed:false
2575 silly fetch manifest object.assign@^4.1.7
2576 silly packumentCache full:https://registry.npmjs.org/object.assign cache-miss
2577 http fetch GET 200 https://registry.npmjs.org/is-data-view 155ms (cache miss)
2578 silly packumentCache full:https://registry.npmjs.org/is-data-view set size:undefined disposed:false
2579 silly fetch manifest own-keys@^1.0.1
2580 silly packumentCache full:https://registry.npmjs.org/own-keys cache-miss
2581 http fetch GET 200 https://registry.npmjs.org/is-negative-zero 149ms (cache miss)
2582 silly packumentCache full:https://registry.npmjs.org/is-negative-zero set size:undefined disposed:false
2583 silly fetch manifest regexp.prototype.flags@^1.5.4
2584 silly packumentCache full:https://registry.npmjs.org/regexp.prototype.flags cache-miss
2585 http fetch GET 200 https://registry.npmjs.org/is-callable 182ms (cache miss)
2586 silly packumentCache full:https://registry.npmjs.org/is-callable set size:undefined disposed:false
2587 silly fetch manifest safe-array-concat@^1.1.3
2588 silly packumentCache full:https://registry.npmjs.org/safe-array-concat cache-miss
2589 http fetch GET 200 https://registry.npmjs.org/is-shared-array-buffer 161ms (cache miss)
2590 silly packumentCache full:https://registry.npmjs.org/is-shared-array-buffer set size:undefined disposed:false
2591 silly fetch manifest safe-push-apply@^1.0.0
2592 silly packumentCache full:https://registry.npmjs.org/safe-push-apply cache-miss
2593 http fetch GET 200 https://registry.npmjs.org/is-array-buffer 208ms (cache miss)
2594 silly packumentCache full:https://registry.npmjs.org/is-array-buffer set size:undefined disposed:false
2595 silly fetch manifest safe-regex-test@^1.1.0
2596 silly packumentCache full:https://registry.npmjs.org/safe-regex-test cache-miss
2597 http fetch GET 200 https://registry.npmjs.org/safe-regex-test 8ms (cache hit)
2598 silly packumentCache full:https://registry.npmjs.org/safe-regex-test set size:17412 disposed:false
2599 silly fetch manifest set-proto@^1.0.0
2600 silly packumentCache full:https://registry.npmjs.org/set-proto cache-miss
2601 http fetch GET 200 https://registry.npmjs.org/is-set 182ms (cache miss)
2602 silly packumentCache full:https://registry.npmjs.org/is-set set size:undefined disposed:false
2603 silly fetch manifest stop-iteration-iterator@^1.1.0
2604 silly packumentCache full:https://registry.npmjs.org/stop-iteration-iterator cache-miss
2605 http fetch GET 200 https://registry.npmjs.org/is-typed-array 209ms (cache miss)
2606 silly packumentCache full:https://registry.npmjs.org/is-typed-array set size:undefined disposed:false
2607 silly fetch manifest string.prototype.trim@^1.2.10
2608 silly packumentCache full:https://registry.npmjs.org/string.prototype.trim cache-miss
2609 http fetch GET 200 https://registry.npmjs.org/is-weakref 192ms (cache miss)
2610 silly packumentCache full:https://registry.npmjs.org/is-weakref set size:undefined disposed:false
2611 silly fetch manifest string.prototype.trimstart@^1.0.8
2612 silly packumentCache full:https://registry.npmjs.org/string.prototype.trimstart cache-miss
2613 http fetch GET 200 https://registry.npmjs.org/object.assign 189ms (cache miss)
2614 silly packumentCache full:https://registry.npmjs.org/object.assign set size:undefined disposed:false
2615 silly fetch manifest typed-array-buffer@^1.0.3
2616 silly packumentCache full:https://registry.npmjs.org/typed-array-buffer cache-miss
2617 http fetch GET 200 https://registry.npmjs.org/regexp.prototype.flags 167ms (cache miss)
2618 silly packumentCache full:https://registry.npmjs.org/regexp.prototype.flags set size:undefined disposed:false
2619 silly fetch manifest typed-array-byte-length@^1.0.3
2620 silly packumentCache full:https://registry.npmjs.org/typed-array-byte-length cache-miss
2621 http fetch GET 200 https://registry.npmjs.org/own-keys 193ms (cache miss)
2622 silly packumentCache full:https://registry.npmjs.org/own-keys set size:undefined disposed:false
2623 silly fetch manifest typed-array-byte-offset@^1.0.4
2624 silly packumentCache full:https://registry.npmjs.org/typed-array-byte-offset cache-miss
2625 http fetch GET 200 https://registry.npmjs.org/safe-push-apply 152ms (cache miss)
2626 silly packumentCache full:https://registry.npmjs.org/safe-push-apply set size:undefined disposed:false
2627 silly fetch manifest typed-array-length@^1.0.7
2628 silly packumentCache full:https://registry.npmjs.org/typed-array-length cache-miss
2629 http fetch GET 200 https://registry.npmjs.org/object-inspect 264ms (cache miss)
2630 silly packumentCache full:https://registry.npmjs.org/object-inspect set size:undefined disposed:false
2631 silly fetch manifest unbox-primitive@^1.1.0
2632 silly packumentCache full:https://registry.npmjs.org/unbox-primitive cache-miss
2633 http fetch GET 200 https://registry.npmjs.org/safe-array-concat 189ms (cache miss)
2634 silly packumentCache full:https://registry.npmjs.org/safe-array-concat set size:undefined disposed:false
2635 silly fetch manifest which-typed-array@^1.1.19
2636 silly packumentCache full:https://registry.npmjs.org/which-typed-array cache-miss
2637 http fetch GET 200 https://registry.npmjs.org/set-proto 160ms (cache miss)
2638 silly packumentCache full:https://registry.npmjs.org/set-proto set size:undefined disposed:false
2639 silly fetch manifest has-tostringtag@^1.0.2
2640 silly packumentCache full:https://registry.npmjs.org/has-tostringtag cache-miss
2641 http fetch GET 200 https://registry.npmjs.org/stop-iteration-iterator 189ms (cache miss)
2642 silly packumentCache full:https://registry.npmjs.org/stop-iteration-iterator set size:undefined disposed:false
2643 http fetch GET 200 https://registry.npmjs.org/string.prototype.trimstart 171ms (cache miss)
2644 silly packumentCache full:https://registry.npmjs.org/string.prototype.trimstart set size:undefined disposed:false
2645 http fetch GET 200 https://registry.npmjs.org/string.prototype.trim 203ms (cache miss)
2646 silly packumentCache full:https://registry.npmjs.org/string.prototype.trim set size:undefined disposed:false
2647 http fetch GET 200 https://registry.npmjs.org/typed-array-buffer 167ms (cache miss)
2648 silly packumentCache full:https://registry.npmjs.org/typed-array-buffer set size:undefined disposed:false
2649 http fetch GET 200 https://registry.npmjs.org/has-tostringtag 125ms (cache miss)
2650 silly packumentCache full:https://registry.npmjs.org/has-tostringtag set size:undefined disposed:false
2651 http fetch GET 200 https://registry.npmjs.org/typed-array-byte-offset 153ms (cache miss)
2652 silly packumentCache full:https://registry.npmjs.org/typed-array-byte-offset set size:undefined disposed:false
2653 http fetch GET 200 https://registry.npmjs.org/unbox-primitive 145ms (cache miss)
2654 silly packumentCache full:https://registry.npmjs.org/unbox-primitive set size:undefined disposed:false
2655 http fetch GET 200 https://registry.npmjs.org/which-typed-array 147ms (cache miss)
2656 silly packumentCache full:https://registry.npmjs.org/which-typed-array set size:undefined disposed:false
2657 http fetch GET 200 https://registry.npmjs.org/typed-array-length 186ms (cache miss)
2658 silly packumentCache full:https://registry.npmjs.org/typed-array-length set size:undefined disposed:false
2659 http fetch GET 200 https://registry.npmjs.org/typed-array-byte-length 212ms (cache miss)
2660 silly packumentCache full:https://registry.npmjs.org/typed-array-byte-length set size:undefined disposed:false
2661 http fetch GET 200 https://registry.npmjs.org/is-regex 888ms (cache miss)
2662 silly packumentCache full:https://registry.npmjs.org/is-regex set size:undefined disposed:false
2663 silly placeDep ROOT es-errors@1.3.0 OK for: array.prototype.findlastindex@1.2.6 want: ^1.3.0
2664 silly placeDep ROOT es-shim-unscopables@1.1.0 OK for: array.prototype.findlastindex@1.2.6 want: ^1.1.0
2665 silly placeDep ROOT call-bind-apply-helpers@1.0.2 OK for: call-bind@1.0.8 want: ^1.0.0
2666 silly placeDep ROOT es-define-property@1.0.1 OK for: call-bind@1.0.8 want: ^1.0.0
2667 silly placeDep ROOT set-function-length@1.2.2 OK for: call-bind@1.0.8 want: ^1.2.2
2668 silly fetch manifest define-data-property@^1.1.4
2669 silly packumentCache full:https://registry.npmjs.org/define-data-property cache-miss
2670 silly fetch manifest gopd@^1.0.1
2671 silly packumentCache full:https://registry.npmjs.org/gopd cache-miss
2672 http fetch GET 200 https://registry.npmjs.org/define-data-property 6ms (cache hit)
2673 silly packumentCache full:https://registry.npmjs.org/define-data-property set size:28048 disposed:false
2674 http fetch GET 200 https://registry.npmjs.org/gopd 5ms (cache hit)
2675 silly packumentCache full:https://registry.npmjs.org/gopd set size:11458 disposed:false
2676 silly placeDep ROOT function-bind@1.1.2 OK for: call-bind-apply-helpers@1.0.2 want: ^1.1.2
2677 silly placeDep ROOT define-data-property@1.1.4 OK for: define-properties@1.2.1 want: ^1.0.1
2678 silly placeDep ROOT has-property-descriptors@1.0.2 OK for: define-properties@1.2.1 want: ^1.0.0
2679 silly placeDep ROOT object-keys@1.1.1 OK for: define-properties@1.2.1 want: ^1.1.1
2680 silly placeDep ROOT gopd@1.2.0 OK for: define-data-property@1.1.4 want: ^1.0.1
2681 silly placeDep ROOT array-buffer-byte-length@1.0.2 OK for: es-abstract@1.24.0 want: ^1.0.2
2682 silly placeDep ROOT arraybuffer.prototype.slice@1.0.4 OK for: es-abstract@1.24.0 want: ^1.0.4
2683 silly placeDep ROOT available-typed-arrays@1.0.7 OK for: es-abstract@1.24.0 want: ^1.0.7
2684 silly placeDep ROOT data-view-buffer@1.0.2 OK for: es-abstract@1.24.0 want: ^1.0.2
2685 silly placeDep ROOT data-view-byte-length@1.0.2 OK for: es-abstract@1.24.0 want: ^1.0.2
2686 silly placeDep ROOT data-view-byte-offset@1.0.1 OK for: es-abstract@1.24.0 want: ^1.0.1
2687 silly placeDep ROOT es-set-tostringtag@2.1.0 OK for: es-abstract@1.24.0 want: ^2.1.0
2688 silly placeDep ROOT es-to-primitive@1.3.0 OK for: es-abstract@1.24.0 want: ^1.3.0
2689 silly placeDep ROOT function.prototype.name@1.1.8 OK for: es-abstract@1.24.0 want: ^1.1.8
2690 silly placeDep ROOT get-proto@1.0.1 OK for: es-abstract@1.24.0 want: ^1.0.1
2691 silly placeDep ROOT get-symbol-description@1.1.0 OK for: es-abstract@1.24.0 want: ^1.1.0
2692 silly placeDep ROOT globalthis@1.0.4 OK for: es-abstract@1.24.0 want: ^1.0.4
2693 silly placeDep ROOT has-proto@1.2.0 OK for: es-abstract@1.24.0 want: ^1.2.0
2694 silly placeDep ROOT has-symbols@1.1.0 OK for: es-abstract@1.24.0 want: ^1.1.0
2695 silly placeDep ROOT internal-slot@1.1.0 OK for: es-abstract@1.24.0 want: ^1.1.0
2696 silly placeDep ROOT is-array-buffer@3.0.5 OK for: es-abstract@1.24.0 want: ^3.0.5
2697 silly placeDep ROOT is-callable@1.2.7 OK for: es-abstract@1.24.0 want: ^1.2.7
2698 silly placeDep ROOT is-data-view@1.0.2 OK for: es-abstract@1.24.0 want: ^1.0.2
2699 silly placeDep ROOT is-negative-zero@2.0.3 OK for: es-abstract@1.24.0 want: ^2.0.3
2700 silly placeDep ROOT is-regex@1.2.1 OK for: es-abstract@1.24.0 want: ^1.2.1
2701 silly placeDep ROOT is-set@2.0.3 OK for: es-abstract@1.24.0 want: ^2.0.3
2702 silly placeDep ROOT is-shared-array-buffer@1.0.4 OK for: es-abstract@1.24.0 want: ^1.0.4
2703 silly placeDep ROOT is-typed-array@1.1.15 OK for: es-abstract@1.24.0 want: ^1.1.15
2704 silly placeDep ROOT is-weakref@1.1.1 OK for: es-abstract@1.24.0 want: ^1.1.1
2705 silly placeDep ROOT object-inspect@1.13.4 OK for: es-abstract@1.24.0 want: ^1.13.4
2706 silly placeDep ROOT object.assign@4.1.7 OK for: es-abstract@1.24.0 want: ^4.1.7
2707 silly placeDep ROOT own-keys@1.0.1 OK for: es-abstract@1.24.0 want: ^1.0.1
2708 silly placeDep ROOT regexp.prototype.flags@1.5.4 OK for: es-abstract@1.24.0 want: ^1.5.4
2709 silly placeDep ROOT safe-array-concat@1.1.3 OK for: es-abstract@1.24.0 want: ^1.1.3
2710 silly placeDep ROOT safe-push-apply@1.0.0 OK for: es-abstract@1.24.0 want: ^1.0.0
2711 silly placeDep ROOT safe-regex-test@1.1.0 OK for: es-abstract@1.24.0 want: ^1.1.0
2712 silly placeDep ROOT set-proto@1.0.0 OK for: es-abstract@1.24.0 want: ^1.0.0
2713 silly placeDep ROOT stop-iteration-iterator@1.1.0 OK for: es-abstract@1.24.0 want: ^1.1.0
2714 silly placeDep ROOT string.prototype.trim@1.2.10 OK for: es-abstract@1.24.0 want: ^1.2.10
2715 silly placeDep ROOT string.prototype.trimstart@1.0.8 OK for: es-abstract@1.24.0 want: ^1.0.8
2716 silly placeDep ROOT typed-array-buffer@1.0.3 OK for: es-abstract@1.24.0 want: ^1.0.3
2717 silly placeDep ROOT typed-array-byte-length@1.0.3 OK for: es-abstract@1.24.0 want: ^1.0.3
2718 silly placeDep ROOT typed-array-byte-offset@1.0.4 OK for: es-abstract@1.24.0 want: ^1.0.4
2719 silly placeDep ROOT typed-array-length@1.0.7 OK for: es-abstract@1.24.0 want: ^1.0.7
2720 silly placeDep ROOT unbox-primitive@1.1.0 OK for: es-abstract@1.24.0 want: ^1.1.0
2721 silly placeDep ROOT which-typed-array@1.1.19 OK for: es-abstract@1.24.0 want: ^1.1.19
2722 silly fetch manifest is-array-buffer@^3.0.4
2723 silly packumentCache full:https://registry.npmjs.org/is-array-buffer cache-miss
2724 silly fetch manifest possible-typed-array-names@^1.0.0
2725 silly packumentCache full:https://registry.npmjs.org/possible-typed-array-names cache-miss
2726 silly fetch manifest is-data-view@^1.0.1
2727 silly packumentCache full:https://registry.npmjs.org/is-data-view cache-miss
2728 silly fetch manifest is-date-object@^1.0.5
2729 silly packumentCache full:https://registry.npmjs.org/is-date-object cache-miss
2730 silly fetch manifest is-symbol@^1.0.4
2731 silly packumentCache full:https://registry.npmjs.org/is-symbol cache-miss
2732 silly fetch manifest functions-have-names@^1.2.3
2733 silly packumentCache full:https://registry.npmjs.org/functions-have-names cache-miss
2734 silly fetch manifest dunder-proto@^1.0.1
2735 silly packumentCache full:https://registry.npmjs.org/dunder-proto cache-miss
2736 silly fetch manifest dunder-proto@^1.0.0
2737 silly packumentCache full:https://registry.npmjs.org/dunder-proto cache-miss
2738 silly fetch manifest side-channel@^1.1.0
2739 silly packumentCache full:https://registry.npmjs.org/side-channel cache-miss
2740 silly fetch manifest is-typed-array@^1.1.13
2741 silly packumentCache full:https://registry.npmjs.org/is-typed-array cache-miss
2742 silly fetch manifest which-typed-array@^1.1.16
2743 silly packumentCache full:https://registry.npmjs.org/which-typed-array cache-miss
2744 http fetch GET 200 https://registry.npmjs.org/is-array-buffer 11ms (cache hit)
2745 silly packumentCache full:https://registry.npmjs.org/is-array-buffer set size:33562 disposed:false
2746 silly fetch manifest set-function-name@^2.0.2
2747 silly packumentCache full:https://registry.npmjs.org/set-function-name cache-miss
2748 http fetch GET 200 https://registry.npmjs.org/is-typed-array 11ms (cache hit)
2749 silly packumentCache full:https://registry.npmjs.org/is-typed-array set size:79965 disposed:false
2750 silly fetch manifest isarray@^2.0.5
2751 silly packumentCache full:https://registry.npmjs.org/isarray cache-miss
2752 http fetch GET 200 https://registry.npmjs.org/which-typed-array 13ms (cache hit)
2753 silly packumentCache full:https://registry.npmjs.org/which-typed-array set size:89701 disposed:false
2754 silly fetch manifest isarray@^2.0.5
2755 silly packumentCache full:https://registry.npmjs.org/isarray cache-miss
2756 http fetch GET 200 https://registry.npmjs.org/is-data-view 16ms (cache hit)
2757 silly packumentCache full:https://registry.npmjs.org/is-data-view set size:13756 disposed:false
2758 silly fetch manifest dunder-proto@^1.0.1
2759 silly packumentCache full:https://registry.npmjs.org/dunder-proto cache-miss
2760 http fetch GET 200 https://registry.npmjs.org/dunder-proto 116ms (cache miss)
2761 silly packumentCache full:https://registry.npmjs.org/dunder-proto set size:undefined disposed:false
2762 silly fetch manifest for-each@^0.3.3
2763 silly packumentCache full:https://registry.npmjs.org/for-each cache-miss
2764 http fetch GET 200 https://registry.npmjs.org/side-channel 123ms (cache miss)
2765 silly packumentCache full:https://registry.npmjs.org/side-channel set size:undefined disposed:false
2766 silly fetch manifest for-each@^0.3.3
2767 silly packumentCache full:https://registry.npmjs.org/for-each cache-miss
2768 http fetch GET 200 https://registry.npmjs.org/isarray 116ms (cache miss)
2769 silly packumentCache full:https://registry.npmjs.org/isarray set size:undefined disposed:false
2770 silly fetch manifest reflect.getprototypeof@^1.0.9
2771 silly packumentCache full:https://registry.npmjs.org/reflect.getprototypeof cache-miss
2772 http fetch GET 200 https://registry.npmjs.org/isarray 125ms (cache miss)
2773 silly packumentCache full:https://registry.npmjs.org/isarray set size:undefined disposed:false
2774 silly fetch manifest for-each@^0.3.3
2775 silly packumentCache full:https://registry.npmjs.org/for-each cache-miss
2776 http fetch GET 200 https://registry.npmjs.org/dunder-proto 135ms (cache miss)
2777 silly packumentCache full:https://registry.npmjs.org/dunder-proto set size:undefined disposed:false
2778 silly fetch manifest possible-typed-array-names@^1.0.0
2779 silly packumentCache full:https://registry.npmjs.org/possible-typed-array-names cache-miss
2780 http fetch GET 200 https://registry.npmjs.org/dunder-proto 161ms (cache miss)
2781 silly packumentCache full:https://registry.npmjs.org/dunder-proto set size:undefined disposed:false
2782 silly fetch manifest reflect.getprototypeof@^1.0.6
2783 silly packumentCache full:https://registry.npmjs.org/reflect.getprototypeof cache-miss
2784 http fetch GET 200 https://registry.npmjs.org/possible-typed-array-names 177ms (cache miss)
2785 silly packumentCache full:https://registry.npmjs.org/possible-typed-array-names set size:undefined disposed:false
2786 silly fetch manifest has-bigints@^1.0.2
2787 silly packumentCache full:https://registry.npmjs.org/has-bigints cache-miss
2788 http fetch GET 200 https://registry.npmjs.org/is-date-object 185ms (cache miss)
2789 silly packumentCache full:https://registry.npmjs.org/is-date-object set size:undefined disposed:false
2790 silly fetch manifest which-boxed-primitive@^1.1.1
2791 silly packumentCache full:https://registry.npmjs.org/which-boxed-primitive cache-miss
2792 http fetch GET 200 https://registry.npmjs.org/is-symbol 206ms (cache miss)
2793 silly packumentCache full:https://registry.npmjs.org/is-symbol set size:undefined disposed:false
2794 silly fetch manifest for-each@^0.3.5
2795 silly packumentCache full:https://registry.npmjs.org/for-each cache-miss
2796 http fetch GET 200 https://registry.npmjs.org/functions-have-names 224ms (cache miss)
2797 silly packumentCache full:https://registry.npmjs.org/functions-have-names set size:undefined disposed:false
2798 http fetch GET 200 https://registry.npmjs.org/set-function-name 217ms (cache miss)
2799 silly packumentCache full:https://registry.npmjs.org/set-function-name set size:undefined disposed:false
2800 http fetch GET 200 https://registry.npmjs.org/possible-typed-array-names 95ms (cache miss)
2801 silly packumentCache full:https://registry.npmjs.org/possible-typed-array-names set size:undefined disposed:false
2802 http fetch GET 200 https://registry.npmjs.org/for-each 166ms (cache miss)
2803 silly packumentCache full:https://registry.npmjs.org/for-each set size:undefined disposed:false
2804 http fetch GET 200 https://registry.npmjs.org/for-each 172ms (cache miss)
2805 silly packumentCache full:https://registry.npmjs.org/for-each set size:undefined disposed:false
2806 http fetch GET 200 https://registry.npmjs.org/for-each 186ms (cache miss)
2807 silly packumentCache full:https://registry.npmjs.org/for-each set size:undefined disposed:false
2808 http fetch GET 200 https://registry.npmjs.org/has-bigints 147ms (cache miss)
2809 silly packumentCache full:https://registry.npmjs.org/has-bigints set size:undefined disposed:false
2810 http fetch GET 200 https://registry.npmjs.org/for-each 129ms (cache miss)
2811 silly packumentCache full:https://registry.npmjs.org/for-each set size:undefined disposed:false
2812 http fetch GET 200 https://registry.npmjs.org/which-boxed-primitive 178ms (cache miss)
2813 silly packumentCache full:https://registry.npmjs.org/which-boxed-primitive set size:undefined disposed:false
2814 http fetch GET 200 https://registry.npmjs.org/reflect.getprototypeof 221ms (cache miss)
2815 silly packumentCache full:https://registry.npmjs.org/reflect.getprototypeof set size:undefined disposed:false
2816 http fetch GET 200 https://registry.npmjs.org/reflect.getprototypeof 271ms (cache miss)
2817 silly packumentCache full:https://registry.npmjs.org/reflect.getprototypeof set size:undefined disposed:false
2818 silly placeDep ROOT possible-typed-array-names@1.1.0 OK for: available-typed-arrays@1.0.7 want: ^1.0.0
2819 silly placeDep ROOT has-tostringtag@1.0.2 OK for: es-set-tostringtag@2.1.0 want: ^1.0.2
2820 silly placeDep ROOT is-date-object@1.1.0 OK for: es-to-primitive@1.3.0 want: ^1.0.5
2821 silly placeDep ROOT is-symbol@1.1.1 OK for: es-to-primitive@1.3.0 want: ^1.0.4
2822 silly placeDep node_modules/eslint-module-utils debug@3.2.7 OK for: eslint-module-utils@2.12.1 want: ^3.2.7
2823 silly placeDep node_modules/eslint-plugin-jsx-a11y aria-query@5.3.2 OK for: eslint-plugin-jsx-a11y@6.10.2 want: ^5.3.2
2824 silly placeDep ROOT ast-types-flow@0.0.8 OK for: eslint-plugin-jsx-a11y@6.10.2 want: ^0.0.8
2825 silly placeDep ROOT axe-core@4.11.0 OK for: eslint-plugin-jsx-a11y@6.10.2 want: ^4.10.0
2826 silly placeDep ROOT axobject-query@4.1.0 OK for: eslint-plugin-jsx-a11y@6.10.2 want: ^4.1.0
2827 silly placeDep ROOT damerau-levenshtein@1.0.8 OK for: eslint-plugin-jsx-a11y@6.10.2 want: ^1.0.8
2828 silly placeDep ROOT emoji-regex@9.2.2 OK for: eslint-plugin-jsx-a11y@6.10.2 want: ^9.2.2
2829 silly placeDep ROOT jsx-ast-utils@3.3.5 OK for: eslint-plugin-jsx-a11y@6.10.2 want: ^3.3.5
2830 silly placeDep ROOT language-tags@1.0.9 OK for: eslint-plugin-jsx-a11y@6.10.2 want: ^1.0.9
2831 silly placeDep ROOT string.prototype.includes@2.0.1 OK for: eslint-plugin-jsx-a11y@6.10.2 want: ^2.0.1
2832 silly fetch manifest language-subtag-registry@^0.3.20
2833 silly packumentCache full:https://registry.npmjs.org/language-subtag-registry cache-miss
2834 http fetch GET 200 https://registry.npmjs.org/language-subtag-registry 223ms (cache miss)
2835 silly packumentCache full:https://registry.npmjs.org/language-subtag-registry set size:undefined disposed:false
2836 silly placeDep ROOT prettier-linter-helpers@1.0.0 OK for: eslint-plugin-prettier@5.5.4 want: ^1.0.0
2837 silly placeDep ROOT synckit@0.11.11 OK for: eslint-plugin-prettier@5.5.4 want: ^0.11.7
2838 silly fetch manifest fast-diff@^1.1.2
2839 silly packumentCache full:https://registry.npmjs.org/fast-diff cache-miss
2840 silly fetch manifest @pkgr/core@^0.2.9
2841 silly packumentCache full:https://registry.npmjs.org/@pkgr%2fcore cache-miss
2842 http fetch GET 200 https://registry.npmjs.org/fast-diff 277ms (cache miss)
2843 silly packumentCache full:https://registry.npmjs.org/fast-diff set size:undefined disposed:false
2844 http fetch GET 200 https://registry.npmjs.org/@pkgr%2fcore 407ms (cache miss)
2845 silly packumentCache full:https://registry.npmjs.org/@pkgr%2fcore set size:undefined disposed:false
2846 silly placeDep ROOT array.prototype.findlast@1.2.5 OK for: eslint-plugin-react@7.37.5 want: ^1.2.5
2847 silly placeDep ROOT array.prototype.tosorted@1.1.4 OK for: eslint-plugin-react@7.37.5 want: ^1.1.4
2848 silly placeDep ROOT es-iterator-helpers@1.2.1 OK for: eslint-plugin-react@7.37.5 want: ^1.2.1
2849 silly placeDep ROOT estraverse@5.3.0 OK for: eslint-plugin-react@7.37.5 want: ^5.3.0
2850 silly placeDep ROOT object.entries@1.1.9 OK for: eslint-plugin-react@7.37.5 want: ^1.1.9
2851 silly placeDep ROOT prop-types@15.8.1 OK for: eslint-plugin-react@7.37.5 want: ^15.8.1
2852 silly placeDep node_modules/eslint-plugin-react resolve@2.0.0-next.5 OK for: eslint-plugin-react@7.37.5 want: ^2.0.0-next.5
2853 silly placeDep node_modules/eslint-plugin-react semver@6.3.1 OK for: eslint-plugin-react@7.37.5 want: ^6.3.1
2854 silly placeDep ROOT string.prototype.matchall@4.0.12 OK for: eslint-plugin-react@7.37.5 want: ^4.0.12
2855 silly placeDep ROOT string.prototype.repeat@1.0.0 OK for: eslint-plugin-react@7.37.5 want: ^1.0.0
2856 silly fetch manifest iterator.prototype@^1.1.4
2857 silly packumentCache full:https://registry.npmjs.org/iterator.prototype cache-miss
2858 silly fetch manifest loose-envify@^1.4.0
2859 silly packumentCache full:https://registry.npmjs.org/loose-envify cache-miss
2860 silly fetch manifest object-assign@^4.1.1
2861 silly packumentCache full:https://registry.npmjs.org/object-assign cache-miss
2862 silly fetch manifest react-is@^16.13.1
2863 silly packumentCache full:https://registry.npmjs.org/react-is cache-miss
2864 http fetch GET 200 https://registry.npmjs.org/react-is 14ms (cache hit)
2865 silly packumentCache full:https://registry.npmjs.org/react-is set size:4993636 disposed:false
2866 http fetch GET 200 https://registry.npmjs.org/loose-envify 141ms (cache miss)
2867 silly packumentCache full:https://registry.npmjs.org/loose-envify set size:undefined disposed:false
2868 http fetch GET 200 https://registry.npmjs.org/object-assign 165ms (cache miss)
2869 silly packumentCache full:https://registry.npmjs.org/object-assign set size:undefined disposed:false
2870 http fetch GET 200 https://registry.npmjs.org/iterator.prototype 184ms (cache miss)
2871 silly packumentCache full:https://registry.npmjs.org/iterator.prototype set size:undefined disposed:false
2872 silly placeDep ROOT iterator.prototype@1.1.5 OK for: es-iterator-helpers@1.2.1 want: ^1.1.4
2873 silly placeDep ROOT esrecurse@4.3.0 OK for: eslint-scope@8.4.0 want: ^4.3.0
2874 silly placeDep ROOT acorn@8.15.0 OK for: espree@10.4.0 want: ^8.15.0
2875 silly placeDep ROOT acorn-jsx@5.3.2 OK for: espree@10.4.0 want: ^5.3.2
2876 silly placeDep ROOT @nodelib/fs.stat@2.0.5 OK for: fast-glob@3.3.1 want: ^2.0.2
2877 silly placeDep ROOT @nodelib/fs.walk@1.2.8 OK for: fast-glob@3.3.1 want: ^1.2.3
2878 silly placeDep node_modules/fast-glob glob-parent@5.1.2 OK for: fast-glob@3.3.1 want: ^5.1.2
2879 silly placeDep ROOT merge2@1.4.1 OK for: fast-glob@3.3.1 want: ^1.3.0
2880 silly placeDep ROOT micromatch@4.0.8 OK for: fast-glob@3.3.1 want: ^4.0.4
2881 silly fetch manifest fastq@^1.6.0
2882 silly packumentCache full:https://registry.npmjs.org/fastq cache-miss
2883 silly fetch manifest @nodelib/fs.scandir@2.1.5
2884 silly packumentCache full:https://registry.npmjs.org/@nodelib%2ffs.scandir cache-miss
2885 silly fetch manifest braces@^3.0.3
2886 silly packumentCache full:https://registry.npmjs.org/braces cache-miss
2887 silly fetch manifest picomatch@^2.3.1
2888 silly packumentCache full:https://registry.npmjs.org/picomatch cache-hit
2889 http fetch GET 200 https://registry.npmjs.org/fastq 127ms (cache miss)
2890 silly packumentCache full:https://registry.npmjs.org/fastq set size:undefined disposed:false
2891 http fetch GET 200 https://registry.npmjs.org/braces 174ms (cache miss)
2892 silly packumentCache full:https://registry.npmjs.org/braces set size:undefined disposed:false
2893 http fetch GET 200 https://registry.npmjs.org/@nodelib%2ffs.scandir 185ms (cache miss)
2894 silly packumentCache full:https://registry.npmjs.org/@nodelib%2ffs.scandir set size:undefined disposed:false
2895 silly placeDep ROOT @nodelib/fs.scandir@2.1.5 OK for: @nodelib/fs.walk@1.2.8 want: 2.1.5
2896 silly placeDep ROOT fastq@1.19.1 OK for: @nodelib/fs.walk@1.2.8 want: ^1.6.0
2897 silly fetch manifest run-parallel@^1.1.9
2898 silly packumentCache full:https://registry.npmjs.org/run-parallel cache-miss
2899 silly fetch manifest reusify@^1.0.4
2900 silly packumentCache full:https://registry.npmjs.org/reusify cache-miss
2901 http fetch GET 200 https://registry.npmjs.org/reusify 148ms (cache miss)
2902 silly packumentCache full:https://registry.npmjs.org/reusify set size:undefined disposed:false
2903 http fetch GET 200 https://registry.npmjs.org/run-parallel 167ms (cache miss)
2904 silly packumentCache full:https://registry.npmjs.org/run-parallel set size:undefined disposed:false
2905 silly placeDep ROOT run-parallel@1.2.0 OK for: @nodelib/fs.scandir@2.1.5 want: ^1.1.9
2906 silly fetch manifest queue-microtask@^1.2.2
2907 silly packumentCache full:https://registry.npmjs.org/queue-microtask cache-miss
2908 http fetch GET 200 https://registry.npmjs.org/queue-microtask 189ms (cache miss)
2909 silly packumentCache full:https://registry.npmjs.org/queue-microtask set size:undefined disposed:false
2910 silly placeDep ROOT reusify@1.1.0 OK for: fastq@1.19.1 want: ^1.0.4
2911 silly placeDep ROOT flat-cache@4.0.1 OK for: file-entry-cache@8.0.0 want: ^4.0.0
2912 silly fetch manifest keyv@^4.5.4
2913 silly packumentCache full:https://registry.npmjs.org/keyv cache-miss
2914 silly fetch manifest flatted@^3.2.9
2915 silly packumentCache full:https://registry.npmjs.org/flatted cache-miss
2916 http fetch GET 200 https://registry.npmjs.org/flatted 112ms (cache miss)
2917 silly packumentCache full:https://registry.npmjs.org/flatted set size:undefined disposed:false
2918 http fetch GET 200 https://registry.npmjs.org/keyv 147ms (cache miss)
2919 silly packumentCache full:https://registry.npmjs.org/keyv set size:undefined disposed:false
2920 silly placeDep ROOT locate-path@7.2.0 OK for: find-up@7.0.0 want: ^7.2.0
2921 silly placeDep ROOT path-exists@5.0.0 OK for: find-up@7.0.0 want: ^5.0.0
2922 silly placeDep ROOT unicorn-magic@0.1.0 OK for: find-up@7.0.0 want: ^0.1.0
2923 silly fetch manifest p-locate@^6.0.0
2924 silly packumentCache full:https://registry.npmjs.org/p-locate cache-miss
2925 http fetch GET 200 https://registry.npmjs.org/p-locate 122ms (cache miss)
2926 silly packumentCache full:https://registry.npmjs.org/p-locate set size:undefined disposed:false
2927 silly placeDep ROOT flatted@3.3.3 OK for: flat-cache@4.0.1 want: ^3.2.9
2928 silly placeDep ROOT keyv@4.5.4 OK for: flat-cache@4.0.1 want: ^4.5.4
2929 silly fetch manifest json-buffer@3.0.1
2930 silly packumentCache full:https://registry.npmjs.org/json-buffer cache-miss
2931 http fetch GET 200 https://registry.npmjs.org/json-buffer 106ms (cache miss)
2932 silly packumentCache full:https://registry.npmjs.org/json-buffer set size:undefined disposed:false
2933 silly placeDep ROOT functions-have-names@1.2.3 OK for: function.prototype.name@1.1.8 want: ^1.2.3
2934 silly placeDep ROOT dunder-proto@1.0.1 OK for: get-proto@1.0.1 want: ^1.0.1
2935 silly placeDep ROOT resolve-pkg-maps@1.0.0 OK for: get-tsconfig@4.12.0 want: ^1.0.0
2936 silly placeDep ROOT dargs@8.1.0 OK for: git-raw-commits@4.0.0 want: ^8.0.0
2937 silly placeDep ROOT ini@4.1.1 OK for: global-directory@4.0.1 want: 4.1.1
2938 silly placeDep ROOT parent-module@1.0.1 OK for: import-fresh@3.3.1 want: ^1.0.0
2939 silly placeDep node_modules/import-fresh resolve-from@4.0.0 OK for: import-fresh@3.3.1 want: ^4.0.0
2940 silly fetch manifest callsites@^3.0.0
2941 silly packumentCache full:https://registry.npmjs.org/callsites cache-miss
2942 http fetch GET 200 https://registry.npmjs.org/callsites 127ms (cache miss)
2943 silly packumentCache full:https://registry.npmjs.org/callsites set size:undefined disposed:false
2944 silly placeDep ROOT side-channel@1.1.0 OK for: internal-slot@1.1.0 want: ^1.1.0
2945 silly fetch manifest side-channel-list@^1.0.0
2946 silly packumentCache full:https://registry.npmjs.org/side-channel-list cache-miss
2947 silly fetch manifest side-channel-map@^1.0.1
2948 silly packumentCache full:https://registry.npmjs.org/side-channel-map cache-miss
2949 silly fetch manifest side-channel-weakmap@^1.0.2
2950 silly packumentCache full:https://registry.npmjs.org/side-channel-weakmap cache-miss
2951 http fetch GET 200 https://registry.npmjs.org/side-channel-weakmap 125ms (cache miss)
2952 silly packumentCache full:https://registry.npmjs.org/side-channel-weakmap set size:undefined disposed:false
2953 http fetch GET 200 https://registry.npmjs.org/side-channel-map 128ms (cache miss)
2954 silly packumentCache full:https://registry.npmjs.org/side-channel-map set size:undefined disposed:false
2955 http fetch GET 200 https://registry.npmjs.org/side-channel-list 188ms (cache miss)
2956 silly packumentCache full:https://registry.npmjs.org/side-channel-list set size:undefined disposed:false
2957 silly placeDep ROOT is-extglob@2.1.1 OK for: is-glob@4.0.3 want: ^2.1.1
2958 silly placeDep ROOT text-extensions@2.4.0 OK for: is-text-path@2.0.0 want: ^2.0.0
2959 silly placeDep ROOT set-function-name@2.0.2 OK for: iterator.prototype@1.1.5 want: ^2.0.2
2960 silly placeDep ROOT argparse@2.0.1 OK for: js-yaml@4.1.0 want: ^2.0.1
2961 silly fetch manifest bufferutil@^4.0.1
2962 silly packumentCache full:https://registry.npmjs.org/bufferutil cache-miss
2963 http fetch GET 200 https://registry.npmjs.org/bufferutil 147ms (cache miss)
2964 silly packumentCache full:https://registry.npmjs.org/bufferutil set size:undefined disposed:false
2965 silly fetch manifest utf-8-validate@>=5.0.2
2966 silly packumentCache full:https://registry.npmjs.org/utf-8-validate cache-miss
2967 http fetch GET 200 https://registry.npmjs.org/utf-8-validate 189ms (cache miss)
2968 silly packumentCache full:https://registry.npmjs.org/utf-8-validate set size:undefined disposed:false
2969 silly placeDep ROOT @asamuzakjp/dom-selector@6.6.2 OK for: jsdom@27.0.0 want: ^6.5.4
2970 silly placeDep ROOT cssstyle@5.3.1 OK for: jsdom@27.0.0 want: ^5.3.0
2971 silly placeDep ROOT data-urls@6.0.0 OK for: jsdom@27.0.0 want: ^6.0.0
2972 silly placeDep ROOT decimal.js@10.6.0 OK for: jsdom@27.0.0 want: ^10.5.0
2973 silly placeDep ROOT html-encoding-sniffer@4.0.0 OK for: jsdom@27.0.0 want: ^4.0.0
2974 silly placeDep ROOT http-proxy-agent@7.0.2 OK for: jsdom@27.0.0 want: ^7.0.2
2975 silly placeDep ROOT https-proxy-agent@7.0.6 OK for: jsdom@27.0.0 want: ^7.0.6
2976 silly placeDep ROOT is-potential-custom-element-name@1.0.1 OK for: jsdom@27.0.0 want: ^1.0.1
2977 silly placeDep ROOT parse5@7.3.0 OK for: jsdom@27.0.0 want: ^7.3.0
2978 silly placeDep ROOT rrweb-cssom@0.8.0 OK for: jsdom@27.0.0 want: ^0.8.0
2979 silly placeDep ROOT saxes@6.0.0 OK for: jsdom@27.0.0 want: ^6.0.0
2980 silly placeDep ROOT symbol-tree@3.2.4 OK for: jsdom@27.0.0 want: ^3.2.4
2981 silly placeDep ROOT tough-cookie@6.0.0 OK for: jsdom@27.0.0 want: ^6.0.0
2982 silly placeDep ROOT w3c-xmlserializer@5.0.0 OK for: jsdom@27.0.0 want: ^5.0.0
2983 silly placeDep ROOT webidl-conversions@8.0.0 OK for: jsdom@27.0.0 want: ^8.0.0
2984 silly placeDep ROOT whatwg-encoding@3.1.1 OK for: jsdom@27.0.0 want: ^3.1.1
2985 silly placeDep ROOT whatwg-mimetype@4.0.0 OK for: jsdom@27.0.0 want: ^4.0.0
2986 silly placeDep ROOT whatwg-url@15.1.0 OK for: jsdom@27.0.0 want: ^15.0.0
2987 silly placeDep ROOT ws@8.18.3 OK for: jsdom@27.0.0 want: ^8.18.2
2988 silly placeDep ROOT xml-name-validator@5.0.0 OK for: jsdom@27.0.0 want: ^5.0.0
2989 silly fetch manifest @asamuzakjp/nwsapi@^2.3.9
2990 silly packumentCache full:https://registry.npmjs.org/@asamuzakjp%2fnwsapi cache-miss
2991 silly fetch manifest bidi-js@^1.0.3
2992 silly packumentCache full:https://registry.npmjs.org/bidi-js cache-miss
2993 silly fetch manifest css-tree@^3.1.0
2994 silly packumentCache full:https://registry.npmjs.org/css-tree cache-miss
2995 silly fetch manifest lru-cache@^11.2.2
2996 silly packumentCache full:https://registry.npmjs.org/lru-cache cache-miss
2997 silly fetch manifest @asamuzakjp/css-color@^4.0.3
2998 silly packumentCache full:https://registry.npmjs.org/@asamuzakjp%2fcss-color cache-miss
2999 silly fetch manifest @csstools/css-syntax-patches-for-csstree@^1.0.14
3000 silly packumentCache full:https://registry.npmjs.org/@csstools%2fcss-syntax-patches-for-csstree cache-miss
3001 silly fetch manifest css-tree@^3.1.0
3002 silly packumentCache full:https://registry.npmjs.org/css-tree cache-miss
3003 silly fetch manifest agent-base@^7.1.0
3004 silly packumentCache full:https://registry.npmjs.org/agent-base cache-miss
3005 silly fetch manifest agent-base@^7.1.2
3006 silly packumentCache full:https://registry.npmjs.org/agent-base cache-miss
3007 silly fetch manifest entities@^6.0.0
3008 silly packumentCache full:https://registry.npmjs.org/entities cache-miss
3009 silly fetch manifest xmlchars@^2.2.0
3010 silly packumentCache full:https://registry.npmjs.org/xmlchars cache-miss
3011 http fetch GET 200 https://registry.npmjs.org/lru-cache 11ms (cache hit)
3012 silly packumentCache full:https://registry.npmjs.org/lru-cache set size:400387 disposed:false
3013 silly fetch manifest tldts@^7.0.5
3014 silly packumentCache full:https://registry.npmjs.org/tldts cache-miss
3015 http fetch GET 200 https://registry.npmjs.org/css-tree 161ms (cache miss)
3016 silly packumentCache full:https://registry.npmjs.org/css-tree set size:undefined disposed:false
3017 silly fetch manifest iconv-lite@0.6.3
3018 silly packumentCache full:https://registry.npmjs.org/iconv-lite cache-miss
3019 http fetch GET 200 https://registry.npmjs.org/agent-base 165ms (cache miss)
3020 silly packumentCache full:https://registry.npmjs.org/agent-base set size:undefined disposed:false
3021 silly fetch manifest tr46@^6.0.0
3022 silly packumentCache full:https://registry.npmjs.org/tr46 cache-miss
3023 http fetch GET 200 https://registry.npmjs.org/agent-base 169ms (cache miss)
3024 silly packumentCache full:https://registry.npmjs.org/agent-base set size:undefined disposed:false
3025 http fetch GET 200 https://registry.npmjs.org/xmlchars 171ms (cache miss)
3026 silly packumentCache full:https://registry.npmjs.org/xmlchars set size:undefined disposed:false
3027 http fetch GET 200 https://registry.npmjs.org/bidi-js 206ms (cache miss)
3028 silly packumentCache full:https://registry.npmjs.org/bidi-js set size:undefined disposed:false
3029 http fetch GET 200 https://registry.npmjs.org/entities 251ms (cache miss)
3030 silly packumentCache full:https://registry.npmjs.org/entities set size:undefined disposed:false
3031 http fetch GET 200 https://registry.npmjs.org/iconv-lite 128ms (cache miss)
3032 silly packumentCache full:https://registry.npmjs.org/iconv-lite set size:undefined disposed:false
3033 http fetch GET 200 https://registry.npmjs.org/css-tree 300ms (cache miss)
3034 silly packumentCache full:https://registry.npmjs.org/css-tree set size:undefined disposed:false
3035 http fetch GET 200 https://registry.npmjs.org/@csstools%2fcss-syntax-patches-for-csstree 318ms (cache miss)
3036 silly packumentCache full:https://registry.npmjs.org/@csstools%2fcss-syntax-patches-for-csstree set size:undefined disposed:false
3037 http fetch GET 200 https://registry.npmjs.org/@asamuzakjp%2fcss-color 335ms (cache miss)
3038 silly packumentCache full:https://registry.npmjs.org/@asamuzakjp%2fcss-color set size:undefined disposed:false
3039 http fetch GET 200 https://registry.npmjs.org/tr46 180ms (cache miss)
3040 silly packumentCache full:https://registry.npmjs.org/tr46 set size:undefined disposed:false
3041 http fetch GET 200 https://registry.npmjs.org/@asamuzakjp%2fnwsapi 352ms (cache miss)
3042 silly packumentCache full:https://registry.npmjs.org/@asamuzakjp%2fnwsapi set size:undefined disposed:false
3043 http fetch GET 200 https://registry.npmjs.org/tldts 1767ms (cache miss)
3044 silly packumentCache full:https://registry.npmjs.org/tldts set size:undefined disposed:false
3045 silly placeDep ROOT @asamuzakjp/nwsapi@2.3.9 OK for: @asamuzakjp/dom-selector@6.6.2 want: ^2.3.9
3046 silly placeDep ROOT bidi-js@1.0.3 OK for: @asamuzakjp/dom-selector@6.6.2 want: ^1.0.3
3047 silly placeDep ROOT css-tree@3.1.0 OK for: @asamuzakjp/dom-selector@6.6.2 want: ^3.1.0
3048 silly placeDep node_modules/@asamuzakjp/dom-selector lru-cache@11.2.2 OK for: @asamuzakjp/dom-selector@6.6.2 want: ^11.2.2
3049 silly fetch manifest mdn-data@2.12.2
3050 silly packumentCache full:https://registry.npmjs.org/mdn-data cache-miss
3051 http fetch GET 200 https://registry.npmjs.org/mdn-data 341ms (cache miss)
3052 silly packumentCache full:https://registry.npmjs.org/mdn-data set size:undefined disposed:false
3053 silly placeDep ROOT mdn-data@2.12.2 OK for: css-tree@3.1.0 want: 2.12.2
3054 silly fetch manifest postcss@^8.4
3055 silly packumentCache full:https://registry.npmjs.org/postcss cache-hit
3056 silly placeDep ROOT @asamuzakjp/css-color@4.0.5 OK for: cssstyle@5.3.1 want: ^4.0.3
3057 silly placeDep ROOT @csstools/css-syntax-patches-for-csstree@1.0.14 OK for: cssstyle@5.3.1 want: ^1.0.14
3058 silly fetch manifest @csstools/css-calc@^2.1.4
3059 silly packumentCache full:https://registry.npmjs.org/@csstools%2fcss-calc cache-miss
3060 silly fetch manifest @csstools/css-color-parser@^3.1.0
3061 silly packumentCache full:https://registry.npmjs.org/@csstools%2fcss-color-parser cache-miss
3062 silly fetch manifest @csstools/css-parser-algorithms@^3.0.5
3063 silly packumentCache full:https://registry.npmjs.org/@csstools%2fcss-parser-algorithms cache-miss
3064 silly fetch manifest @csstools/css-tokenizer@^3.0.4
3065 silly packumentCache full:https://registry.npmjs.org/@csstools%2fcss-tokenizer cache-miss
3066 silly fetch manifest lru-cache@^11.2.1
3067 silly packumentCache full:https://registry.npmjs.org/lru-cache cache-hit
3068 http fetch GET 200 https://registry.npmjs.org/@csstools%2fcss-tokenizer 294ms (cache miss)
3069 silly packumentCache full:https://registry.npmjs.org/@csstools%2fcss-tokenizer set size:undefined disposed:false
3070 http fetch GET 200 https://registry.npmjs.org/@csstools%2fcss-parser-algorithms 316ms (cache miss)
3071 silly packumentCache full:https://registry.npmjs.org/@csstools%2fcss-parser-algorithms set size:undefined disposed:false
3072 http fetch GET 200 https://registry.npmjs.org/@csstools%2fcss-color-parser 318ms (cache miss)
3073 silly packumentCache full:https://registry.npmjs.org/@csstools%2fcss-color-parser set size:undefined disposed:false
3074 http fetch GET 200 https://registry.npmjs.org/@csstools%2fcss-calc 333ms (cache miss)
3075 silly packumentCache full:https://registry.npmjs.org/@csstools%2fcss-calc set size:undefined disposed:false
3076 silly placeDep ROOT @csstools/css-calc@2.1.4 OK for: @asamuzakjp/css-color@4.0.5 want: ^2.1.4
3077 silly placeDep ROOT @csstools/css-parser-algorithms@3.0.5 OK for: @csstools/css-calc@2.1.4 want: ^3.0.5
3078 silly placeDep ROOT @csstools/css-tokenizer@3.0.4 OK for: @csstools/css-parser-algorithms@3.0.5 want: ^3.0.4
3079 silly placeDep ROOT @csstools/css-color-parser@3.1.0 OK for: @asamuzakjp/css-color@4.0.5 want: ^3.1.0
3080 silly placeDep node_modules/@asamuzakjp/css-color lru-cache@11.2.2 OK for: @asamuzakjp/css-color@4.0.5 want: ^11.2.1
3081 silly fetch manifest @csstools/color-helpers@^5.1.0
3082 silly packumentCache full:https://registry.npmjs.org/@csstools%2fcolor-helpers cache-miss
3083 http fetch GET 200 https://registry.npmjs.org/@csstools%2fcolor-helpers 412ms (cache miss)
3084 silly packumentCache full:https://registry.npmjs.org/@csstools%2fcolor-helpers set size:undefined disposed:false
3085 silly placeDep ROOT @csstools/color-helpers@5.1.0 OK for: @csstools/css-color-parser@3.1.0 want: ^5.1.0
3086 silly placeDep ROOT agent-base@7.1.4 OK for: http-proxy-agent@7.0.2 want: ^7.1.0
3087 silly placeDep ROOT jsonparse@1.3.1 OK for: JSONStream@1.3.5 want: ^1.2.0
3088 silly placeDep ROOT through@2.3.8 OK for: JSONStream@1.3.5 want: >=2.2.7 <3
3089 silly placeDep ROOT json-buffer@3.0.1 OK for: keyv@4.5.4 want: 3.0.1
3090 silly placeDep ROOT language-subtag-registry@0.3.23 OK for: language-tags@1.0.9 want: ^0.3.20
3091 silly placeDep ROOT prelude-ls@1.2.1 OK for: levn@0.4.1 want: ^1.2.1
3092 silly placeDep ROOT type-check@0.4.0 OK for: levn@0.4.1 want: ~0.4.0
3093 silly placeDep ROOT lightningcss-darwin-arm64@1.30.1 OK for: lightningcss@1.30.1 want: 1.30.1
3094 silly placeDep ROOT lightningcss-darwin-x64@1.30.1 OK for: lightningcss@1.30.1 want: 1.30.1
3095 silly placeDep ROOT lightningcss-freebsd-x64@1.30.1 OK for: lightningcss@1.30.1 want: 1.30.1
3096 silly placeDep ROOT lightningcss-linux-arm-gnueabihf@1.30.1 OK for: lightningcss@1.30.1 want: 1.30.1
3097 silly placeDep ROOT lightningcss-linux-arm64-gnu@1.30.1 OK for: lightningcss@1.30.1 want: 1.30.1
3098 silly placeDep ROOT lightningcss-linux-arm64-musl@1.30.1 OK for: lightningcss@1.30.1 want: 1.30.1
3099 silly placeDep ROOT lightningcss-linux-x64-gnu@1.30.1 OK for: lightningcss@1.30.1 want: 1.30.1
3100 silly placeDep ROOT lightningcss-linux-x64-musl@1.30.1 OK for: lightningcss@1.30.1 want: 1.30.1
3101 silly placeDep ROOT lightningcss-win32-arm64-msvc@1.30.1 OK for: lightningcss@1.30.1 want: 1.30.1
3102 silly placeDep ROOT lightningcss-win32-x64-msvc@1.30.1 OK for: lightningcss@1.30.1 want: 1.30.1
3103 silly placeDep ROOT commander@14.0.1 OK for: lint-staged@16.2.4 want: ^14.0.1
3104 silly placeDep ROOT listr2@9.0.4 OK for: lint-staged@16.2.4 want: ^9.0.4
3105 silly placeDep ROOT nano-spawn@2.0.0 OK for: lint-staged@16.2.4 want: ^2.0.0
3106 silly placeDep ROOT pidtree@0.6.0 OK for: lint-staged@16.2.4 want: ^0.6.0
3107 silly placeDep ROOT string-argv@0.3.2 OK for: lint-staged@16.2.4 want: ^0.3.2
3108 silly placeDep ROOT yaml@2.8.1 OK for: lint-staged@16.2.4 want: ^2.8.1
3109 silly fetch manifest cli-truncate@^5.0.0
3110 silly packumentCache full:https://registry.npmjs.org/cli-truncate cache-miss
3111 silly fetch manifest colorette@^2.0.20
3112 silly packumentCache full:https://registry.npmjs.org/colorette cache-miss
3113 silly fetch manifest eventemitter3@^5.0.1
3114 silly packumentCache full:https://registry.npmjs.org/eventemitter3 cache-miss
3115 silly fetch manifest log-update@^6.1.0
3116 silly packumentCache full:https://registry.npmjs.org/log-update cache-miss
3117 silly fetch manifest rfdc@^1.4.1
3118 silly packumentCache full:https://registry.npmjs.org/rfdc cache-miss
3119 silly fetch manifest wrap-ansi@^9.0.0
3120 silly packumentCache full:https://registry.npmjs.org/wrap-ansi cache-miss
3121 http fetch GET 200 https://registry.npmjs.org/rfdc 135ms (cache miss)
3122 silly packumentCache full:https://registry.npmjs.org/rfdc set size:undefined disposed:false
3123 http fetch GET 200 https://registry.npmjs.org/log-update 157ms (cache miss)
3124 silly packumentCache full:https://registry.npmjs.org/log-update set size:undefined disposed:false
3125 http fetch GET 200 https://registry.npmjs.org/wrap-ansi 189ms (cache miss)
3126 silly packumentCache full:https://registry.npmjs.org/wrap-ansi set size:undefined disposed:false
3127 http fetch GET 200 https://registry.npmjs.org/cli-truncate 192ms (cache miss)
3128 silly packumentCache full:https://registry.npmjs.org/cli-truncate set size:undefined disposed:false
3129 http fetch GET 200 https://registry.npmjs.org/eventemitter3 265ms (cache miss)
3130 silly packumentCache full:https://registry.npmjs.org/eventemitter3 set size:undefined disposed:false
3131 http fetch GET 200 https://registry.npmjs.org/colorette 266ms (cache miss)
3132 silly packumentCache full:https://registry.npmjs.org/colorette set size:undefined disposed:false
3133 silly placeDep ROOT cli-truncate@5.1.0 OK for: listr2@9.0.4 want: ^5.0.0
3134 silly placeDep ROOT colorette@2.0.20 OK for: listr2@9.0.4 want: ^2.0.20
3135 silly placeDep ROOT eventemitter3@5.0.1 OK for: listr2@9.0.4 want: ^5.0.1
3136 silly placeDep ROOT log-update@6.1.0 OK for: listr2@9.0.4 want: ^6.1.0
3137 silly placeDep ROOT rfdc@1.4.1 OK for: listr2@9.0.4 want: ^1.4.1
3138 silly placeDep ROOT wrap-ansi@9.0.2 OK for: listr2@9.0.4 want: ^9.0.0
3139 silly fetch manifest slice-ansi@^7.1.0
3140 silly packumentCache full:https://registry.npmjs.org/slice-ansi cache-miss
3141 silly fetch manifest string-width@^8.0.0
3142 silly packumentCache full:https://registry.npmjs.org/string-width cache-miss
3143 silly fetch manifest cli-cursor@^5.0.0
3144 silly packumentCache full:https://registry.npmjs.org/cli-cursor cache-miss
3145 silly fetch manifest slice-ansi@^7.1.0
3146 silly packumentCache full:https://registry.npmjs.org/slice-ansi cache-miss
3147 silly fetch manifest strip-ansi@^7.1.0
3148 silly packumentCache full:https://registry.npmjs.org/strip-ansi cache-miss
3149 silly fetch manifest ansi-escapes@^7.0.0
3150 silly packumentCache full:https://registry.npmjs.org/ansi-escapes cache-miss
3151 silly fetch manifest strip-ansi@^7.1.0
3152 silly packumentCache full:https://registry.npmjs.org/strip-ansi cache-miss
3153 silly fetch manifest ansi-styles@^6.2.1
3154 silly packumentCache full:https://registry.npmjs.org/ansi-styles cache-hit
3155 silly fetch manifest string-width@^7.0.0
3156 silly packumentCache full:https://registry.npmjs.org/string-width cache-miss
3157 http fetch GET 200 https://registry.npmjs.org/string-width 8ms (cache hit)
3158 silly packumentCache full:https://registry.npmjs.org/string-width set size:64158 disposed:false
3159 http fetch GET 200 https://registry.npmjs.org/string-width 9ms (cache hit)
3160 silly packumentCache full:https://registry.npmjs.org/string-width set size:64158 disposed:false
3161 silly packumentCache full:https://registry.npmjs.org/string-width dispose
3162 http fetch GET 200 https://registry.npmjs.org/cli-cursor 121ms (cache miss)
3163 silly packumentCache full:https://registry.npmjs.org/cli-cursor set size:undefined disposed:false
3164 http fetch GET 200 https://registry.npmjs.org/strip-ansi 139ms (cache miss)
3165 silly packumentCache full:https://registry.npmjs.org/strip-ansi set size:undefined disposed:false
3166 http fetch GET 200 https://registry.npmjs.org/strip-ansi 167ms (cache miss)
3167 silly packumentCache full:https://registry.npmjs.org/strip-ansi set size:undefined disposed:false
3168 http fetch GET 200 https://registry.npmjs.org/slice-ansi 179ms (cache miss)
3169 silly packumentCache full:https://registry.npmjs.org/slice-ansi set size:undefined disposed:false
3170 http fetch GET 200 https://registry.npmjs.org/ansi-escapes 199ms (cache miss)
3171 silly packumentCache full:https://registry.npmjs.org/ansi-escapes set size:undefined disposed:false
3172 http fetch GET 200 https://registry.npmjs.org/slice-ansi 219ms (cache miss)
3173 silly packumentCache full:https://registry.npmjs.org/slice-ansi set size:undefined disposed:false
3174 silly placeDep ROOT slice-ansi@7.1.2 OK for: cli-truncate@5.1.0 want: ^7.1.0
3175 silly placeDep ROOT string-width@8.1.0 OK for: cli-truncate@5.1.0 want: ^8.0.0
3176 silly fetch manifest is-fullwidth-code-point@^5.0.0
3177 silly packumentCache full:https://registry.npmjs.org/is-fullwidth-code-point cache-miss
3178 silly fetch manifest get-east-asian-width@^1.3.0
3179 silly packumentCache full:https://registry.npmjs.org/get-east-asian-width cache-miss
3180 http fetch GET 200 https://registry.npmjs.org/get-east-asian-width 98ms (cache miss)
3181 silly packumentCache full:https://registry.npmjs.org/get-east-asian-width set size:undefined disposed:false
3182 http fetch GET 200 https://registry.npmjs.org/is-fullwidth-code-point 228ms (cache miss)
3183 silly packumentCache full:https://registry.npmjs.org/is-fullwidth-code-point set size:undefined disposed:false
3184 silly placeDep ROOT p-locate@6.0.0 OK for: locate-path@7.2.0 want: ^6.0.0
3185 silly fetch manifest p-limit@^4.0.0
3186 silly packumentCache full:https://registry.npmjs.org/p-limit cache-miss
3187 http fetch GET 200 https://registry.npmjs.org/p-limit 225ms (cache miss)
3188 silly packumentCache full:https://registry.npmjs.org/p-limit set size:undefined disposed:false
3189 silly placeDep ROOT ansi-escapes@7.1.1 OK for: log-update@6.1.0 want: ^7.0.0
3190 silly placeDep ROOT cli-cursor@5.0.0 OK for: log-update@6.1.0 want: ^5.0.0
3191 silly placeDep ROOT strip-ansi@7.1.2 OK for: log-update@6.1.0 want: ^7.1.0
3192 silly fetch manifest environment@^1.0.0
3193 silly packumentCache full:https://registry.npmjs.org/environment cache-miss
3194 silly fetch manifest restore-cursor@^5.0.0
3195 silly packumentCache full:https://registry.npmjs.org/restore-cursor cache-miss
3196 silly fetch manifest ansi-regex@^6.0.1
3197 silly packumentCache full:https://registry.npmjs.org/ansi-regex cache-miss
3198 http fetch GET 200 https://registry.npmjs.org/ansi-regex 5ms (cache hit)
3199 silly packumentCache full:https://registry.npmjs.org/ansi-regex set size:43572 disposed:false
3200 http fetch GET 200 https://registry.npmjs.org/environment 115ms (cache miss)
3201 silly packumentCache full:https://registry.npmjs.org/environment set size:undefined disposed:false
3202 http fetch GET 200 https://registry.npmjs.org/restore-cursor 137ms (cache miss)
3203 silly packumentCache full:https://registry.npmjs.org/restore-cursor set size:undefined disposed:false
3204 silly placeDep ROOT environment@1.1.0 OK for: ansi-escapes@7.1.1 want: ^1.0.0
3205 silly placeDep ROOT restore-cursor@5.1.0 OK for: cli-cursor@5.0.0 want: ^5.0.0
3206 silly fetch manifest onetime@^7.0.0
3207 silly packumentCache full:https://registry.npmjs.org/onetime cache-miss
3208 silly fetch manifest signal-exit@^4.1.0
3209 silly packumentCache full:https://registry.npmjs.org/signal-exit cache-miss
3210 http fetch GET 200 https://registry.npmjs.org/signal-exit 134ms (cache miss)
3211 silly packumentCache full:https://registry.npmjs.org/signal-exit set size:undefined disposed:false
3212 http fetch GET 200 https://registry.npmjs.org/onetime 196ms (cache miss)
3213 silly packumentCache full:https://registry.npmjs.org/onetime set size:undefined disposed:false
3214 silly placeDep ROOT yallist@3.1.1 OK for: lru-cache@5.1.1 want: ^3.0.2
3215 silly placeDep ROOT braces@3.0.3 OK for: micromatch@4.0.8 want: ^3.0.3
3216 silly placeDep ROOT picomatch@2.3.1 OK for: micromatch@4.0.8 want: ^2.3.1
3217 silly fetch manifest fill-range@^7.1.1
3218 silly packumentCache full:https://registry.npmjs.org/fill-range cache-miss
3219 http fetch GET 200 https://registry.npmjs.org/fill-range 255ms (cache miss)
3220 silly packumentCache full:https://registry.npmjs.org/fill-range set size:undefined disposed:false
3221 silly placeDep ROOT fill-range@7.1.1 OK for: braces@3.0.3 want: ^7.1.1
3222 silly fetch manifest to-regex-range@^5.0.1
3223 silly packumentCache full:https://registry.npmjs.org/to-regex-range cache-miss
3224 http fetch GET 200 https://registry.npmjs.org/to-regex-range 127ms (cache miss)
3225 silly packumentCache full:https://registry.npmjs.org/to-regex-range set size:undefined disposed:false
3226 silly placeDep ROOT to-regex-range@5.0.1 OK for: fill-range@7.1.1 want: ^5.0.1
3227 silly fetch manifest is-number@^7.0.0
3228 silly packumentCache full:https://registry.npmjs.org/is-number cache-miss
3229 http fetch GET 200 https://registry.npmjs.org/is-number 218ms (cache miss)
3230 silly packumentCache full:https://registry.npmjs.org/is-number set size:undefined disposed:false
3231 silly placeDep ROOT brace-expansion@1.1.12 OK for: minimatch@3.1.2 want: ^1.1.7
3232 silly fetch manifest balanced-match@^1.0.0
3233 silly packumentCache full:https://registry.npmjs.org/balanced-match cache-miss
3234 silly fetch manifest concat-map@0.0.1
3235 silly packumentCache full:https://registry.npmjs.org/concat-map cache-miss
3236 http fetch GET 200 https://registry.npmjs.org/balanced-match 99ms (cache miss)
3237 silly packumentCache full:https://registry.npmjs.org/balanced-match set size:undefined disposed:false
3238 http fetch GET 200 https://registry.npmjs.org/concat-map 105ms (cache miss)
3239 silly packumentCache full:https://registry.npmjs.org/concat-map set size:undefined disposed:false
3240 silly placeDep ROOT balanced-match@1.0.2 OK for: brace-expansion@1.1.12 want: ^1.0.0
3241 silly placeDep ROOT concat-map@0.0.1 OK for: brace-expansion@1.1.12 want: 0.0.1
3242 silly fetch manifest react@^18.2.0 || 19.0.0-rc-de68d2f4-20241204 || ^19.0.0
3243 silly packumentCache full:https://registry.npmjs.org/react cache-miss
3244 http fetch GET 200 https://registry.npmjs.org/react 14ms (cache hit)
3245 silly packumentCache full:https://registry.npmjs.org/react set size:6153488 disposed:false
3246 silly placeDep ROOT @next/env@15.5.4 OK for: next@15.5.4 want: 15.5.4
3247 silly placeDep ROOT @next/swc-darwin-arm64@15.5.4 OK for: next@15.5.4 want: 15.5.4
3248 silly placeDep ROOT @next/swc-darwin-x64@15.5.4 OK for: next@15.5.4 want: 15.5.4
3249 silly placeDep ROOT @next/swc-linux-arm64-gnu@15.5.4 OK for: next@15.5.4 want: 15.5.4
3250 silly placeDep ROOT @next/swc-linux-arm64-musl@15.5.4 OK for: next@15.5.4 want: 15.5.4
3251 silly placeDep ROOT @next/swc-linux-x64-gnu@15.5.4 OK for: next@15.5.4 want: 15.5.4
3252 silly placeDep ROOT @next/swc-linux-x64-musl@15.5.4 OK for: next@15.5.4 want: 15.5.4
3253 silly placeDep ROOT @next/swc-win32-arm64-msvc@15.5.4 OK for: next@15.5.4 want: 15.5.4
3254 silly placeDep ROOT @next/swc-win32-x64-msvc@15.5.4 OK for: next@15.5.4 want: 15.5.4
3255 silly placeDep ROOT @swc/helpers@0.5.15 OK for: next@15.5.4 want: 0.5.15
3256 silly placeDep node_modules/next postcss@8.4.31 OK for: next@15.5.4 want: 8.4.31
3257 silly placeDep ROOT sharp@0.34.4 OK for: next@15.5.4 want: ^0.34.3
3258 silly placeDep ROOT styled-jsx@5.1.6 OK for: next@15.5.4 want: 5.1.6
3259 silly fetch manifest tslib@^2.8.0
3260 silly packumentCache full:https://registry.npmjs.org/tslib cache-miss
3261 silly fetch manifest nanoid@^3.3.6
3262 silly packumentCache full:https://registry.npmjs.org/nanoid cache-miss
3263 silly fetch manifest @img/colour@^1.0.0
3264 silly packumentCache full:https://registry.npmjs.org/@img%2fcolour cache-miss
3265 silly fetch manifest @img/sharp-darwin-arm64@0.34.4
3266 silly packumentCache full:https://registry.npmjs.org/@img%2fsharp-darwin-arm64 cache-miss
3267 silly fetch manifest @img/sharp-darwin-x64@0.34.4
3268 silly packumentCache full:https://registry.npmjs.org/@img%2fsharp-darwin-x64 cache-miss
3269 silly fetch manifest @img/sharp-libvips-darwin-arm64@1.2.3
3270 silly packumentCache full:https://registry.npmjs.org/@img%2fsharp-libvips-darwin-arm64 cache-miss
3271 silly fetch manifest @img/sharp-libvips-darwin-x64@1.2.3
3272 silly packumentCache full:https://registry.npmjs.org/@img%2fsharp-libvips-darwin-x64 cache-miss
3273 silly fetch manifest @img/sharp-libvips-linux-arm@1.2.3
3274 silly packumentCache full:https://registry.npmjs.org/@img%2fsharp-libvips-linux-arm cache-miss
3275 silly fetch manifest @img/sharp-libvips-linux-arm64@1.2.3
3276 silly packumentCache full:https://registry.npmjs.org/@img%2fsharp-libvips-linux-arm64 cache-miss
3277 silly fetch manifest @img/sharp-libvips-linux-ppc64@1.2.3
3278 silly packumentCache full:https://registry.npmjs.org/@img%2fsharp-libvips-linux-ppc64 cache-miss
3279 silly fetch manifest @img/sharp-libvips-linux-s390x@1.2.3
3280 silly packumentCache full:https://registry.npmjs.org/@img%2fsharp-libvips-linux-s390x cache-miss
3281 http fetch GET 200 https://registry.npmjs.org/nanoid 11ms (cache hit)
3282 silly packumentCache full:https://registry.npmjs.org/nanoid set size:298419 disposed:false
3283 silly fetch manifest @img/sharp-libvips-linux-x64@1.2.3
3284 silly packumentCache full:https://registry.npmjs.org/@img%2fsharp-libvips-linux-x64 cache-miss
3285 http fetch GET 200 https://registry.npmjs.org/@img%2fcolour 211ms (cache miss)
3286 silly packumentCache full:https://registry.npmjs.org/@img%2fcolour set size:undefined disposed:false
3287 silly fetch manifest @img/sharp-libvips-linuxmusl-arm64@1.2.3
3288 silly packumentCache full:https://registry.npmjs.org/@img%2fsharp-libvips-linuxmusl-arm64 cache-miss
3289 http fetch GET 200 https://registry.npmjs.org/@img%2fsharp-libvips-linux-s390x 226ms (cache miss)
3290 silly packumentCache full:https://registry.npmjs.org/@img%2fsharp-libvips-linux-s390x set size:undefined disposed:false
3291 silly fetch manifest @img/sharp-libvips-linuxmusl-x64@1.2.3
3292 silly packumentCache full:https://registry.npmjs.org/@img%2fsharp-libvips-linuxmusl-x64 cache-miss
3293 http fetch GET 200 https://registry.npmjs.org/@img%2fsharp-libvips-linux-ppc64 249ms (cache miss)
3294 silly packumentCache full:https://registry.npmjs.org/@img%2fsharp-libvips-linux-ppc64 set size:undefined disposed:false
3295 silly fetch manifest @img/sharp-linux-arm@0.34.4
3296 silly packumentCache full:https://registry.npmjs.org/@img%2fsharp-linux-arm cache-miss
3297 http fetch GET 200 https://registry.npmjs.org/@img%2fsharp-libvips-darwin-arm64 311ms (cache miss)
3298 silly packumentCache full:https://registry.npmjs.org/@img%2fsharp-libvips-darwin-arm64 set size:undefined disposed:false
3299 silly fetch manifest @img/sharp-linux-arm64@0.34.4
3300 silly packumentCache full:https://registry.npmjs.org/@img%2fsharp-linux-arm64 cache-miss
3301 http fetch GET 200 https://registry.npmjs.org/@img%2fsharp-libvips-linux-x64 304ms (cache miss)
3302 silly packumentCache full:https://registry.npmjs.org/@img%2fsharp-libvips-linux-x64 set size:undefined disposed:false
3303 silly fetch manifest @img/sharp-linux-ppc64@0.34.4
3304 silly packumentCache full:https://registry.npmjs.org/@img%2fsharp-linux-ppc64 cache-miss
3305 http fetch GET 200 https://registry.npmjs.org/@img%2fsharp-libvips-linux-arm64 326ms (cache miss)
3306 silly packumentCache full:https://registry.npmjs.org/@img%2fsharp-libvips-linux-arm64 set size:undefined disposed:false
3307 silly fetch manifest @img/sharp-linux-s390x@0.34.4
3308 silly packumentCache full:https://registry.npmjs.org/@img%2fsharp-linux-s390x cache-miss
3309 http fetch GET 200 https://registry.npmjs.org/@img%2fsharp-libvips-linux-arm 332ms (cache miss)
3310 silly packumentCache full:https://registry.npmjs.org/@img%2fsharp-libvips-linux-arm set size:undefined disposed:false
3311 silly fetch manifest @img/sharp-linux-x64@0.34.4
3312 silly packumentCache full:https://registry.npmjs.org/@img%2fsharp-linux-x64 cache-miss
3313 http fetch GET 200 https://registry.npmjs.org/@img%2fsharp-libvips-darwin-x64 344ms (cache miss)
3314 silly packumentCache full:https://registry.npmjs.org/@img%2fsharp-libvips-darwin-x64 set size:undefined disposed:false
3315 silly fetch manifest @img/sharp-linuxmusl-arm64@0.34.4
3316 silly packumentCache full:https://registry.npmjs.org/@img%2fsharp-linuxmusl-arm64 cache-miss
3317 http fetch GET 200 https://registry.npmjs.org/tslib 352ms (cache miss)
3318 silly packumentCache full:https://registry.npmjs.org/tslib set size:undefined disposed:false
3319 silly fetch manifest @img/sharp-linuxmusl-x64@0.34.4
3320 silly packumentCache full:https://registry.npmjs.org/@img%2fsharp-linuxmusl-x64 cache-miss
3321 http fetch GET 200 https://registry.npmjs.org/@img%2fsharp-darwin-arm64 356ms (cache miss)
3322 silly packumentCache full:https://registry.npmjs.org/@img%2fsharp-darwin-arm64 set size:undefined disposed:false
3323 silly fetch manifest @img/sharp-wasm32@0.34.4
3324 silly packumentCache full:https://registry.npmjs.org/@img%2fsharp-wasm32 cache-miss
3325 http fetch GET 200 https://registry.npmjs.org/@img%2fsharp-darwin-x64 368ms (cache miss)
3326 silly packumentCache full:https://registry.npmjs.org/@img%2fsharp-darwin-x64 set size:undefined disposed:false
3327 silly fetch manifest @img/sharp-win32-arm64@0.34.4
3328 silly packumentCache full:https://registry.npmjs.org/@img%2fsharp-win32-arm64 cache-miss
3329 http fetch GET 200 https://registry.npmjs.org/@img%2fsharp-libvips-linuxmusl-x64 191ms (cache miss)
3330 silly packumentCache full:https://registry.npmjs.org/@img%2fsharp-libvips-linuxmusl-x64 set size:undefined disposed:false
3331 silly fetch manifest @img/sharp-win32-ia32@0.34.4
3332 silly packumentCache full:https://registry.npmjs.org/@img%2fsharp-win32-ia32 cache-miss
3333 http fetch GET 200 https://registry.npmjs.org/@img%2fsharp-libvips-linuxmusl-arm64 224ms (cache miss)
3334 silly packumentCache full:https://registry.npmjs.org/@img%2fsharp-libvips-linuxmusl-arm64 set size:undefined disposed:false
3335 silly fetch manifest @img/sharp-win32-x64@0.34.4
3336 silly packumentCache full:https://registry.npmjs.org/@img%2fsharp-win32-x64 cache-miss
3337 http fetch GET 200 https://registry.npmjs.org/@img%2fsharp-linux-s390x 194ms (cache miss)
3338 silly packumentCache full:https://registry.npmjs.org/@img%2fsharp-linux-s390x set size:undefined disposed:false
3339 silly fetch manifest client-only@0.0.1
3340 silly packumentCache full:https://registry.npmjs.org/client-only cache-miss
3341 http fetch GET 200 https://registry.npmjs.org/@img%2fsharp-linux-ppc64 210ms (cache miss)
3342 silly packumentCache full:https://registry.npmjs.org/@img%2fsharp-linux-ppc64 set size:undefined disposed:false
3343 http fetch GET 200 https://registry.npmjs.org/@img%2fsharp-linuxmusl-arm64 197ms (cache miss)
3344 silly packumentCache full:https://registry.npmjs.org/@img%2fsharp-linuxmusl-arm64 set size:undefined disposed:false
3345 http fetch GET 200 https://registry.npmjs.org/@img%2fsharp-win32-arm64 191ms (cache miss)
3346 silly packumentCache full:https://registry.npmjs.org/@img%2fsharp-win32-arm64 set size:undefined disposed:false
3347 http fetch GET 200 https://registry.npmjs.org/@img%2fsharp-linuxmusl-x64 215ms (cache miss)
3348 silly packumentCache full:https://registry.npmjs.org/@img%2fsharp-linuxmusl-x64 set size:undefined disposed:false
3349 http fetch GET 200 https://registry.npmjs.org/@img%2fsharp-wasm32 231ms (cache miss)
3350 silly packumentCache full:https://registry.npmjs.org/@img%2fsharp-wasm32 set size:undefined disposed:false
3351 http fetch GET 200 https://registry.npmjs.org/@img%2fsharp-win32-ia32 199ms (cache miss)
3352 silly packumentCache full:https://registry.npmjs.org/@img%2fsharp-win32-ia32 set size:undefined disposed:false
3353 http fetch GET 200 https://registry.npmjs.org/@img%2fsharp-linux-arm 379ms (cache miss)
3354 silly packumentCache full:https://registry.npmjs.org/@img%2fsharp-linux-arm set size:undefined disposed:false
3355 http fetch GET 200 https://registry.npmjs.org/@img%2fsharp-linux-arm64 338ms (cache miss)
3356 silly packumentCache full:https://registry.npmjs.org/@img%2fsharp-linux-arm64 set size:undefined disposed:false
3357 http fetch GET 200 https://registry.npmjs.org/client-only 147ms (cache miss)
3358 silly packumentCache full:https://registry.npmjs.org/client-only set size:undefined disposed:false
3359 http fetch GET 200 https://registry.npmjs.org/@img%2fsharp-linux-x64 376ms (cache miss)
3360 silly packumentCache full:https://registry.npmjs.org/@img%2fsharp-linux-x64 set size:undefined disposed:false
3361 http fetch GET 200 https://registry.npmjs.org/@img%2fsharp-win32-x64 492ms (cache miss)
3362 silly packumentCache full:https://registry.npmjs.org/@img%2fsharp-win32-x64 set size:undefined disposed:false
3363 silly placeDep ROOT tslib@2.8.1 OK for: @swc/helpers@0.5.15 want: ^2.8.0
3364 silly placeDep ROOT deep-is@0.1.4 OK for: optionator@0.9.4 want: ^0.1.3
3365 silly placeDep ROOT fast-levenshtein@2.0.6 OK for: optionator@0.9.4 want: ^2.0.6
3366 silly placeDep ROOT word-wrap@1.2.5 OK for: optionator@0.9.4 want: ^1.2.5
3367 silly placeDep ROOT p-limit@4.0.0 OK for: p-locate@6.0.0 want: ^4.0.0
3368 silly fetch manifest yocto-queue@^1.0.0
3369 silly packumentCache full:https://registry.npmjs.org/yocto-queue cache-miss
3370 http fetch GET 200 https://registry.npmjs.org/yocto-queue 175ms (cache miss)
3371 silly packumentCache full:https://registry.npmjs.org/yocto-queue set size:undefined disposed:false
3372 silly placeDep ROOT yocto-queue@1.2.1 OK for: p-limit@4.0.0 want: ^1.0.0
3373 silly placeDep ROOT callsites@3.1.0 OK for: parent-module@1.0.1 want: ^3.0.0
3374 silly placeDep ROOT error-ex@1.3.4 OK for: parse-json@5.2.0 want: ^1.3.1
3375 silly placeDep ROOT json-parse-even-better-errors@2.3.1 OK for: parse-json@5.2.0 want: ^2.3.0
3376 silly placeDep ROOT lines-and-columns@1.2.4 OK for: parse-json@5.2.0 want: ^1.1.6
3377 silly fetch manifest is-arrayish@^0.2.1
3378 silly packumentCache full:https://registry.npmjs.org/is-arrayish cache-miss
3379 http fetch GET 200 https://registry.npmjs.org/is-arrayish 183ms (cache miss)
3380 silly packumentCache full:https://registry.npmjs.org/is-arrayish set size:undefined disposed:false
3381 silly placeDep ROOT is-arrayish@0.2.1 OK for: error-ex@1.3.4 want: ^0.2.1
3382 silly placeDep ROOT entities@6.0.1 OK for: parse5@7.3.0 want: ^6.0.0
3383 silly placeDep ROOT nanoid@3.3.11 OK for: postcss@8.5.6 want: ^3.3.11
3384 silly placeDep ROOT fast-diff@1.3.0 OK for: prettier-linter-helpers@1.0.0 want: ^1.1.2
3385 silly placeDep ROOT ansi-regex@5.0.1 OK for: pretty-format@27.5.1 want: ^5.0.1
3386 silly placeDep ROOT ansi-styles@5.2.0 OK for: pretty-format@27.5.1 want: ^5.0.0
3387 silly placeDep ROOT react-is@17.0.2 OK for: pretty-format@27.5.1 want: ^17.0.1
3388 silly placeDep ROOT loose-envify@1.4.0 OK for: prop-types@15.8.1 want: ^1.4.0
3389 silly placeDep ROOT object-assign@4.1.1 OK for: prop-types@15.8.1 want: ^4.1.1
3390 silly placeDep node_modules/prop-types react-is@16.13.1 OK for: prop-types@15.8.1 want: ^16.13.1
3391 silly placeDep ROOT scheduler@0.26.0 OK for: react-dom@19.1.0 want: ^0.26.0
3392 silly placeDep ROOT indent-string@4.0.0 OK for: redent@3.0.0 want: ^4.0.0
3393 silly placeDep ROOT strip-indent@3.0.0 OK for: redent@3.0.0 want: ^3.0.0
3394 silly fetch manifest min-indent@^1.0.0
3395 silly packumentCache full:https://registry.npmjs.org/min-indent cache-miss
3396 http fetch GET 200 https://registry.npmjs.org/min-indent 175ms (cache miss)
3397 silly packumentCache full:https://registry.npmjs.org/min-indent set size:undefined disposed:false
3398 silly placeDep ROOT path-parse@1.0.7 OK for: resolve@1.22.10 want: ^1.0.7
3399 silly placeDep ROOT supports-preserve-symlinks-flag@1.0.0 OK for: resolve@1.22.10 want: ^1.0.0
3400 silly placeDep ROOT onetime@7.0.0 OK for: restore-cursor@5.1.0 want: ^7.0.0
3401 silly placeDep ROOT signal-exit@4.1.0 OK for: restore-cursor@5.1.0 want: ^4.1.0
3402 silly fetch manifest mimic-function@^5.0.0
3403 silly packumentCache full:https://registry.npmjs.org/mimic-function cache-miss
3404 http fetch GET 200 https://registry.npmjs.org/mimic-function 144ms (cache miss)
3405 silly packumentCache full:https://registry.npmjs.org/mimic-function set size:undefined disposed:false
3406 silly placeDep ROOT mimic-function@5.0.1 OK for: onetime@7.0.0 want: ^5.0.0
3407 silly placeDep ROOT queue-microtask@1.2.3 OK for: run-parallel@1.2.0 want: ^1.2.2
3408 silly placeDep ROOT isarray@2.0.5 OK for: safe-array-concat@1.1.3 want: ^2.0.5
3409 silly placeDep ROOT xmlchars@2.2.0 OK for: saxes@6.0.0 want: ^2.2.0
3410 silly placeDep ROOT @img/colour@1.0.0 OK for: sharp@0.34.4 want: ^1.0.0
3411 silly placeDep ROOT @img/sharp-darwin-arm64@0.34.4 OK for: sharp@0.34.4 want: 0.34.4
3412 silly placeDep ROOT @img/sharp-darwin-x64@0.34.4 OK for: sharp@0.34.4 want: 0.34.4
3413 silly placeDep ROOT @img/sharp-libvips-darwin-arm64@1.2.3 OK for: sharp@0.34.4 want: 1.2.3
3414 silly placeDep ROOT @img/sharp-libvips-darwin-x64@1.2.3 OK for: sharp@0.34.4 want: 1.2.3
3415 silly placeDep ROOT @img/sharp-libvips-linux-arm@1.2.3 OK for: sharp@0.34.4 want: 1.2.3
3416 silly placeDep ROOT @img/sharp-libvips-linux-arm64@1.2.3 OK for: sharp@0.34.4 want: 1.2.3
3417 silly placeDep ROOT @img/sharp-libvips-linux-ppc64@1.2.3 OK for: sharp@0.34.4 want: 1.2.3
3418 silly placeDep ROOT @img/sharp-libvips-linux-s390x@1.2.3 OK for: sharp@0.34.4 want: 1.2.3
3419 silly placeDep ROOT @img/sharp-libvips-linux-x64@1.2.3 OK for: sharp@0.34.4 want: 1.2.3
3420 silly placeDep ROOT @img/sharp-libvips-linuxmusl-arm64@1.2.3 OK for: sharp@0.34.4 want: 1.2.3
3421 silly placeDep ROOT @img/sharp-libvips-linuxmusl-x64@1.2.3 OK for: sharp@0.34.4 want: 1.2.3
3422 silly placeDep ROOT @img/sharp-linux-arm@0.34.4 OK for: sharp@0.34.4 want: 0.34.4
3423 silly placeDep ROOT @img/sharp-linux-arm64@0.34.4 OK for: sharp@0.34.4 want: 0.34.4
3424 silly placeDep ROOT @img/sharp-linux-ppc64@0.34.4 OK for: sharp@0.34.4 want: 0.34.4
3425 silly placeDep ROOT @img/sharp-linux-s390x@0.34.4 OK for: sharp@0.34.4 want: 0.34.4
3426 silly placeDep ROOT @img/sharp-linux-x64@0.34.4 OK for: sharp@0.34.4 want: 0.34.4
3427 silly placeDep ROOT @img/sharp-linuxmusl-arm64@0.34.4 OK for: sharp@0.34.4 want: 0.34.4
3428 silly placeDep ROOT @img/sharp-linuxmusl-x64@0.34.4 OK for: sharp@0.34.4 want: 0.34.4
3429 silly placeDep ROOT @img/sharp-wasm32@0.34.4 OK for: sharp@0.34.4 want: 0.34.4
3430 silly placeDep ROOT @img/sharp-win32-arm64@0.34.4 OK for: sharp@0.34.4 want: 0.34.4
3431 silly placeDep ROOT @img/sharp-win32-ia32@0.34.4 OK for: sharp@0.34.4 want: 0.34.4
3432 silly placeDep ROOT @img/sharp-win32-x64@0.34.4 OK for: sharp@0.34.4 want: 0.34.4
3433 silly fetch manifest @emnapi/runtime@^1.5.0
3434 silly packumentCache full:https://registry.npmjs.org/@emnapi%2fruntime cache-miss
3435 http fetch GET 200 https://registry.npmjs.org/@emnapi%2fruntime 324ms (cache miss)
3436 silly packumentCache full:https://registry.npmjs.org/@emnapi%2fruntime set size:undefined disposed:false
3437 silly placeDep ROOT @emnapi/runtime@1.5.0 OK for: @img/sharp-wasm32@0.34.4 want: ^1.5.0
3438 silly placeDep ROOT shebang-regex@3.0.0 OK for: shebang-command@2.0.0 want: ^3.0.0
3439 silly placeDep ROOT side-channel-list@1.0.0 OK for: side-channel@1.1.0 want: ^1.0.0
3440 silly placeDep ROOT side-channel-map@1.0.1 OK for: side-channel@1.1.0 want: ^1.0.1
3441 silly placeDep ROOT side-channel-weakmap@1.0.2 OK for: side-channel@1.1.0 want: ^1.0.2
3442 silly placeDep node_modules/slice-ansi ansi-styles@6.2.3 OK for: slice-ansi@7.1.2 want: ^6.2.1
3443 silly placeDep ROOT is-fullwidth-code-point@5.1.0 OK for: slice-ansi@7.1.2 want: ^5.0.0
3444 silly fetch manifest get-east-asian-width@^1.3.1
3445 silly packumentCache full:https://registry.npmjs.org/get-east-asian-width cache-miss
3446 http fetch GET 200 https://registry.npmjs.org/get-east-asian-width 5ms (cache hit)
3447 silly packumentCache full:https://registry.npmjs.org/get-east-asian-width set size:16137 disposed:false
3448 silly placeDep ROOT get-east-asian-width@1.4.0 OK for: is-fullwidth-code-point@5.1.0 want: ^1.3.1
3449 silly placeDep node_modules/strip-ansi ansi-regex@6.2.2 OK for: strip-ansi@7.1.2 want: ^6.0.1
3450 silly placeDep ROOT min-indent@1.0.1 OK for: strip-indent@3.0.0 want: ^1.0.0
3451 silly placeDep ROOT client-only@0.0.1 OK for: styled-jsx@5.1.6 want: 0.0.1
3452 silly placeDep ROOT @pkgr/core@0.2.9 OK for: synckit@0.11.11 want: ^0.2.9
3453 silly placeDep ROOT @isaacs/fs-minipass@4.0.1 OK for: tar@7.5.1 want: ^4.0.0
3454 silly placeDep ROOT chownr@3.0.0 OK for: tar@7.5.1 want: ^3.0.0
3455 silly placeDep ROOT minipass@7.1.2 OK for: tar@7.5.1 want: ^7.1.2
3456 silly placeDep ROOT minizlib@3.1.0 OK for: tar@7.5.1 want: ^3.1.0
3457 silly placeDep node_modules/tar yallist@5.0.0 OK for: tar@7.5.1 want: ^5.0.0
3458 silly fetch manifest minipass@^7.0.4
3459 silly packumentCache full:https://registry.npmjs.org/minipass cache-miss
3460 http fetch GET 200 https://registry.npmjs.org/minipass 4ms (cache hit)
3461 silly packumentCache full:https://registry.npmjs.org/minipass set size:490195 disposed:false
3462 silly placeDep node_modules/tinyglobby fdir@6.5.0 OK for: tinyglobby@0.2.15 want: ^6.5.0
3463 silly placeDep node_modules/tinyglobby picomatch@4.0.3 OK for: fdir@6.5.0 want: ^3 || ^4
3464 silly placeDep ROOT is-number@7.0.0 OK for: to-regex-range@5.0.1 want: ^7.0.0
3465 silly placeDep ROOT tldts@7.0.17 OK for: tough-cookie@6.0.0 want: ^7.0.5
3466 silly fetch manifest tldts-core@^7.0.17
3467 silly packumentCache full:https://registry.npmjs.org/tldts-core cache-miss
3468 http fetch GET 200 https://registry.npmjs.org/tldts-core 199ms (cache miss)
3469 silly packumentCache full:https://registry.npmjs.org/tldts-core set size:undefined disposed:false
3470 silly placeDep ROOT tldts-core@7.0.17 OK for: tldts@7.0.17 want: ^7.0.17
3471 silly placeDep ROOT @types/json5@0.0.29 OK for: tsconfig-paths@3.15.0 want: ^0.0.29
3472 silly placeDep node_modules/tsconfig-paths json5@1.0.2 OK for: tsconfig-paths@3.15.0 want: ^1.0.2
3473 silly placeDep ROOT strip-bom@3.0.0 OK for: tsconfig-paths@3.15.0 want: ^3.0.0
3474 silly placeDep ROOT for-each@0.3.5 OK for: typed-array-byte-length@1.0.3 want: ^0.3.3
3475 silly placeDep ROOT reflect.getprototypeof@1.0.10 OK for: typed-array-byte-offset@1.0.4 want: ^1.0.9
3476 silly fetch manifest which-builtin-type@^1.2.1
3477 silly packumentCache full:https://registry.npmjs.org/which-builtin-type cache-miss
3478 http fetch GET 200 https://registry.npmjs.org/which-builtin-type 244ms (cache miss)
3479 silly packumentCache full:https://registry.npmjs.org/which-builtin-type set size:undefined disposed:false
3480 silly placeDep ROOT which-builtin-type@1.2.1 OK for: reflect.getprototypeof@1.0.10 want: ^1.2.1
3481 silly fetch manifest is-async-function@^2.0.0
3482 silly packumentCache full:https://registry.npmjs.org/is-async-function cache-miss
3483 silly fetch manifest is-finalizationregistry@^1.1.0
3484 silly packumentCache full:https://registry.npmjs.org/is-finalizationregistry cache-miss
3485 silly fetch manifest is-generator-function@^1.0.10
3486 silly packumentCache full:https://registry.npmjs.org/is-generator-function cache-miss
3487 silly fetch manifest which-boxed-primitive@^1.1.0
3488 silly packumentCache full:https://registry.npmjs.org/which-boxed-primitive cache-miss
3489 silly fetch manifest which-collection@^1.0.2
3490 silly packumentCache full:https://registry.npmjs.org/which-collection cache-miss
3491 http fetch GET 200 https://registry.npmjs.org/which-boxed-primitive 8ms (cache hit)
3492 silly packumentCache full:https://registry.npmjs.org/which-boxed-primitive set size:19407 disposed:false
3493 http fetch GET 200 https://registry.npmjs.org/which-collection 1062ms (cache miss)
3494 silly packumentCache full:https://registry.npmjs.org/which-collection set size:undefined disposed:false
3495 http fetch GET 200 https://registry.npmjs.org/is-async-function 1065ms (cache miss)
3496 silly packumentCache full:https://registry.npmjs.org/is-async-function set size:undefined disposed:false
3497 http fetch GET 200 https://registry.npmjs.org/is-finalizationregistry 1067ms (cache miss)
3498 silly packumentCache full:https://registry.npmjs.org/is-finalizationregistry set size:undefined disposed:false
3499 http fetch GET 200 https://registry.npmjs.org/is-generator-function 1072ms (cache miss)
3500 silly packumentCache full:https://registry.npmjs.org/is-generator-function set size:undefined disposed:false
3501 silly placeDep ROOT has-bigints@1.1.0 OK for: unbox-primitive@1.1.0 want: ^1.0.2
3502 silly placeDep ROOT which-boxed-primitive@1.1.1 OK for: unbox-primitive@1.1.0 want: ^1.1.1
3503 silly fetch manifest is-bigint@^1.1.0
3504 silly packumentCache full:https://registry.npmjs.org/is-bigint cache-miss
3505 silly fetch manifest is-boolean-object@^1.2.1
3506 silly packumentCache full:https://registry.npmjs.org/is-boolean-object cache-miss
3507 silly fetch manifest is-number-object@^1.1.1
3508 silly packumentCache full:https://registry.npmjs.org/is-number-object cache-miss
3509 http fetch GET 200 https://registry.npmjs.org/is-bigint 177ms (cache miss)
3510 silly packumentCache full:https://registry.npmjs.org/is-bigint set size:undefined disposed:false
3511 http fetch GET 200 https://registry.npmjs.org/is-number-object 184ms (cache miss)
3512 silly packumentCache full:https://registry.npmjs.org/is-number-object set size:undefined disposed:false
3513 http fetch GET 200 https://registry.npmjs.org/is-boolean-object 199ms (cache miss)
3514 silly packumentCache full:https://registry.npmjs.org/is-boolean-object set size:undefined disposed:false
3515 silly placeDep ROOT @unrs/resolver-binding-android-arm-eabi@1.11.1 OK for: unrs-resolver@1.11.1 want: 1.11.1
3516 silly placeDep ROOT @unrs/resolver-binding-android-arm64@1.11.1 OK for: unrs-resolver@1.11.1 want: 1.11.1
3517 silly placeDep ROOT @unrs/resolver-binding-darwin-arm64@1.11.1 OK for: unrs-resolver@1.11.1 want: 1.11.1
3518 silly placeDep ROOT @unrs/resolver-binding-darwin-x64@1.11.1 OK for: unrs-resolver@1.11.1 want: 1.11.1
3519 silly placeDep ROOT @unrs/resolver-binding-freebsd-x64@1.11.1 OK for: unrs-resolver@1.11.1 want: 1.11.1
3520 silly placeDep ROOT @unrs/resolver-binding-linux-arm-gnueabihf@1.11.1 OK for: unrs-resolver@1.11.1 want: 1.11.1
3521 silly placeDep ROOT @unrs/resolver-binding-linux-arm-musleabihf@1.11.1 OK for: unrs-resolver@1.11.1 want: 1.11.1
3522 silly placeDep ROOT @unrs/resolver-binding-linux-arm64-gnu@1.11.1 OK for: unrs-resolver@1.11.1 want: 1.11.1
3523 silly placeDep ROOT @unrs/resolver-binding-linux-arm64-musl@1.11.1 OK for: unrs-resolver@1.11.1 want: 1.11.1
3524 silly placeDep ROOT @unrs/resolver-binding-linux-ppc64-gnu@1.11.1 OK for: unrs-resolver@1.11.1 want: 1.11.1
3525 silly placeDep ROOT @unrs/resolver-binding-linux-riscv64-gnu@1.11.1 OK for: unrs-resolver@1.11.1 want: 1.11.1
3526 silly placeDep ROOT @unrs/resolver-binding-linux-riscv64-musl@1.11.1 OK for: unrs-resolver@1.11.1 want: 1.11.1
3527 silly placeDep ROOT @unrs/resolver-binding-linux-s390x-gnu@1.11.1 OK for: unrs-resolver@1.11.1 want: 1.11.1
3528 silly placeDep ROOT @unrs/resolver-binding-linux-x64-gnu@1.11.1 OK for: unrs-resolver@1.11.1 want: 1.11.1
3529 silly placeDep ROOT @unrs/resolver-binding-linux-x64-musl@1.11.1 OK for: unrs-resolver@1.11.1 want: 1.11.1
3530 silly placeDep ROOT @unrs/resolver-binding-wasm32-wasi@1.11.1 OK for: unrs-resolver@1.11.1 want: 1.11.1
3531 silly placeDep ROOT @unrs/resolver-binding-win32-arm64-msvc@1.11.1 OK for: unrs-resolver@1.11.1 want: 1.11.1
3532 silly placeDep ROOT @unrs/resolver-binding-win32-ia32-msvc@1.11.1 OK for: unrs-resolver@1.11.1 want: 1.11.1
3533 silly placeDep ROOT @unrs/resolver-binding-win32-x64-msvc@1.11.1 OK for: unrs-resolver@1.11.1 want: 1.11.1
3534 silly placeDep ROOT napi-postinstall@0.3.4 OK for: unrs-resolver@1.11.1 want: ^0.3.0
3535 silly fetch manifest @napi-rs/wasm-runtime@^0.2.11
3536 silly packumentCache full:https://registry.npmjs.org/@napi-rs%2fwasm-runtime cache-miss
3537 http fetch GET 200 https://registry.npmjs.org/@napi-rs%2fwasm-runtime 238ms (cache miss)
3538 silly packumentCache full:https://registry.npmjs.org/@napi-rs%2fwasm-runtime set size:undefined disposed:false
3539 silly placeDep ROOT @napi-rs/wasm-runtime@0.2.12 OK for: @unrs/resolver-binding-wasm32-wasi@1.11.1 want: ^0.2.11
3540 silly fetch manifest @emnapi/core@^1.4.3
3541 silly packumentCache full:https://registry.npmjs.org/@emnapi%2fcore cache-miss
3542 silly fetch manifest @tybys/wasm-util@^0.10.0
3543 silly packumentCache full:https://registry.npmjs.org/@tybys%2fwasm-util cache-miss
3544 http fetch GET 200 https://registry.npmjs.org/@tybys%2fwasm-util 204ms (cache miss)
3545 silly packumentCache full:https://registry.npmjs.org/@tybys%2fwasm-util set size:undefined disposed:false
3546 http fetch GET 200 https://registry.npmjs.org/@emnapi%2fcore 296ms (cache miss)
3547 silly packumentCache full:https://registry.npmjs.org/@emnapi%2fcore set size:undefined disposed:false
3548 silly placeDep ROOT @emnapi/core@1.5.0 OK for: @napi-rs/wasm-runtime@0.2.12 want: ^1.4.3
3549 silly placeDep ROOT @tybys/wasm-util@0.10.1 OK for: @napi-rs/wasm-runtime@0.2.12 want: ^0.10.0
3550 silly fetch manifest @emnapi/wasi-threads@1.1.0
3551 silly packumentCache full:https://registry.npmjs.org/@emnapi%2fwasi-threads cache-miss
3552 http fetch GET 200 https://registry.npmjs.org/@emnapi%2fwasi-threads 305ms (cache miss)
3553 silly packumentCache full:https://registry.npmjs.org/@emnapi%2fwasi-threads set size:undefined disposed:false
3554 silly placeDep ROOT @emnapi/wasi-threads@1.1.0 OK for: @emnapi/core@1.5.0 want: 1.1.0
3555 silly placeDep ROOT escalade@3.2.0 OK for: update-browserslist-db@1.1.3 want: ^3.2.0
3556 silly placeDep ROOT esbuild@0.25.10 OK for: vite@7.1.9 want: ^0.25.0
3557 silly placeDep node_modules/vite fdir@6.5.0 OK for: vite@7.1.9 want: ^6.5.0
3558 silly placeDep node_modules/vite picomatch@4.0.3 OK for: fdir@6.5.0 want: ^3 || ^4
3559 silly placeDep ROOT fsevents@2.3.3 OK for: vite@7.1.9 want: ~2.3.3
3560 silly placeDep ROOT rollup@4.52.4 OK for: vite@7.1.9 want: ^4.43.0
3561 silly fetch manifest @esbuild/aix-ppc64@0.25.10
3562 silly packumentCache full:https://registry.npmjs.org/@esbuild%2faix-ppc64 cache-miss
3563 silly fetch manifest @esbuild/android-arm@0.25.10
3564 silly packumentCache full:https://registry.npmjs.org/@esbuild%2fandroid-arm cache-miss
3565 silly fetch manifest @esbuild/android-arm64@0.25.10
3566 silly packumentCache full:https://registry.npmjs.org/@esbuild%2fandroid-arm64 cache-miss
3567 silly fetch manifest @esbuild/android-x64@0.25.10
3568 silly packumentCache full:https://registry.npmjs.org/@esbuild%2fandroid-x64 cache-miss
3569 silly fetch manifest @esbuild/darwin-arm64@0.25.10
3570 silly packumentCache full:https://registry.npmjs.org/@esbuild%2fdarwin-arm64 cache-miss
3571 silly fetch manifest @esbuild/darwin-x64@0.25.10
3572 silly packumentCache full:https://registry.npmjs.org/@esbuild%2fdarwin-x64 cache-miss
3573 silly fetch manifest @esbuild/freebsd-arm64@0.25.10
3574 silly packumentCache full:https://registry.npmjs.org/@esbuild%2ffreebsd-arm64 cache-miss
3575 silly fetch manifest @esbuild/freebsd-x64@0.25.10
3576 silly packumentCache full:https://registry.npmjs.org/@esbuild%2ffreebsd-x64 cache-miss
3577 silly fetch manifest @esbuild/linux-arm@0.25.10
3578 silly packumentCache full:https://registry.npmjs.org/@esbuild%2flinux-arm cache-miss
3579 silly fetch manifest @esbuild/linux-arm64@0.25.10
3580 silly packumentCache full:https://registry.npmjs.org/@esbuild%2flinux-arm64 cache-miss
3581 silly fetch manifest @esbuild/linux-ia32@0.25.10
3582 silly packumentCache full:https://registry.npmjs.org/@esbuild%2flinux-ia32 cache-miss
3583 http fetch GET 200 https://registry.npmjs.org/@esbuild%2faix-ppc64 175ms (cache miss)
3584 silly packumentCache full:https://registry.npmjs.org/@esbuild%2faix-ppc64 set size:undefined disposed:false
3585 silly fetch manifest @esbuild/linux-loong64@0.25.10
3586 silly packumentCache full:https://registry.npmjs.org/@esbuild%2flinux-loong64 cache-miss
3587 http fetch GET 200 https://registry.npmjs.org/@esbuild%2fdarwin-arm64 209ms (cache miss)
3588 silly packumentCache full:https://registry.npmjs.org/@esbuild%2fdarwin-arm64 set size:undefined disposed:false
3589 silly fetch manifest @esbuild/linux-mips64el@0.25.10
3590 silly packumentCache full:https://registry.npmjs.org/@esbuild%2flinux-mips64el cache-miss
3591 http fetch GET 200 https://registry.npmjs.org/@esbuild%2flinux-arm 213ms (cache miss)
3592 silly packumentCache full:https://registry.npmjs.org/@esbuild%2flinux-arm set size:undefined disposed:false
3593 silly fetch manifest @esbuild/linux-ppc64@0.25.10
3594 silly packumentCache full:https://registry.npmjs.org/@esbuild%2flinux-ppc64 cache-miss
3595 http fetch GET 200 https://registry.npmjs.org/@esbuild%2fdarwin-x64 315ms (cache miss)
3596 silly packumentCache full:https://registry.npmjs.org/@esbuild%2fdarwin-x64 set size:undefined disposed:false
3597 silly fetch manifest @esbuild/linux-riscv64@0.25.10
3598 silly packumentCache full:https://registry.npmjs.org/@esbuild%2flinux-riscv64 cache-miss
3599 http fetch GET 200 https://registry.npmjs.org/@esbuild%2ffreebsd-x64 324ms (cache miss)
3600 silly packumentCache full:https://registry.npmjs.org/@esbuild%2ffreebsd-x64 set size:undefined disposed:false
3601 silly fetch manifest @esbuild/linux-s390x@0.25.10
3602 silly packumentCache full:https://registry.npmjs.org/@esbuild%2flinux-s390x cache-miss
3603 http fetch GET 200 https://registry.npmjs.org/@esbuild%2fandroid-arm64 334ms (cache miss)
3604 silly packumentCache full:https://registry.npmjs.org/@esbuild%2fandroid-arm64 set size:undefined disposed:false
3605 silly fetch manifest @esbuild/linux-x64@0.25.10
3606 silly packumentCache full:https://registry.npmjs.org/@esbuild%2flinux-x64 cache-miss
3607 http fetch GET 200 https://registry.npmjs.org/@esbuild%2fandroid-x64 345ms (cache miss)
3608 silly packumentCache full:https://registry.npmjs.org/@esbuild%2fandroid-x64 set size:undefined disposed:false
3609 silly fetch manifest @esbuild/netbsd-arm64@0.25.10
3610 silly packumentCache full:https://registry.npmjs.org/@esbuild%2fnetbsd-arm64 cache-miss
3611 http fetch GET 200 https://registry.npmjs.org/@esbuild%2fandroid-arm 350ms (cache miss)
3612 silly packumentCache full:https://registry.npmjs.org/@esbuild%2fandroid-arm set size:undefined disposed:false
3613 silly fetch manifest @esbuild/netbsd-x64@0.25.10
3614 silly packumentCache full:https://registry.npmjs.org/@esbuild%2fnetbsd-x64 cache-miss
3615 http fetch GET 200 https://registry.npmjs.org/@esbuild%2flinux-arm64 453ms (cache miss)
3616 silly packumentCache full:https://registry.npmjs.org/@esbuild%2flinux-arm64 set size:undefined disposed:false
3617 silly fetch manifest @esbuild/openbsd-arm64@0.25.10
3618 silly packumentCache full:https://registry.npmjs.org/@esbuild%2fopenbsd-arm64 cache-miss
3619 http fetch GET 200 https://registry.npmjs.org/@esbuild%2flinux-ia32 455ms (cache miss)
3620 silly packumentCache full:https://registry.npmjs.org/@esbuild%2flinux-ia32 set size:undefined disposed:false
3621 silly fetch manifest @esbuild/openbsd-x64@0.25.10
3622 silly packumentCache full:https://registry.npmjs.org/@esbuild%2fopenbsd-x64 cache-miss
3623 http fetch GET 200 https://registry.npmjs.org/@esbuild%2ffreebsd-arm64 462ms (cache miss)
3624 silly packumentCache full:https://registry.npmjs.org/@esbuild%2ffreebsd-arm64 set size:undefined disposed:false
3625 silly fetch manifest @esbuild/openharmony-arm64@0.25.10
3626 silly packumentCache full:https://registry.npmjs.org/@esbuild%2fopenharmony-arm64 cache-miss
3627 http fetch GET 200 https://registry.npmjs.org/@esbuild%2flinux-ppc64 252ms (cache miss)
3628 silly packumentCache full:https://registry.npmjs.org/@esbuild%2flinux-ppc64 set size:undefined disposed:false
3629 silly fetch manifest @esbuild/sunos-x64@0.25.10
3630 silly packumentCache full:https://registry.npmjs.org/@esbuild%2fsunos-x64 cache-miss
3631 http fetch GET 200 https://registry.npmjs.org/@esbuild%2flinux-loong64 297ms (cache miss)
3632 silly packumentCache full:https://registry.npmjs.org/@esbuild%2flinux-loong64 set size:undefined disposed:false
3633 silly fetch manifest @esbuild/win32-arm64@0.25.10
3634 silly packumentCache full:https://registry.npmjs.org/@esbuild%2fwin32-arm64 cache-miss
3635 http fetch GET 200 https://registry.npmjs.org/@esbuild%2flinux-mips64el 264ms (cache miss)
3636 silly packumentCache full:https://registry.npmjs.org/@esbuild%2flinux-mips64el set size:undefined disposed:false
3637 silly fetch manifest @esbuild/win32-ia32@0.25.10
3638 silly packumentCache full:https://registry.npmjs.org/@esbuild%2fwin32-ia32 cache-miss
3639 http fetch GET 200 https://registry.npmjs.org/@esbuild%2flinux-s390x 326ms (cache miss)
3640 silly packumentCache full:https://registry.npmjs.org/@esbuild%2flinux-s390x set size:undefined disposed:false
3641 silly fetch manifest @esbuild/win32-x64@0.25.10
3642 silly packumentCache full:https://registry.npmjs.org/@esbuild%2fwin32-x64 cache-miss
3643 http fetch GET 200 https://registry.npmjs.org/@esbuild%2fopenbsd-arm64 244ms (cache miss)
3644 silly packumentCache full:https://registry.npmjs.org/@esbuild%2fopenbsd-arm64 set size:undefined disposed:false
3645 silly fetch manifest @rollup/rollup-darwin-arm64@4.52.4
3646 silly packumentCache full:https://registry.npmjs.org/@rollup%2frollup-darwin-arm64 cache-miss
3647 http fetch GET 200 https://registry.npmjs.org/@esbuild%2flinux-x64 378ms (cache miss)
3648 silly packumentCache full:https://registry.npmjs.org/@esbuild%2flinux-x64 set size:undefined disposed:false
3649 silly fetch manifest @rollup/rollup-android-arm64@4.52.4
3650 silly packumentCache full:https://registry.npmjs.org/@rollup%2frollup-android-arm64 cache-miss
3651 http fetch GET 200 https://registry.npmjs.org/@esbuild%2fnetbsd-arm64 376ms (cache miss)
3652 silly packumentCache full:https://registry.npmjs.org/@esbuild%2fnetbsd-arm64 set size:undefined disposed:false
3653 silly fetch manifest @rollup/rollup-win32-arm64-msvc@4.52.4
3654 silly packumentCache full:https://registry.npmjs.org/@rollup%2frollup-win32-arm64-msvc cache-miss
3655 http fetch GET 200 https://registry.npmjs.org/@esbuild%2fwin32-arm64 256ms (cache miss)
3656 silly packumentCache full:https://registry.npmjs.org/@esbuild%2fwin32-arm64 set size:undefined disposed:false
3657 silly fetch manifest @rollup/rollup-freebsd-arm64@4.52.4
3658 silly packumentCache full:https://registry.npmjs.org/@rollup%2frollup-freebsd-arm64 cache-miss
3659 http fetch GET 200 https://registry.npmjs.org/@esbuild%2fnetbsd-x64 388ms (cache miss)
3660 silly packumentCache full:https://registry.npmjs.org/@esbuild%2fnetbsd-x64 set size:undefined disposed:false
3661 silly fetch manifest @rollup/rollup-linux-arm64-gnu@4.52.4
3662 silly packumentCache full:https://registry.npmjs.org/@rollup%2frollup-linux-arm64-gnu cache-miss
3663 http fetch GET 200 https://registry.npmjs.org/@esbuild%2flinux-riscv64 428ms (cache miss)
3664 silly packumentCache full:https://registry.npmjs.org/@esbuild%2flinux-riscv64 set size:undefined disposed:false
3665 silly fetch manifest @rollup/rollup-linux-arm64-musl@4.52.4
3666 silly packumentCache full:https://registry.npmjs.org/@rollup%2frollup-linux-arm64-musl cache-miss
3667 http fetch GET 200 https://registry.npmjs.org/@esbuild%2fwin32-ia32 273ms (cache miss)
3668 silly packumentCache full:https://registry.npmjs.org/@esbuild%2fwin32-ia32 set size:undefined disposed:false
3669 silly fetch manifest @rollup/rollup-android-arm-eabi@4.52.4
3670 silly packumentCache full:https://registry.npmjs.org/@rollup%2frollup-android-arm-eabi cache-miss
3671 http fetch GET 200 https://registry.npmjs.org/@esbuild%2fsunos-x64 298ms (cache miss)
3672 silly packumentCache full:https://registry.npmjs.org/@esbuild%2fsunos-x64 set size:undefined disposed:false
3673 silly fetch manifest @rollup/rollup-linux-arm-gnueabihf@4.52.4
3674 silly packumentCache full:https://registry.npmjs.org/@rollup%2frollup-linux-arm-gnueabihf cache-miss
3675 http fetch GET 200 https://registry.npmjs.org/@esbuild%2fopenharmony-arm64 316ms (cache miss)
3676 silly packumentCache full:https://registry.npmjs.org/@esbuild%2fopenharmony-arm64 set size:undefined disposed:false
3677 silly fetch manifest @rollup/rollup-linux-arm-musleabihf@4.52.4
3678 silly packumentCache full:https://registry.npmjs.org/@rollup%2frollup-linux-arm-musleabihf cache-miss
3679 http fetch GET 200 https://registry.npmjs.org/@esbuild%2fopenbsd-x64 379ms (cache miss)
3680 silly packumentCache full:https://registry.npmjs.org/@esbuild%2fopenbsd-x64 set size:undefined disposed:false
3681 silly fetch manifest @rollup/rollup-win32-ia32-msvc@4.52.4
3682 silly packumentCache full:https://registry.npmjs.org/@rollup%2frollup-win32-ia32-msvc cache-miss
3683 http fetch GET 200 https://registry.npmjs.org/@rollup%2frollup-freebsd-arm64 217ms (cache miss)
3684 silly packumentCache full:https://registry.npmjs.org/@rollup%2frollup-freebsd-arm64 set size:undefined disposed:false
3685 silly fetch manifest @rollup/rollup-linux-loong64-gnu@4.52.4
3686 silly packumentCache full:https://registry.npmjs.org/@rollup%2frollup-linux-loong64-gnu cache-miss
3687 http fetch GET 200 https://registry.npmjs.org/@esbuild%2fwin32-x64 305ms (cache miss)
3688 silly packumentCache full:https://registry.npmjs.org/@esbuild%2fwin32-x64 set size:undefined disposed:false
3689 silly fetch manifest @rollup/rollup-linux-riscv64-gnu@4.52.4
3690 silly packumentCache full:https://registry.npmjs.org/@rollup%2frollup-linux-riscv64-gnu cache-miss
3691 http fetch GET 200 https://registry.npmjs.org/@rollup%2frollup-linux-arm-musleabihf 193ms (cache miss)
3692 silly packumentCache full:https://registry.npmjs.org/@rollup%2frollup-linux-arm-musleabihf set size:undefined disposed:false
3693 silly fetch manifest @rollup/rollup-linux-riscv64-musl@4.52.4
3694 silly packumentCache full:https://registry.npmjs.org/@rollup%2frollup-linux-riscv64-musl cache-miss
3695 http fetch GET 200 https://registry.npmjs.org/@rollup%2frollup-android-arm64 273ms (cache miss)
3696 silly packumentCache full:https://registry.npmjs.org/@rollup%2frollup-android-arm64 set size:undefined disposed:false
3697 silly fetch manifest @rollup/rollup-linux-ppc64-gnu@4.52.4
3698 silly packumentCache full:https://registry.npmjs.org/@rollup%2frollup-linux-ppc64-gnu cache-miss
3699 http fetch GET 200 https://registry.npmjs.org/@rollup%2frollup-android-arm-eabi 251ms (cache miss)
3700 silly packumentCache full:https://registry.npmjs.org/@rollup%2frollup-android-arm-eabi set size:undefined disposed:false
3701 silly fetch manifest @rollup/rollup-linux-s390x-gnu@4.52.4
3702 silly packumentCache full:https://registry.npmjs.org/@rollup%2frollup-linux-s390x-gnu cache-miss
3703 http fetch GET 200 https://registry.npmjs.org/@rollup%2frollup-linux-arm64-musl 271ms (cache miss)
3704 silly packumentCache full:https://registry.npmjs.org/@rollup%2frollup-linux-arm64-musl set size:undefined disposed:false
3705 silly fetch manifest @rollup/rollup-darwin-x64@4.52.4
3706 silly packumentCache full:https://registry.npmjs.org/@rollup%2frollup-darwin-x64 cache-miss
3707 http fetch GET 200 https://registry.npmjs.org/@rollup%2frollup-linux-arm-gnueabihf 298ms (cache miss)
3708 silly packumentCache full:https://registry.npmjs.org/@rollup%2frollup-linux-arm-gnueabihf set size:undefined disposed:false
3709 silly fetch manifest @rollup/rollup-win32-x64-gnu@4.52.4
3710 silly packumentCache full:https://registry.npmjs.org/@rollup%2frollup-win32-x64-gnu cache-miss
3711 http fetch GET 200 https://registry.npmjs.org/@rollup%2frollup-linux-arm64-gnu 331ms (cache miss)
3712 silly packumentCache full:https://registry.npmjs.org/@rollup%2frollup-linux-arm64-gnu set size:undefined disposed:false
3713 silly fetch manifest @rollup/rollup-win32-x64-msvc@4.52.4
3714 silly packumentCache full:https://registry.npmjs.org/@rollup%2frollup-win32-x64-msvc cache-miss
3715 http fetch GET 200 https://registry.npmjs.org/@rollup%2frollup-win32-arm64-msvc 361ms (cache miss)
3716 silly packumentCache full:https://registry.npmjs.org/@rollup%2frollup-win32-arm64-msvc set size:undefined disposed:false
3717 silly fetch manifest @rollup/rollup-freebsd-x64@4.52.4
3718 silly packumentCache full:https://registry.npmjs.org/@rollup%2frollup-freebsd-x64 cache-miss
3719 http fetch GET 200 https://registry.npmjs.org/@rollup%2frollup-darwin-arm64 405ms (cache miss)
3720 silly packumentCache full:https://registry.npmjs.org/@rollup%2frollup-darwin-arm64 set size:undefined disposed:false
3721 silly fetch manifest @rollup/rollup-linux-x64-gnu@4.52.4
3722 silly packumentCache full:https://registry.npmjs.org/@rollup%2frollup-linux-x64-gnu cache-miss
3723 http fetch GET 200 https://registry.npmjs.org/@rollup%2frollup-linux-riscv64-musl 189ms (cache miss)
3724 silly packumentCache full:https://registry.npmjs.org/@rollup%2frollup-linux-riscv64-musl set size:undefined disposed:false
3725 silly fetch manifest @rollup/rollup-linux-x64-musl@4.52.4
3726 silly packumentCache full:https://registry.npmjs.org/@rollup%2frollup-linux-x64-musl cache-miss
3727 http fetch GET 200 https://registry.npmjs.org/@rollup%2frollup-linux-loong64-gnu 218ms (cache miss)
3728 silly packumentCache full:https://registry.npmjs.org/@rollup%2frollup-linux-loong64-gnu set size:undefined disposed:false
3729 silly fetch manifest @rollup/rollup-openharmony-arm64@4.52.4
3730 silly packumentCache full:https://registry.npmjs.org/@rollup%2frollup-openharmony-arm64 cache-miss
3731 http fetch GET 200 https://registry.npmjs.org/@rollup%2frollup-linux-s390x-gnu 200ms (cache miss)
3732 silly packumentCache full:https://registry.npmjs.org/@rollup%2frollup-linux-s390x-gnu set size:undefined disposed:false
3733 http fetch GET 200 https://registry.npmjs.org/@rollup%2frollup-win32-ia32-msvc 376ms (cache miss)
3734 silly packumentCache full:https://registry.npmjs.org/@rollup%2frollup-win32-ia32-msvc set size:undefined disposed:false
3735 http fetch GET 200 https://registry.npmjs.org/@rollup%2frollup-linux-ppc64-gnu 229ms (cache miss)
3736 silly packumentCache full:https://registry.npmjs.org/@rollup%2frollup-linux-ppc64-gnu set size:undefined disposed:false
3737 http fetch GET 200 https://registry.npmjs.org/@rollup%2frollup-linux-riscv64-gnu 303ms (cache miss)
3738 silly packumentCache full:https://registry.npmjs.org/@rollup%2frollup-linux-riscv64-gnu set size:undefined disposed:false
3739 http fetch GET 200 https://registry.npmjs.org/@rollup%2frollup-win32-x64-msvc 216ms (cache miss)
3740 silly packumentCache full:https://registry.npmjs.org/@rollup%2frollup-win32-x64-msvc set size:undefined disposed:false
3741 http fetch GET 200 https://registry.npmjs.org/@rollup%2frollup-darwin-x64 286ms (cache miss)
3742 silly packumentCache full:https://registry.npmjs.org/@rollup%2frollup-darwin-x64 set size:undefined disposed:false
3743 http fetch GET 200 https://registry.npmjs.org/@rollup%2frollup-linux-x64-musl 186ms (cache miss)
3744 silly packumentCache full:https://registry.npmjs.org/@rollup%2frollup-linux-x64-musl set size:undefined disposed:false
3745 http fetch GET 200 https://registry.npmjs.org/@rollup%2frollup-win32-x64-gnu 297ms (cache miss)
3746 silly packumentCache full:https://registry.npmjs.org/@rollup%2frollup-win32-x64-gnu set size:undefined disposed:false
3747 http fetch GET 200 https://registry.npmjs.org/@rollup%2frollup-freebsd-x64 379ms (cache miss)
3748 silly packumentCache full:https://registry.npmjs.org/@rollup%2frollup-freebsd-x64 set size:undefined disposed:false
3749 http fetch GET 200 https://registry.npmjs.org/@rollup%2frollup-openharmony-arm64 317ms (cache miss)
3750 silly packumentCache full:https://registry.npmjs.org/@rollup%2frollup-openharmony-arm64 set size:undefined disposed:false
3751 http fetch GET 200 https://registry.npmjs.org/@rollup%2frollup-linux-x64-gnu 398ms (cache miss)
3752 silly packumentCache full:https://registry.npmjs.org/@rollup%2frollup-linux-x64-gnu set size:undefined disposed:false
3753 silly placeDep ROOT @esbuild/aix-ppc64@0.25.10 OK for: esbuild@0.25.10 want: 0.25.10
3754 silly placeDep ROOT @esbuild/android-arm@0.25.10 OK for: esbuild@0.25.10 want: 0.25.10
3755 silly placeDep ROOT @esbuild/android-arm64@0.25.10 OK for: esbuild@0.25.10 want: 0.25.10
3756 silly placeDep ROOT @esbuild/android-x64@0.25.10 OK for: esbuild@0.25.10 want: 0.25.10
3757 silly placeDep ROOT @esbuild/darwin-arm64@0.25.10 OK for: esbuild@0.25.10 want: 0.25.10
3758 silly placeDep ROOT @esbuild/darwin-x64@0.25.10 OK for: esbuild@0.25.10 want: 0.25.10
3759 silly placeDep ROOT @esbuild/freebsd-arm64@0.25.10 OK for: esbuild@0.25.10 want: 0.25.10
3760 silly placeDep ROOT @esbuild/freebsd-x64@0.25.10 OK for: esbuild@0.25.10 want: 0.25.10
3761 silly placeDep ROOT @esbuild/linux-arm@0.25.10 OK for: esbuild@0.25.10 want: 0.25.10
3762 silly placeDep ROOT @esbuild/linux-arm64@0.25.10 OK for: esbuild@0.25.10 want: 0.25.10
3763 silly placeDep ROOT @esbuild/linux-ia32@0.25.10 OK for: esbuild@0.25.10 want: 0.25.10
3764 silly placeDep ROOT @esbuild/linux-loong64@0.25.10 OK for: esbuild@0.25.10 want: 0.25.10
3765 silly placeDep ROOT @esbuild/linux-mips64el@0.25.10 OK for: esbuild@0.25.10 want: 0.25.10
3766 silly placeDep ROOT @esbuild/linux-ppc64@0.25.10 OK for: esbuild@0.25.10 want: 0.25.10
3767 silly placeDep ROOT @esbuild/linux-riscv64@0.25.10 OK for: esbuild@0.25.10 want: 0.25.10
3768 silly placeDep ROOT @esbuild/linux-s390x@0.25.10 OK for: esbuild@0.25.10 want: 0.25.10
3769 silly placeDep ROOT @esbuild/linux-x64@0.25.10 OK for: esbuild@0.25.10 want: 0.25.10
3770 silly placeDep ROOT @esbuild/netbsd-arm64@0.25.10 OK for: esbuild@0.25.10 want: 0.25.10
3771 silly placeDep ROOT @esbuild/netbsd-x64@0.25.10 OK for: esbuild@0.25.10 want: 0.25.10
3772 silly placeDep ROOT @esbuild/openbsd-arm64@0.25.10 OK for: esbuild@0.25.10 want: 0.25.10
3773 silly placeDep ROOT @esbuild/openbsd-x64@0.25.10 OK for: esbuild@0.25.10 want: 0.25.10
3774 silly placeDep ROOT @esbuild/openharmony-arm64@0.25.10 OK for: esbuild@0.25.10 want: 0.25.10
3775 silly placeDep ROOT @esbuild/sunos-x64@0.25.10 OK for: esbuild@0.25.10 want: 0.25.10
3776 silly placeDep ROOT @esbuild/win32-arm64@0.25.10 OK for: esbuild@0.25.10 want: 0.25.10
3777 silly placeDep ROOT @esbuild/win32-ia32@0.25.10 OK for: esbuild@0.25.10 want: 0.25.10
3778 silly placeDep ROOT @esbuild/win32-x64@0.25.10 OK for: esbuild@0.25.10 want: 0.25.10
3779 silly placeDep ROOT @rollup/rollup-android-arm-eabi@4.52.4 OK for: rollup@4.52.4 want: 4.52.4
3780 silly placeDep ROOT @rollup/rollup-android-arm64@4.52.4 OK for: rollup@4.52.4 want: 4.52.4
3781 silly placeDep ROOT @rollup/rollup-darwin-arm64@4.52.4 OK for: rollup@4.52.4 want: 4.52.4
3782 silly placeDep ROOT @rollup/rollup-darwin-x64@4.52.4 OK for: rollup@4.52.4 want: 4.52.4
3783 silly placeDep ROOT @rollup/rollup-freebsd-arm64@4.52.4 OK for: rollup@4.52.4 want: 4.52.4
3784 silly placeDep ROOT @rollup/rollup-freebsd-x64@4.52.4 OK for: rollup@4.52.4 want: 4.52.4
3785 silly placeDep ROOT @rollup/rollup-linux-arm-gnueabihf@4.52.4 OK for: rollup@4.52.4 want: 4.52.4
3786 silly placeDep ROOT @rollup/rollup-linux-arm-musleabihf@4.52.4 OK for: rollup@4.52.4 want: 4.52.4
3787 silly placeDep ROOT @rollup/rollup-linux-arm64-gnu@4.52.4 OK for: rollup@4.52.4 want: 4.52.4
3788 silly placeDep ROOT @rollup/rollup-linux-arm64-musl@4.52.4 OK for: rollup@4.52.4 want: 4.52.4
3789 silly placeDep ROOT @rollup/rollup-linux-loong64-gnu@4.52.4 OK for: rollup@4.52.4 want: 4.52.4
3790 silly placeDep ROOT @rollup/rollup-linux-ppc64-gnu@4.52.4 OK for: rollup@4.52.4 want: 4.52.4
3791 silly placeDep ROOT @rollup/rollup-linux-riscv64-gnu@4.52.4 OK for: rollup@4.52.4 want: 4.52.4
3792 silly placeDep ROOT @rollup/rollup-linux-riscv64-musl@4.52.4 OK for: rollup@4.52.4 want: 4.52.4
3793 silly placeDep ROOT @rollup/rollup-linux-s390x-gnu@4.52.4 OK for: rollup@4.52.4 want: 4.52.4
3794 silly placeDep ROOT @rollup/rollup-linux-x64-gnu@4.52.4 OK for: rollup@4.52.4 want: 4.52.4
3795 silly placeDep ROOT @rollup/rollup-linux-x64-musl@4.52.4 OK for: rollup@4.52.4 want: 4.52.4
3796 silly placeDep ROOT @rollup/rollup-openharmony-arm64@4.52.4 OK for: rollup@4.52.4 want: 4.52.4
3797 silly placeDep ROOT @rollup/rollup-win32-arm64-msvc@4.52.4 OK for: rollup@4.52.4 want: 4.52.4
3798 silly placeDep ROOT @rollup/rollup-win32-ia32-msvc@4.52.4 OK for: rollup@4.52.4 want: 4.52.4
3799 silly placeDep ROOT @rollup/rollup-win32-x64-gnu@4.52.4 OK for: rollup@4.52.4 want: 4.52.4
3800 silly placeDep ROOT @rollup/rollup-win32-x64-msvc@4.52.4 OK for: rollup@4.52.4 want: 4.52.4
3801 silly fetch manifest msw@^2.4.9
3802 silly packumentCache full:https://registry.npmjs.org/msw cache-miss
3803 http fetch GET 200 https://registry.npmjs.org/msw 330ms (cache miss)
3804 silly packumentCache full:https://registry.npmjs.org/msw set size:undefined disposed:false
3805 silly fetch manifest typescript@>= 4.8.x
3806 silly packumentCache full:https://registry.npmjs.org/typescript cache-miss
3807 http fetch GET 200 https://registry.npmjs.org/typescript 30ms (cache hit)
3808 silly packumentCache full:https://registry.npmjs.org/typescript set size:14773250 disposed:false
3809 silly fetch manifest vite@^5.0.0 || ^6.0.0 || ^7.0.0-0
3810 silly packumentCache full:https://registry.npmjs.org/vite cache-miss
3811 http fetch GET 200 https://registry.npmjs.org/vite 89ms (cache hit)
3812 silly packumentCache full:https://registry.npmjs.org/vite set size:38538251 disposed:false
3813 silly fetch manifest @types/node@^18.0.0 || ^20.0.0 || >=22.0.0
3814 silly packumentCache full:https://registry.npmjs.org/@types%2fnode cache-miss
3815 http fetch GET 200 https://registry.npmjs.org/@types%2fnode 28ms (cache hit)
3816 silly packumentCache full:https://registry.npmjs.org/@types%2fnode set size:10636554 disposed:false
3817 silly placeDep ROOT @types/chai@5.2.2 OK for: vitest@3.2.4 want: ^5.2.2
3818 silly placeDep ROOT @vitest/expect@3.2.4 OK for: vitest@3.2.4 want: 3.2.4
3819 silly placeDep ROOT @vitest/mocker@3.2.4 OK for: vitest@3.2.4 want: 3.2.4
3820 silly placeDep ROOT @vitest/pretty-format@3.2.4 OK for: vitest@3.2.4 want: ^3.2.4
3821 silly placeDep ROOT @vitest/runner@3.2.4 OK for: vitest@3.2.4 want: 3.2.4
3822 silly placeDep ROOT @vitest/snapshot@3.2.4 OK for: vitest@3.2.4 want: 3.2.4
3823 silly placeDep ROOT @vitest/spy@3.2.4 OK for: vitest@3.2.4 want: 3.2.4
3824 silly placeDep ROOT @vitest/utils@3.2.4 OK for: vitest@3.2.4 want: 3.2.4
3825 silly placeDep ROOT chai@5.3.3 OK for: vitest@3.2.4 want: ^5.2.0
3826 silly placeDep ROOT expect-type@1.2.2 OK for: vitest@3.2.4 want: ^1.2.1
3827 silly placeDep ROOT pathe@2.0.3 OK for: vitest@3.2.4 want: ^2.0.3
3828 silly placeDep node_modules/vitest picomatch@4.0.3 OK for: vitest@3.2.4 want: ^4.0.2
3829 silly placeDep ROOT std-env@3.9.0 OK for: vitest@3.2.4 want: ^3.9.0
3830 silly placeDep ROOT tinybench@2.9.0 OK for: vitest@3.2.4 want: ^2.9.0
3831 silly placeDep node_modules/vitest tinyexec@0.3.2 OK for: vitest@3.2.4 want: ^0.3.2
3832 silly placeDep ROOT tinypool@1.1.1 OK for: vitest@3.2.4 want: ^1.1.1
3833 silly placeDep ROOT tinyrainbow@2.0.0 OK for: vitest@3.2.4 want: ^2.0.0
3834 silly placeDep ROOT vite-node@3.2.4 OK for: vitest@3.2.4 want: 3.2.4
3835 silly placeDep ROOT why-is-node-running@2.3.0 OK for: vitest@3.2.4 want: ^2.3.0
3836 silly fetch manifest @types/deep-eql@*
3837 silly packumentCache full:https://registry.npmjs.org/@types%2fdeep-eql cache-miss
3838 silly fetch manifest estree-walker@^3.0.3
3839 silly packumentCache full:https://registry.npmjs.org/estree-walker cache-miss
3840 silly fetch manifest strip-literal@^3.0.0
3841 silly packumentCache full:https://registry.npmjs.org/strip-literal cache-miss
3842 silly fetch manifest tinyspy@^4.0.3
3843 silly packumentCache full:https://registry.npmjs.org/tinyspy cache-miss
3844 silly fetch manifest loupe@^3.1.4
3845 silly packumentCache full:https://registry.npmjs.org/loupe cache-miss
3846 silly fetch manifest loupe@^3.1.0
3847 silly packumentCache full:https://registry.npmjs.org/loupe cache-miss
3848 silly fetch manifest pathval@^2.0.0
3849 silly packumentCache full:https://registry.npmjs.org/pathval cache-miss
3850 silly fetch manifest deep-eql@^5.0.1
3851 silly packumentCache full:https://registry.npmjs.org/deep-eql cache-miss
3852 silly fetch manifest check-error@^2.1.1
3853 silly packumentCache full:https://registry.npmjs.org/check-error cache-miss
3854 silly fetch manifest assertion-error@^2.0.1
3855 silly packumentCache full:https://registry.npmjs.org/assertion-error cache-miss
3856 silly fetch manifest cac@^6.7.14
3857 silly packumentCache full:https://registry.npmjs.org/cac cache-miss
3858 http fetch GET 200 https://registry.npmjs.org/loupe 175ms (cache miss)
3859 silly packumentCache full:https://registry.npmjs.org/loupe set size:undefined disposed:false
3860 silly fetch manifest es-module-lexer@^1.7.0
3861 silly packumentCache full:https://registry.npmjs.org/es-module-lexer cache-miss
3862 http fetch GET 200 https://registry.npmjs.org/estree-walker 198ms (cache miss)
3863 silly packumentCache full:https://registry.npmjs.org/estree-walker set size:undefined disposed:false
3864 silly fetch manifest siginfo@^2.0.0
3865 silly packumentCache full:https://registry.npmjs.org/siginfo cache-miss
3866 http fetch GET 200 https://registry.npmjs.org/pathval 203ms (cache miss)
3867 silly packumentCache full:https://registry.npmjs.org/pathval set size:undefined disposed:false
3868 silly fetch manifest stackback@0.0.2
3869 silly packumentCache full:https://registry.npmjs.org/stackback cache-miss
3870 http fetch GET 200 https://registry.npmjs.org/strip-literal 206ms (cache miss)
3871 silly packumentCache full:https://registry.npmjs.org/strip-literal set size:undefined disposed:false
3872 http fetch GET 200 https://registry.npmjs.org/assertion-error 211ms (cache miss)
3873 silly packumentCache full:https://registry.npmjs.org/assertion-error set size:undefined disposed:false
3874 http fetch GET 200 https://registry.npmjs.org/deep-eql 221ms (cache miss)
3875 silly packumentCache full:https://registry.npmjs.org/deep-eql set size:undefined disposed:false
3876 http fetch GET 200 https://registry.npmjs.org/check-error 231ms (cache miss)
3877 silly packumentCache full:https://registry.npmjs.org/check-error set size:undefined disposed:false
3878 http fetch GET 200 https://registry.npmjs.org/@types%2fdeep-eql 236ms (cache miss)
3879 silly packumentCache full:https://registry.npmjs.org/@types%2fdeep-eql set size:undefined disposed:false
3880 http fetch GET 200 https://registry.npmjs.org/loupe 241ms (cache miss)
3881 silly packumentCache full:https://registry.npmjs.org/loupe set size:undefined disposed:false
3882 http fetch GET 200 https://registry.npmjs.org/cac 251ms (cache miss)
3883 silly packumentCache full:https://registry.npmjs.org/cac set size:undefined disposed:false
3884 http fetch GET 200 https://registry.npmjs.org/tinyspy 304ms (cache miss)
3885 silly packumentCache full:https://registry.npmjs.org/tinyspy set size:undefined disposed:false
3886 http fetch GET 200 https://registry.npmjs.org/es-module-lexer 156ms (cache miss)
3887 silly packumentCache full:https://registry.npmjs.org/es-module-lexer set size:undefined disposed:false
3888 http fetch GET 200 https://registry.npmjs.org/stackback 180ms (cache miss)
3889 silly packumentCache full:https://registry.npmjs.org/stackback set size:undefined disposed:false
3890 http fetch GET 200 https://registry.npmjs.org/siginfo 207ms (cache miss)
3891 silly packumentCache full:https://registry.npmjs.org/siginfo set size:undefined disposed:false
3892 silly placeDep ROOT @types/deep-eql@4.0.2 OK for: @types/chai@5.2.2 want: *
3893 silly placeDep ROOT estree-walker@3.0.3 OK for: @vitest/mocker@3.2.4 want: ^3.0.3
3894 silly placeDep ROOT strip-literal@3.1.0 OK for: @vitest/runner@3.2.4 want: ^3.0.0
3895 silly fetch manifest js-tokens@^9.0.1
3896 silly packumentCache full:https://registry.npmjs.org/js-tokens cache-miss
3897 http fetch GET 200 https://registry.npmjs.org/js-tokens 3ms (cache hit)
3898 silly packumentCache full:https://registry.npmjs.org/js-tokens set size:40514 disposed:false
3899 silly placeDep ROOT tinyspy@4.0.4 OK for: @vitest/spy@3.2.4 want: ^4.0.3
3900 silly placeDep ROOT loupe@3.2.1 OK for: @vitest/utils@3.2.4 want: ^3.1.4
3901 silly placeDep ROOT assertion-error@2.0.1 OK for: chai@5.3.3 want: ^2.0.1
3902 silly placeDep ROOT check-error@2.1.1 OK for: chai@5.3.3 want: ^2.1.1
3903 silly placeDep ROOT deep-eql@5.0.2 OK for: chai@5.3.3 want: ^5.0.1
3904 silly placeDep ROOT pathval@2.0.1 OK for: chai@5.3.3 want: ^2.0.0
3905 silly placeDep node_modules/strip-literal js-tokens@9.0.1 OK for: strip-literal@3.1.0 want: ^9.0.1
3906 silly placeDep ROOT cac@6.7.14 OK for: vite-node@3.2.4 want: ^6.7.14
3907 silly placeDep ROOT es-module-lexer@1.7.0 OK for: vite-node@3.2.4 want: ^1.7.0
3908 silly placeDep ROOT iconv-lite@0.6.3 OK for: whatwg-encoding@3.1.1 want: 0.6.3
3909 silly fetch manifest safer-buffer@>= 2.1.2 < 3.0.0
3910 silly packumentCache full:https://registry.npmjs.org/safer-buffer cache-miss
3911 http fetch GET 200 https://registry.npmjs.org/safer-buffer 151ms (cache miss)
3912 silly packumentCache full:https://registry.npmjs.org/safer-buffer set size:undefined disposed:false
3913 silly placeDep ROOT safer-buffer@2.1.2 OK for: iconv-lite@0.6.3 want: >= 2.1.2 < 3.0.0
3914 silly placeDep ROOT tr46@6.0.0 OK for: whatwg-url@15.1.0 want: ^6.0.0
3915 silly fetch manifest punycode@^2.3.1
3916 silly packumentCache full:https://registry.npmjs.org/punycode cache-miss
3917 http fetch GET 200 https://registry.npmjs.org/punycode 165ms (cache miss)
3918 silly packumentCache full:https://registry.npmjs.org/punycode set size:undefined disposed:false
3919 silly placeDep ROOT punycode@2.3.1 OK for: tr46@6.0.0 want: ^2.3.1
3920 silly placeDep ROOT isexe@2.0.0 OK for: which@2.0.2 want: ^2.0.0
3921 silly placeDep ROOT is-bigint@1.1.0 OK for: which-boxed-primitive@1.1.1 want: ^1.1.0
3922 silly placeDep ROOT is-boolean-object@1.2.2 OK for: which-boxed-primitive@1.1.1 want: ^1.2.1
3923 silly placeDep ROOT is-number-object@1.1.1 OK for: which-boxed-primitive@1.1.1 want: ^1.1.1
3924 silly placeDep ROOT is-async-function@2.1.1 OK for: which-builtin-type@1.2.1 want: ^2.0.0
3925 silly placeDep ROOT is-finalizationregistry@1.1.1 OK for: which-builtin-type@1.2.1 want: ^1.1.0
3926 silly placeDep ROOT is-generator-function@1.1.2 OK for: which-builtin-type@1.2.1 want: ^1.0.10
3927 silly placeDep ROOT which-collection@1.0.2 OK for: which-builtin-type@1.2.1 want: ^1.0.2
3928 silly fetch manifest async-function@^1.0.0
3929 silly packumentCache full:https://registry.npmjs.org/async-function cache-miss
3930 silly fetch manifest generator-function@^2.0.0
3931 silly packumentCache full:https://registry.npmjs.org/generator-function cache-miss
3932 silly fetch manifest is-map@^2.0.3
3933 silly packumentCache full:https://registry.npmjs.org/is-map cache-miss
3934 silly fetch manifest is-weakmap@^2.0.2
3935 silly packumentCache full:https://registry.npmjs.org/is-weakmap cache-miss
3936 silly fetch manifest is-weakset@^2.0.3
3937 silly packumentCache full:https://registry.npmjs.org/is-weakset cache-miss
3938 http fetch GET 200 https://registry.npmjs.org/generator-function 119ms (cache miss)
3939 silly packumentCache full:https://registry.npmjs.org/generator-function set size:undefined disposed:false
3940 http fetch GET 200 https://registry.npmjs.org/async-function 168ms (cache miss)
3941 silly packumentCache full:https://registry.npmjs.org/async-function set size:undefined disposed:false
3942 http fetch GET 200 https://registry.npmjs.org/is-weakset 188ms (cache miss)
3943 silly packumentCache full:https://registry.npmjs.org/is-weakset set size:undefined disposed:false
3944 http fetch GET 200 https://registry.npmjs.org/is-weakmap 209ms (cache miss)
3945 silly packumentCache full:https://registry.npmjs.org/is-weakmap set size:undefined disposed:false
3946 http fetch GET 200 https://registry.npmjs.org/is-map 229ms (cache miss)
3947 silly packumentCache full:https://registry.npmjs.org/is-map set size:undefined disposed:false
3948 silly placeDep ROOT async-function@1.0.0 OK for: is-async-function@2.1.1 want: ^1.0.0
3949 silly placeDep ROOT generator-function@2.0.1 OK for: is-generator-function@1.1.2 want: ^2.0.0
3950 silly placeDep ROOT is-map@2.0.3 OK for: which-collection@1.0.2 want: ^2.0.3
3951 silly placeDep ROOT is-weakmap@2.0.2 OK for: which-collection@1.0.2 want: ^2.0.2
3952 silly placeDep ROOT is-weakset@2.0.4 OK for: which-collection@1.0.2 want: ^2.0.3
3953 silly placeDep ROOT siginfo@2.0.0 OK for: why-is-node-running@2.3.0 want: ^2.0.0
3954 silly placeDep ROOT stackback@0.0.2 OK for: why-is-node-running@2.3.0 want: 0.0.2
3955 silly placeDep node_modules/wrap-ansi ansi-styles@6.2.3 OK for: wrap-ansi@9.0.2 want: ^6.2.1
3956 silly placeDep node_modules/wrap-ansi string-width@7.2.0 OK for: wrap-ansi@9.0.2 want: ^7.0.0
3957 silly fetch manifest emoji-regex@^10.3.0
3958 silly packumentCache full:https://registry.npmjs.org/emoji-regex cache-miss
3959 http fetch GET 200 https://registry.npmjs.org/emoji-regex 4ms (cache hit)
3960 silly packumentCache full:https://registry.npmjs.org/emoji-regex set size:87013 disposed:false
3961 silly placeDep ROOT cliui@8.0.1 OK for: yargs@17.7.2 want: ^8.0.1
3962 silly placeDep ROOT get-caller-file@2.0.5 OK for: yargs@17.7.2 want: ^2.0.5
3963 silly placeDep ROOT require-directory@2.1.1 OK for: yargs@17.7.2 want: ^2.1.1
3964 silly placeDep node_modules/yargs string-width@4.2.3 OK for: yargs@17.7.2 want: ^4.2.3
3965 silly placeDep ROOT y18n@5.0.8 OK for: yargs@17.7.2 want: ^5.0.5
3966 silly placeDep ROOT yargs-parser@21.1.1 OK for: yargs@17.7.2 want: ^21.1.1
3967 silly fetch manifest wrap-ansi@^7.0.0
3968 silly packumentCache full:https://registry.npmjs.org/wrap-ansi cache-miss
3969 silly fetch manifest strip-ansi@^6.0.1
3970 silly packumentCache full:https://registry.npmjs.org/strip-ansi cache-miss
3971 silly fetch manifest string-width@^4.2.0
3972 silly packumentCache full:https://registry.npmjs.org/string-width cache-hit
3973 silly fetch manifest strip-ansi@^6.0.1
3974 silly packumentCache full:https://registry.npmjs.org/strip-ansi cache-miss
3975 silly fetch manifest emoji-regex@^8.0.0
3976 silly packumentCache full:https://registry.npmjs.org/emoji-regex cache-hit
3977 silly fetch manifest is-fullwidth-code-point@^3.0.0
3978 silly packumentCache full:https://registry.npmjs.org/is-fullwidth-code-point cache-miss
3979 http fetch GET 200 https://registry.npmjs.org/strip-ansi 8ms (cache hit)
3980 silly packumentCache full:https://registry.npmjs.org/strip-ansi set size:41855 disposed:false
3981 http fetch GET 200 https://registry.npmjs.org/wrap-ansi 9ms (cache hit)
3982 silly packumentCache full:https://registry.npmjs.org/wrap-ansi set size:51195 disposed:false
3983 http fetch GET 200 https://registry.npmjs.org/strip-ansi 11ms (cache hit)
3984 silly packumentCache full:https://registry.npmjs.org/strip-ansi set size:41855 disposed:false
3985 silly packumentCache full:https://registry.npmjs.org/strip-ansi dispose
3986 http fetch GET 200 https://registry.npmjs.org/is-fullwidth-code-point 11ms (cache hit)
3987 silly packumentCache full:https://registry.npmjs.org/is-fullwidth-code-point set size:14578 disposed:false
3988 silly placeDep node_modules/cliui string-width@4.2.3 OK for: cliui@8.0.1 want: ^4.2.0
3989 silly placeDep node_modules/cliui strip-ansi@6.0.1 OK for: cliui@8.0.1 want: ^6.0.1
3990 silly placeDep node_modules/cliui wrap-ansi@7.0.0 OK for: cliui@8.0.1 want: ^7.0.0
3991 silly fetch manifest ansi-styles@^4.0.0
3992 silly packumentCache full:https://registry.npmjs.org/ansi-styles cache-hit
3993 silly placeDep ROOT fast-json-stable-stringify@2.1.0 OK for: ajv@6.12.6 want: ^2.0.0
3994 silly placeDep node_modules/@eslint/eslintrc json-schema-traverse@0.4.1 OK for: ajv@6.12.6 want: ^0.4.1
3995 silly placeDep ROOT uri-js@4.4.1 OK for: ajv@6.12.6 want: ^4.2.2
3996 silly placeDep node_modules/@typescript-eslint/typescript-estree glob-parent@5.1.2 OK for: fast-glob@3.3.3 want: ^5.1.2
3997 silly placeDep node_modules/@typescript-eslint/typescript-estree brace-expansion@2.0.2 OK for: minimatch@9.0.5 want: ^2.0.1
3998 silly placeDep node_modules/cliui emoji-regex@8.0.0 OK for: string-width@4.2.3 want: ^8.0.0
3999 silly placeDep node_modules/cliui is-fullwidth-code-point@3.0.0 OK for: string-width@4.2.3 want: ^3.0.0
4000 silly placeDep node_modules/cliui ansi-styles@4.3.0 OK for: wrap-ansi@7.0.0 want: ^4.0.0
4001 silly fetch manifest color-convert@^2.0.1
4002 silly packumentCache full:https://registry.npmjs.org/color-convert cache-miss
4003 http fetch GET 200 https://registry.npmjs.org/color-convert 129ms (cache miss)
4004 silly packumentCache full:https://registry.npmjs.org/color-convert set size:undefined disposed:false
4005 silly placeDep ROOT color-convert@2.0.1 OK for: ansi-styles@4.3.0 want: ^2.0.1
4006 silly fetch manifest color-name@~1.1.4
4007 silly packumentCache full:https://registry.npmjs.org/color-name cache-miss
4008 http fetch GET 200 https://registry.npmjs.org/color-name 102ms (cache miss)
4009 silly packumentCache full:https://registry.npmjs.org/color-name set size:undefined disposed:false
4010 silly placeDep ROOT color-name@1.1.4 OK for: color-convert@2.0.1 want: ~1.1.4
4011 silly placeDep node_modules/eslint json-schema-traverse@0.4.1 OK for: ajv@6.12.6 want: ^0.4.1
4012 silly placeDep node_modules/eslint ansi-styles@4.3.0 OK for: chalk@4.1.2 want: ^4.1.0
4013 silly placeDep ROOT supports-color@7.2.0 OK for: chalk@4.1.2 want: ^7.1.0
4014 silly fetch manifest has-flag@^4.0.0
4015 silly packumentCache full:https://registry.npmjs.org/has-flag cache-miss
4016 http fetch GET 200 https://registry.npmjs.org/has-flag 114ms (cache miss)
4017 silly packumentCache full:https://registry.npmjs.org/has-flag set size:undefined disposed:false
4018 silly placeDep ROOT has-flag@4.0.0 OK for: supports-color@7.2.0 want: ^4.0.0
4019 silly placeDep node_modules/eslint locate-path@6.0.0 OK for: find-up@5.0.0 want: ^6.0.0
4020 silly placeDep node_modules/eslint path-exists@4.0.0 OK for: find-up@5.0.0 want: ^4.0.0
4021 silly fetch manifest p-locate@^5.0.0
4022 silly packumentCache full:https://registry.npmjs.org/p-locate cache-miss
4023 http fetch GET 200 https://registry.npmjs.org/p-locate 3ms (cache hit)
4024 silly packumentCache full:https://registry.npmjs.org/p-locate set size:20789 disposed:false
4025 silly placeDep node_modules/eslint p-locate@5.0.0 OK for: locate-path@6.0.0 want: ^5.0.0
4026 silly fetch manifest p-limit@^3.0.2
4027 silly packumentCache full:https://registry.npmjs.org/p-limit cache-miss
4028 http fetch GET 200 https://registry.npmjs.org/p-limit 4ms (cache hit)
4029 silly packumentCache full:https://registry.npmjs.org/p-limit set size:56611 disposed:false
4030 silly placeDep node_modules/eslint p-limit@3.1.0 OK for: p-locate@5.0.0 want: ^3.0.2
4031 silly fetch manifest yocto-queue@^0.1.0
4032 silly packumentCache full:https://registry.npmjs.org/yocto-queue cache-miss
4033 http fetch GET 200 https://registry.npmjs.org/yocto-queue 3ms (cache hit)
4034 silly packumentCache full:https://registry.npmjs.org/yocto-queue set size:18446 disposed:false
4035 silly placeDep node_modules/eslint yocto-queue@0.1.0 OK for: p-limit@3.1.0 want: ^0.1.0
4036 silly placeDep node_modules/wrap-ansi emoji-regex@10.5.0 OK for: string-width@7.2.0 want: ^10.3.0
4037 silly placeDep node_modules/yargs emoji-regex@8.0.0 OK for: string-width@4.2.3 want: ^8.0.0
4038 silly placeDep node_modules/yargs is-fullwidth-code-point@3.0.0 OK for: string-width@4.2.3 want: ^3.0.0
4039 silly placeDep node_modules/yargs strip-ansi@6.0.1 OK for: string-width@4.2.3 want: ^6.0.1
4040 silly reify moves {}
4041 verbose reify failed optional dependency D:\CMP\frontend\node_modules\@tailwindcss\oxide-wasm32-wasi
4042 silly reify mark deleted [ 'D:\\CMP\\frontend\\node_modules\\@tailwindcss\\oxide-wasm32-wasi' ]
4043 silly audit bulk request {
4043 silly audit   '@commitlint/cli': [ '20.1.0' ],
4043 silly audit   '@commitlint/config-conventional': [ '20.0.0' ],
4043 silly audit   '@eslint/eslintrc': [ '3.3.1' ],
4043 silly audit   '@tailwindcss/postcss': [ '4.1.14' ],
4043 silly audit   '@tanstack/react-query': [ '5.90.2' ],
4043 silly audit   react: [ '19.1.0' ],
4043 silly audit   '@testing-library/jest-dom': [ '6.9.1' ],
4043 silly audit   '@testing-library/react': [ '16.3.0' ],
4043 silly audit   '@testing-library/dom': [ '10.4.1' ],
4043 silly audit   'react-dom': [ '19.1.0' ],
4043 silly audit   '@testing-library/user-event': [ '14.6.1' ],
4043 silly audit   '@types/node': [ '20.19.21' ],
4043 silly audit   '@types/react': [ '19.2.2' ],
4043 silly audit   '@types/react-dom': [ '19.2.1' ],
4043 silly audit   '@vitejs/plugin-react': [ '5.0.4' ],
4043 silly audit   vite: [ '7.1.9' ],
4043 silly audit   eslint: [ '9.37.0' ],
4043 silly audit   'eslint-config-next': [ '15.5.4' ],
4043 silly audit   'eslint-config-prettier': [ '10.1.8' ],
4043 silly audit   'eslint-plugin-prettier': [ '5.5.4' ],
4043 silly audit   prettier: [ '3.6.2' ],
4043 silly audit   husky: [ '9.1.7' ],
4043 silly audit   jsdom: [ '27.0.0' ],
4043 silly audit   'lint-staged': [ '16.2.4' ],
4043 silly audit   next: [ '15.5.4' ],
4043 silly audit   tailwindcss: [ '4.1.14' ],
4043 silly audit   typescript: [ '5.9.3' ],
4043 silly audit   vitest: [ '3.2.4' ],
4043 silly audit   zustand: [ '5.0.8' ],
4043 silly audit   '@commitlint/format': [ '20.0.0' ],
4043 silly audit   '@commitlint/lint': [ '20.0.0' ],
4043 silly audit   '@commitlint/load': [ '20.1.0' ],
4043 silly audit   '@commitlint/read': [ '20.0.0' ],
4043 silly audit   '@commitlint/types': [ '20.0.0' ],
4043 silly audit   tinyexec: [ '1.0.1', '0.3.2' ],
4043 silly audit   yargs: [ '17.7.2' ],
4043 silly audit   'conventional-changelog-conventionalcommits': [ '7.0.2' ],
4043 silly audit   chalk: [ '5.6.2', '4.1.2' ],
4043 silly audit   '@commitlint/is-ignored': [ '20.0.0' ],
4043 silly audit   '@commitlint/parse': [ '20.0.0' ],
4043 silly audit   '@commitlint/rules': [ '20.0.0' ],
4043 silly audit   semver: [ '7.7.3', '6.3.1' ],
4043 silly audit   '@commitlint/config-validator': [ '20.0.0' ],
4043 silly audit   '@commitlint/execute-rule': [ '20.0.0' ],
4043 silly audit   '@commitlint/resolve-extends': [ '20.1.0' ],
4043 silly audit   cosmiconfig: [ '9.0.0' ],
4043 silly audit   'cosmiconfig-typescript-loader': [ '6.2.0' ],
4043 silly audit   'lodash.isplainobject': [ '4.0.6' ],
4043 silly audit   'lodash.merge': [ '4.6.2' ],
4043 silly audit   'lodash.uniq': [ '4.5.0' ],
4043 silly audit   ajv: [ '8.17.1', '6.12.6' ],
4043 silly audit   'conventional-changelog-angular': [ '7.0.0' ],
4043 silly audit   'conventional-commits-parser': [ '5.0.0' ],
4043 silly audit   '@commitlint/top-level': [ '20.0.0' ],
4043 silly audit   'git-raw-commits': [ '4.0.0' ],
4043 silly audit   minimist: [ '1.2.8' ],
4043 silly audit   'global-directory': [ '4.0.1' ],
4043 silly audit   'import-meta-resolve': [ '4.2.0' ],
4043 silly audit   'lodash.mergewith': [ '4.6.2' ],
4043 silly audit   'resolve-from': [ '5.0.0', '4.0.0' ],
4043 silly audit   '@commitlint/ensure': [ '20.0.0' ],
4043 silly audit   '@commitlint/message': [ '20.0.0' ],
4043 silly audit   '@commitlint/to-lines': [ '20.0.0' ],
4043 silly audit   'lodash.camelcase': [ '4.3.0' ],
4043 silly audit   'lodash.kebabcase': [ '4.1.1' ],
4043 silly audit   'lodash.snakecase': [ '4.1.1' ],
4043 silly audit   'lodash.startcase': [ '4.4.0' ],
4043 silly audit   'lodash.upperfirst': [ '4.3.1' ],
4043 silly audit   'find-up': [ '7.0.0', '5.0.0' ],
4043 silly audit   '@types/conventional-commits-parser': [ '5.0.1' ],
4043 silly audit   debug: [ '4.4.3', '3.2.7' ],
4043 silly audit   espree: [ '10.4.0' ],
4043 silly audit   globals: [ '14.0.0' ],
4043 silly audit   ignore: [ '5.3.2', '7.0.5' ],
4043 silly audit   'import-fresh': [ '3.3.1' ],
4043 silly audit   'js-yaml': [ '4.1.0' ],
4043 silly audit   minimatch: [ '3.1.2', '9.0.5' ],
4043 silly audit   'strip-json-comments': [ '3.1.1' ],
4043 silly audit   '@alloc/quick-lru': [ '5.2.0' ],
4043 silly audit   '@tailwindcss/node': [ '4.1.14' ],
4043 silly audit   '@tailwindcss/oxide': [ '4.1.14' ],
4043 silly audit   postcss: [ '8.5.6', '8.4.31' ],
4043 silly audit   '@jridgewell/remapping': [ '2.3.5' ],
4043 silly audit   'enhanced-resolve': [ '5.18.3' ],
4043 silly audit   jiti: [ '2.6.1' ],
4043 silly audit   lightningcss: [ '1.30.1' ],
4043 silly audit   'magic-string': [ '0.30.19' ],
4043 silly audit   'source-map-js': [ '1.2.1' ],
4043 silly audit   '@jridgewell/gen-mapping': [ '0.3.13' ],
4043 silly audit   '@jridgewell/trace-mapping': [ '0.3.31' ],
4043 silly audit   '@jridgewell/sourcemap-codec': [ '1.5.5' ],
4043 silly audit   '@jridgewell/resolve-uri': [ '3.1.2' ],
4043 silly audit   '@tailwindcss/oxide-android-arm64': [ '4.1.14' ],
4043 silly audit   '@tailwindcss/oxide-darwin-arm64': [ '4.1.14' ],
4043 silly audit   '@tailwindcss/oxide-darwin-x64': [ '4.1.14' ],
4043 silly audit   '@tailwindcss/oxide-freebsd-x64': [ '4.1.14' ],
4043 silly audit   '@tailwindcss/oxide-linux-arm-gnueabihf': [ '4.1.14' ],
4043 silly audit   '@tailwindcss/oxide-linux-arm64-gnu': [ '4.1.14' ],
4043 silly audit   '@tailwindcss/oxide-linux-arm64-musl': [ '4.1.14' ],
4043 silly audit   '@tailwindcss/oxide-linux-x64-gnu': [ '4.1.14' ],
4043 silly audit   '@tailwindcss/oxide-linux-x64-musl': [ '4.1.14' ],
4043 silly audit   '@tailwindcss/oxide-win32-arm64-msvc': [ '4.1.14' ],
4043 silly audit   '@tailwindcss/oxide-win32-x64-msvc': [ '4.1.14' ],
4043 silly audit   'detect-libc': [ '2.1.2' ],
4043 silly audit   tar: [ '7.5.1' ],
4043 silly audit   '@tanstack/query-core': [ '5.90.2' ],
4043 silly audit   '@babel/code-frame': [ '7.27.1' ],
4043 silly audit   '@babel/runtime': [ '7.28.4' ],
4043 silly audit   '@types/aria-query': [ '5.0.4' ],
4043 silly audit   'aria-query': [ '5.3.0', '5.3.2' ],
4043 silly audit   'dom-accessibility-api': [ '0.5.16', '0.6.3' ],
4043 silly audit   'lz-string': [ '1.5.0' ],
4043 silly audit   picocolors: [ '1.1.1' ],
4043 silly audit   'pretty-format': [ '27.5.1' ],
4043 silly audit   '@babel/helper-validator-identifier': [ '7.27.1' ],
4043 silly audit   'js-tokens': [ '4.0.0', '9.0.1' ],
4043 silly audit   '@adobe/css-tools': [ '4.4.4' ],
4043 silly audit   'css.escape': [ '1.5.1' ],
4043 silly audit   redent: [ '3.0.0' ],
4043 silly audit   'undici-types': [ '6.21.0' ],
4043 silly audit   csstype: [ '3.1.3' ],
4043 silly audit   '@babel/core': [ '7.28.4' ],
4043 silly audit   '@babel/plugin-transform-react-jsx-self': [ '7.27.1' ],
4043 silly audit   '@babel/plugin-transform-react-jsx-source': [ '7.27.1' ],
4043 silly audit   '@rolldown/pluginutils': [ '1.0.0-beta.38' ],
4043 silly audit   '@types/babel__core': [ '7.20.5' ],
4043 silly audit   'react-refresh': [ '0.17.0' ],
4043 silly audit   '@babel/generator': [ '7.28.3' ],
4043 silly audit   '@babel/helper-compilation-targets': [ '7.27.2' ],
4043 silly audit   '@babel/helper-module-transforms': [ '7.28.3' ],
4043 silly audit   '@babel/helpers': [ '7.28.4' ],
4043 silly audit   '@babel/parser': [ '7.28.4' ],
4043 silly audit   '@babel/template': [ '7.27.2' ],
4043 silly audit   '@babel/traverse': [ '7.28.4' ],
4043 silly audit   '@babel/types': [ '7.28.4' ],
4043 silly audit   'convert-source-map': [ '2.0.0' ],
4043 silly audit   gensync: [ '1.0.0-beta.2' ],
4043 silly audit   json5: [ '2.2.3', '1.0.2' ],
4043 silly audit   jsesc: [ '3.1.0' ],
4043 silly audit   '@babel/compat-data': [ '7.28.4' ],
4043 silly audit   '@babel/helper-validator-option': [ '7.27.1' ],
4043 silly audit   browserslist: [ '4.26.3' ],
4043 silly audit   'lru-cache': [ '5.1.1', '11.2.2' ],
4043 silly audit   '@babel/helper-module-imports': [ '7.27.1' ],
4043 silly audit   '@babel/helper-plugin-utils': [ '7.27.1' ],
4043 silly audit   '@babel/helper-globals': [ '7.28.0' ],
4043 silly audit   '@babel/helper-string-parser': [ '7.27.1' ],
4043 silly audit   '@types/babel__generator': [ '7.27.0' ],
4043 silly audit   '@types/babel__template': [ '7.4.4' ],
4043 silly audit   '@types/babel__traverse': [ '7.28.0' ],
4043 silly audit   'fast-deep-equal': [ '3.1.3' ],
4043 silly audit   'fast-uri': [ '3.1.0' ],
4043 silly audit   'json-schema-traverse': [ '1.0.0', '0.4.1' ],
4043 silly audit   'require-from-string': [ '2.0.2' ],
4043 silly audit   dequal: [ '2.0.3' ],
4043 silly audit   'baseline-browser-mapping': [ '2.8.16' ],
4043 silly audit   'caniuse-lite': [ '1.0.30001750' ],
4043 silly audit   'electron-to-chromium': [ '1.5.234' ],
4043 silly audit   'node-releases': [ '2.0.23' ],
4043 silly audit   'update-browserslist-db': [ '1.1.3' ],
4043 silly audit   'compare-func': [ '2.0.0' ],
4043 silly audit   'array-ify': [ '1.0.0' ],
4043 silly audit   'dot-prop': [ '5.3.0' ],
4043 silly audit   'is-text-path': [ '2.0.0' ],
4043 silly audit   JSONStream: [ '1.3.5' ],
4043 silly audit   meow: [ '12.1.1' ],
4043 silly audit   split2: [ '4.2.0' ],
4043 silly audit   'env-paths': [ '2.2.1' ],
4043 silly audit   'parse-json': [ '5.2.0' ],
4043 silly audit   ms: [ '2.1.3' ],
4043 silly audit   'is-obj': [ '2.0.0' ],
4043 silly audit   'graceful-fs': [ '4.2.11' ],
4043 silly audit   tapable: [ '2.3.0' ],
4043 silly audit   '@eslint-community/eslint-utils': [ '4.9.0' ],
4043 silly audit   '@eslint-community/regexpp': [ '4.12.1' ],
4043 silly audit   '@eslint/config-array': [ '0.21.0' ],
4043 silly audit   '@eslint/config-helpers': [ '0.4.0' ],
4043 silly audit   '@eslint/core': [ '0.16.0' ],
4043 silly audit   '@eslint/js': [ '9.37.0' ],
4043 silly audit   '@eslint/plugin-kit': [ '0.4.0' ],
4043 silly audit   '@humanfs/node': [ '0.16.7' ],
4043 silly audit   '@humanwhocodes/module-importer': [ '1.0.1' ],
4043 silly audit   '@humanwhocodes/retry': [ '0.4.3' ],
4043 silly audit   '@types/estree': [ '1.0.8' ],
4043 silly audit   '@types/json-schema': [ '7.0.15' ],
4043 silly audit   'cross-spawn': [ '7.0.6' ],
4043 silly audit   'escape-string-regexp': [ '4.0.0' ],
4043 silly audit   'eslint-scope': [ '8.4.0' ],
4043 silly audit   'eslint-visitor-keys': [ '4.2.1', '3.4.3' ],
4043 silly audit   esquery: [ '1.6.0' ],
4043 silly audit   esutils: [ '2.0.3' ],
4043 silly audit   'file-entry-cache': [ '8.0.0' ],
4043 silly audit   'glob-parent': [ '6.0.2', '5.1.2' ],
4043 silly audit   imurmurhash: [ '0.1.4' ],
4043 silly audit   'is-glob': [ '4.0.3' ],
4043 silly audit   'json-stable-stringify-without-jsonify': [ '1.0.1' ],
4043 silly audit   'natural-compare': [ '1.4.0' ],
4043 silly audit   optionator: [ '0.9.4' ],
4043 silly audit   '@eslint/object-schema': [ '2.1.6' ],
4043 silly audit   levn: [ '0.4.1' ],
4043 silly audit   '@humanfs/core': [ '0.19.1' ],
4043 silly audit   'path-key': [ '3.1.1' ],
4043 silly audit   'shebang-command': [ '2.0.0' ],
4043 silly audit   which: [ '2.0.2' ],
4043 silly audit   '@next/eslint-plugin-next': [ '15.5.4' ],
4043 silly audit   '@rushstack/eslint-patch': [ '1.13.0' ],
4043 silly audit   '@typescript-eslint/eslint-plugin': [ '8.46.0' ],
4043 silly audit   '@typescript-eslint/parser': [ '8.46.0' ],
4043 silly audit   'eslint-import-resolver-node': [ '0.3.9' ],
4043 silly audit   'eslint-import-resolver-typescript': [ '3.10.1' ],
4043 silly audit   'eslint-plugin-import': [ '2.32.0' ],
4043 silly audit   'eslint-plugin-jsx-a11y': [ '6.10.2' ],
4043 silly audit   'eslint-plugin-react': [ '7.37.5' ],
4043 silly audit   'eslint-plugin-react-hooks': [ '5.2.0' ],
4043 silly audit   'fast-glob': [ '3.3.1', '3.3.3' ],
4043 silly audit   '@typescript-eslint/scope-manager': [ '8.46.0' ],
4043 silly audit   '@typescript-eslint/type-utils': [ '8.46.0' ],
4043 silly audit   '@typescript-eslint/utils': [ '8.46.0' ],
4043 silly audit   '@typescript-eslint/visitor-keys': [ '8.46.0' ],
4043 silly audit   graphemer: [ '1.4.0' ],
4043 silly audit   'ts-api-utils': [ '2.1.0' ],
4043 silly audit   '@typescript-eslint/types': [ '8.46.0' ],
4043 silly audit   '@typescript-eslint/typescript-estree': [ '8.46.0' ],
4043 silly audit   '@typescript-eslint/project-service': [ '8.46.0' ],
4043 silly audit   '@typescript-eslint/tsconfig-utils': [ '8.46.0' ],
4043 silly audit   'is-core-module': [ '2.16.1' ],
4043 silly audit   resolve: [ '1.22.10', '2.0.0-next.5' ],
4043 silly audit   '@nolyfill/is-core-module': [ '1.0.39' ],
4043 silly audit   'get-tsconfig': [ '4.12.0' ],
4043 silly audit   'is-bun-module': [ '2.0.0' ],
4043 silly audit   'stable-hash': [ '0.0.5' ],
4043 silly audit   tinyglobby: [ '0.2.15' ],
4043 silly audit   'unrs-resolver': [ '1.11.1' ],
4043 silly audit   '@rtsao/scc': [ '1.1.0' ],
4043 silly audit   'array-includes': [ '3.1.9' ],
4043 silly audit   'array.prototype.findlastindex': [ '1.2.6' ],
4043 silly audit   'array.prototype.flat': [ '1.3.3' ],
4043 silly audit   'array.prototype.flatmap': [ '1.3.3' ],
4043 silly audit   doctrine: [ '2.1.0' ],
4043 silly audit   'eslint-module-utils': [ '2.12.1' ],
4043 silly audit   hasown: [ '2.0.2' ],
4043 silly audit   'object.fromentries': [ '2.0.8' ],
4043 silly audit   'object.groupby': [ '1.0.3' ],
4043 silly audit   'object.values': [ '1.2.1' ],
4043 silly audit   'string.prototype.trimend': [ '1.0.9' ],
4043 silly audit   'tsconfig-paths': [ '3.15.0' ],
4043 silly audit   'call-bind': [ '1.0.8' ],
4043 silly audit   'call-bound': [ '1.0.4' ],
4043 silly audit   'define-properties': [ '1.2.1' ],
4043 silly audit   'es-abstract': [ '1.24.0' ],
4043 silly audit   'es-object-atoms': [ '1.1.1' ],
4043 silly audit   'get-intrinsic': [ '1.3.0' ],
4043 silly audit   'is-string': [ '1.1.1' ],
4043 silly audit   'math-intrinsics': [ '1.1.0' ],
4043 silly audit   'es-errors': [ '1.3.0' ],
4043 silly audit   'es-shim-unscopables': [ '1.1.0' ],
4043 silly audit   'call-bind-apply-helpers': [ '1.0.2' ],
4043 silly audit   'es-define-property': [ '1.0.1' ],
4043 silly audit   'set-function-length': [ '1.2.2' ],
4043 silly audit   'function-bind': [ '1.1.2' ],
4043 silly audit   'define-data-property': [ '1.1.4' ],
4043 silly audit   'has-property-descriptors': [ '1.0.2' ],
4043 silly audit   'object-keys': [ '1.1.1' ],
4043 silly audit   gopd: [ '1.2.0' ],
4043 silly audit   'array-buffer-byte-length': [ '1.0.2' ],
4043 silly audit   'arraybuffer.prototype.slice': [ '1.0.4' ],
4043 silly audit   'available-typed-arrays': [ '1.0.7' ],
4043 silly audit   'data-view-buffer': [ '1.0.2' ],
4043 silly audit   'data-view-byte-length': [ '1.0.2' ],
4043 silly audit   'data-view-byte-offset': [ '1.0.1' ],
4043 silly audit   'es-set-tostringtag': [ '2.1.0' ],
4043 silly audit   'es-to-primitive': [ '1.3.0' ],
4043 silly audit   'function.prototype.name': [ '1.1.8' ],
4043 silly audit   'get-proto': [ '1.0.1' ],
4043 silly audit   'get-symbol-description': [ '1.1.0' ],
4043 silly audit   globalthis: [ '1.0.4' ],
4043 silly audit   'has-proto': [ '1.2.0' ],
4043 silly audit   'has-symbols': [ '1.1.0' ],
4043 silly audit   'internal-slot': [ '1.1.0' ],
4043 silly audit   'is-array-buffer': [ '3.0.5' ],
4043 silly audit   'is-callable': [ '1.2.7' ],
4043 silly audit   'is-data-view': [ '1.0.2' ],
4043 silly audit   'is-negative-zero': [ '2.0.3' ],
4043 silly audit   'is-regex': [ '1.2.1' ],
4043 silly audit   'is-set': [ '2.0.3' ],
4043 silly audit   'is-shared-array-buffer': [ '1.0.4' ],
4043 silly audit   'is-typed-array': [ '1.1.15' ],
4043 silly audit   'is-weakref': [ '1.1.1' ],
4043 silly audit   'object-inspect': [ '1.13.4' ],
4043 silly audit   'object.assign': [ '4.1.7' ],
4043 silly audit   'own-keys': [ '1.0.1' ],
4043 silly audit   'regexp.prototype.flags': [ '1.5.4' ],
4043 silly audit   'safe-array-concat': [ '1.1.3' ],
4043 silly audit   'safe-push-apply': [ '1.0.0' ],
4043 silly audit   'safe-regex-test': [ '1.1.0' ],
4043 silly audit   'set-proto': [ '1.0.0' ],
4043 silly audit   'stop-iteration-iterator': [ '1.1.0' ],
4043 silly audit   'string.prototype.trim': [ '1.2.10' ],
4043 silly audit   'string.prototype.trimstart': [ '1.0.8' ],
4043 silly audit   'typed-array-buffer': [ '1.0.3' ],
4043 silly audit   'typed-array-byte-length': [ '1.0.3' ],
4043 silly audit   'typed-array-byte-offset': [ '1.0.4' ],
4043 silly audit   'typed-array-length': [ '1.0.7' ],
4043 silly audit   'unbox-primitive': [ '1.1.0' ],
4043 silly audit   'which-typed-array': [ '1.1.19' ],
4043 silly audit   'possible-typed-array-names': [ '1.1.0' ],
4043 silly audit   'has-tostringtag': [ '1.0.2' ],
4043 silly audit   'is-date-object': [ '1.1.0' ],
4043 silly audit   'is-symbol': [ '1.1.1' ],
4043 silly audit   'ast-types-flow': [ '0.0.8' ],
4043 silly audit   'axe-core': [ '4.11.0' ],
4043 silly audit   'axobject-query': [ '4.1.0' ],
4043 silly audit   'damerau-levenshtein': [ '1.0.8' ],
4043 silly audit   'emoji-regex': [ '9.2.2', '8.0.0', '10.5.0' ],
4043 silly audit   'jsx-ast-utils': [ '3.3.5' ],
4043 silly audit   'language-tags': [ '1.0.9' ],
4043 silly audit   'string.prototype.includes': [ '2.0.1' ],
4043 silly audit   'prettier-linter-helpers': [ '1.0.0' ],
4043 silly audit   synckit: [ '0.11.11' ],
4043 silly audit   'array.prototype.findlast': [ '1.2.5' ],
4043 silly audit   'array.prototype.tosorted': [ '1.1.4' ],
4043 silly audit   'es-iterator-helpers': [ '1.2.1' ],
4043 silly audit   estraverse: [ '5.3.0' ],
4043 silly audit   'object.entries': [ '1.1.9' ],
4043 silly audit   'prop-types': [ '15.8.1' ],
4043 silly audit   'string.prototype.matchall': [ '4.0.12' ],
4043 silly audit   'string.prototype.repeat': [ '1.0.0' ],
4043 silly audit   'iterator.prototype': [ '1.1.5' ],
4043 silly audit   esrecurse: [ '4.3.0' ],
4043 silly audit   acorn: [ '8.15.0' ],
4043 silly audit   'acorn-jsx': [ '5.3.2' ],
4043 silly audit   '@nodelib/fs.stat': [ '2.0.5' ],
4043 silly audit   '@nodelib/fs.walk': [ '1.2.8' ],
4043 silly audit   merge2: [ '1.4.1' ],
4043 silly audit   micromatch: [ '4.0.8' ],
4043 silly audit   '@nodelib/fs.scandir': [ '2.1.5' ],
4043 silly audit   fastq: [ '1.19.1' ],
4043 silly audit   'run-parallel': [ '1.2.0' ],
4043 silly audit   reusify: [ '1.1.0' ],
4043 silly audit   'flat-cache': [ '4.0.1' ],
4043 silly audit   'locate-path': [ '7.2.0', '6.0.0' ],
4043 silly audit   'path-exists': [ '5.0.0', '4.0.0' ],
4043 silly audit   'unicorn-magic': [ '0.1.0' ],
4043 silly audit   flatted: [ '3.3.3' ],
4043 silly audit   keyv: [ '4.5.4' ],
4043 silly audit   'functions-have-names': [ '1.2.3' ],
4043 silly audit   'dunder-proto': [ '1.0.1' ],
4043 silly audit   'resolve-pkg-maps': [ '1.0.0' ],
4043 silly audit   dargs: [ '8.1.0' ],
4043 silly audit   ini: [ '4.1.1' ],
4043 silly audit   'parent-module': [ '1.0.1' ],
4043 silly audit   'side-channel': [ '1.1.0' ],
4043 silly audit   'is-extglob': [ '2.1.1' ],
4043 silly audit   'text-extensions': [ '2.4.0' ],
4043 silly audit   'set-function-name': [ '2.0.2' ],
4043 silly audit   argparse: [ '2.0.1' ],
4043 silly audit   '@asamuzakjp/dom-selector': [ '6.6.2' ],
4043 silly audit   cssstyle: [ '5.3.1' ],
4043 silly audit   'data-urls': [ '6.0.0' ],
4043 silly audit   'decimal.js': [ '10.6.0' ],
4043 silly audit   'html-encoding-sniffer': [ '4.0.0' ],
4043 silly audit   'http-proxy-agent': [ '7.0.2' ],
4043 silly audit   'https-proxy-agent': [ '7.0.6' ],
4043 silly audit   'is-potential-custom-element-name': [ '1.0.1' ],
4043 silly audit   parse5: [ '7.3.0' ],
4043 silly audit   'rrweb-cssom': [ '0.8.0' ],
4043 silly audit   saxes: [ '6.0.0' ],
4043 silly audit   'symbol-tree': [ '3.2.4' ],
4043 silly audit   'tough-cookie': [ '6.0.0' ],
4043 silly audit   'w3c-xmlserializer': [ '5.0.0' ],
4043 silly audit   'webidl-conversions': [ '8.0.0' ],
4043 silly audit   'whatwg-encoding': [ '3.1.1' ],
4043 silly audit   'whatwg-mimetype': [ '4.0.0' ],
4043 silly audit   'whatwg-url': [ '15.1.0' ],
4043 silly audit   ws: [ '8.18.3' ],
4043 silly audit   'xml-name-validator': [ '5.0.0' ],
4043 silly audit   '@asamuzakjp/nwsapi': [ '2.3.9' ],
4043 silly audit   'bidi-js': [ '1.0.3' ],
4043 silly audit   'css-tree': [ '3.1.0' ],
4043 silly audit   'mdn-data': [ '2.12.2' ],
4043 silly audit   '@asamuzakjp/css-color': [ '4.0.5' ],
4043 silly audit   '@csstools/css-syntax-patches-for-csstree': [ '1.0.14' ],
4043 silly audit   '@csstools/css-calc': [ '2.1.4' ],
4043 silly audit   '@csstools/css-parser-algorithms': [ '3.0.5' ],
4043 silly audit   '@csstools/css-tokenizer': [ '3.0.4' ],
4043 silly audit   '@csstools/css-color-parser': [ '3.1.0' ],
4043 silly audit   '@csstools/color-helpers': [ '5.1.0' ],
4043 silly audit   'agent-base': [ '7.1.4' ],
4043 silly audit   jsonparse: [ '1.3.1' ],
4043 silly audit   through: [ '2.3.8' ],
4043 silly audit   'json-buffer': [ '3.0.1' ],
4043 silly audit   'language-subtag-registry': [ '0.3.23' ],
4043 silly audit   'prelude-ls': [ '1.2.1' ],
4043 silly audit   'type-check': [ '0.4.0' ],
4043 silly audit   'lightningcss-darwin-arm64': [ '1.30.1' ],
4043 silly audit   'lightningcss-darwin-x64': [ '1.30.1' ],
4043 silly audit   'lightningcss-freebsd-x64': [ '1.30.1' ],
4043 silly audit   'lightningcss-linux-arm-gnueabihf': [ '1.30.1' ],
4043 silly audit   'lightningcss-linux-arm64-gnu': [ '1.30.1' ],
4043 silly audit   'lightningcss-linux-arm64-musl': [ '1.30.1' ],
4043 silly audit   'lightningcss-linux-x64-gnu': [ '1.30.1' ],
4043 silly audit   'lightningcss-linux-x64-musl': [ '1.30.1' ],
4043 silly audit   'lightningcss-win32-arm64-msvc': [ '1.30.1' ],
4043 silly audit   'lightningcss-win32-x64-msvc': [ '1.30.1' ],
4043 silly audit   commander: [ '14.0.1' ],
4043 silly audit   listr2: [ '9.0.4' ],
4043 silly audit   'nano-spawn': [ '2.0.0' ],
4043 silly audit   pidtree: [ '0.6.0' ],
4043 silly audit   'string-argv': [ '0.3.2' ],
4043 silly audit   yaml: [ '2.8.1' ],
4043 silly audit   'cli-truncate': [ '5.1.0' ],
4043 silly audit   colorette: [ '2.0.20' ],
4043 silly audit   eventemitter3: [ '5.0.1' ],
4043 silly audit   'log-update': [ '6.1.0' ],
4043 silly audit   rfdc: [ '1.4.1' ],
4043 silly audit   'wrap-ansi': [ '9.0.2', '7.0.0' ],
4043 silly audit   'slice-ansi': [ '7.1.2' ],
4043 silly audit   'string-width': [ '8.1.0', '7.2.0', '4.2.3' ],
4043 silly audit   'p-locate': [ '6.0.0', '5.0.0' ],
4043 silly audit   'ansi-escapes': [ '7.1.1' ],
4043 silly audit   'cli-cursor': [ '5.0.0' ],
4043 silly audit   'strip-ansi': [ '7.1.2', '6.0.1' ],
4043 silly audit   environment: [ '1.1.0' ],
4043 silly audit   'restore-cursor': [ '5.1.0' ],
4043 silly audit   yallist: [ '3.1.1', '5.0.0' ],
4043 silly audit   braces: [ '3.0.3' ],
4043 silly audit   picomatch: [ '2.3.1', '4.0.3' ],
4043 silly audit   'fill-range': [ '7.1.1' ],
4043 silly audit   'to-regex-range': [ '5.0.1' ],
4043 silly audit   'brace-expansion': [ '1.1.12', '2.0.2' ],
4043 silly audit   'balanced-match': [ '1.0.2' ],
4043 silly audit   'concat-map': [ '0.0.1' ],
4043 silly audit   '@next/env': [ '15.5.4' ],
4043 silly audit   '@next/swc-darwin-arm64': [ '15.5.4' ],
4043 silly audit   '@next/swc-darwin-x64': [ '15.5.4' ],
4043 silly audit   '@next/swc-linux-arm64-gnu': [ '15.5.4' ],
4043 silly audit   '@next/swc-linux-arm64-musl': [ '15.5.4' ],
4043 silly audit   '@next/swc-linux-x64-gnu': [ '15.5.4' ],
4043 silly audit   '@next/swc-linux-x64-musl': [ '15.5.4' ],
4043 silly audit   '@next/swc-win32-arm64-msvc': [ '15.5.4' ],
4043 silly audit   '@next/swc-win32-x64-msvc': [ '15.5.4' ],
4043 silly audit   '@swc/helpers': [ '0.5.15' ],
4043 silly audit   sharp: [ '0.34.4' ],
4043 silly audit   'styled-jsx': [ '5.1.6' ],
4043 silly audit   tslib: [ '2.8.1' ],
4043 silly audit   'deep-is': [ '0.1.4' ],
4043 silly audit   'fast-levenshtein': [ '2.0.6' ],
4043 silly audit   'word-wrap': [ '1.2.5' ],
4043 silly audit   'p-limit': [ '4.0.0', '3.1.0' ],
4043 silly audit   'yocto-queue': [ '1.2.1', '0.1.0' ],
4043 silly audit   callsites: [ '3.1.0' ],
4043 silly audit   'error-ex': [ '1.3.4' ],
4043 silly audit   'json-parse-even-better-errors': [ '2.3.1' ],
4043 silly audit   'lines-and-columns': [ '1.2.4' ],
4043 silly audit   'is-arrayish': [ '0.2.1' ],
4043 silly audit   entities: [ '6.0.1' ],
4043 silly audit   nanoid: [ '3.3.11' ],
4043 silly audit   'fast-diff': [ '1.3.0' ],
4043 silly audit   'ansi-regex': [ '5.0.1', '6.2.2' ],
4043 silly audit   'ansi-styles': [ '5.2.0', '6.2.3', '4.3.0' ],
4043 silly audit   'react-is': [ '17.0.2', '16.13.1' ],
4043 silly audit   'loose-envify': [ '1.4.0' ],
4043 silly audit   'object-assign': [ '4.1.1' ],
4043 silly audit   scheduler: [ '0.26.0' ],
4043 silly audit   'indent-string': [ '4.0.0' ],
4043 silly audit   'strip-indent': [ '3.0.0' ],
4043 silly audit   'path-parse': [ '1.0.7' ],
4043 silly audit   'supports-preserve-symlinks-flag': [ '1.0.0' ],
4043 silly audit   onetime: [ '7.0.0' ],
4043 silly audit   'signal-exit': [ '4.1.0' ],
4043 silly audit   'mimic-function': [ '5.0.1' ],
4043 silly audit   'queue-microtask': [ '1.2.3' ],
4043 silly audit   isarray: [ '2.0.5' ],
4043 silly audit   xmlchars: [ '2.2.0' ],
4043 silly audit   '@img/colour': [ '1.0.0' ],
4043 silly audit   '@img/sharp-darwin-arm64': [ '0.34.4' ],
4043 silly audit   '@img/sharp-darwin-x64': [ '0.34.4' ],
4043 silly audit   '@img/sharp-libvips-darwin-arm64': [ '1.2.3' ],
4043 silly audit   '@img/sharp-libvips-darwin-x64': [ '1.2.3' ],
4043 silly audit   '@img/sharp-libvips-linux-arm': [ '1.2.3' ],
4043 silly audit   '@img/sharp-libvips-linux-arm64': [ '1.2.3' ],
4043 silly audit   '@img/sharp-libvips-linux-ppc64': [ '1.2.3' ],
4043 silly audit   '@img/sharp-libvips-linux-s390x': [ '1.2.3' ],
4043 silly audit   '@img/sharp-libvips-linux-x64': [ '1.2.3' ],
4043 silly audit   '@img/sharp-libvips-linuxmusl-arm64': [ '1.2.3' ],
4043 silly audit   '@img/sharp-libvips-linuxmusl-x64': [ '1.2.3' ],
4043 silly audit   '@img/sharp-linux-arm': [ '0.34.4' ],
4043 silly audit   '@img/sharp-linux-arm64': [ '0.34.4' ],
4043 silly audit   '@img/sharp-linux-ppc64': [ '0.34.4' ],
4043 silly audit   '@img/sharp-linux-s390x': [ '0.34.4' ],
4043 silly audit   '@img/sharp-linux-x64': [ '0.34.4' ],
4043 silly audit   '@img/sharp-linuxmusl-arm64': [ '0.34.4' ],
4043 silly audit   '@img/sharp-linuxmusl-x64': [ '0.34.4' ],
4043 silly audit   '@img/sharp-wasm32': [ '0.34.4' ],
4043 silly audit   '@img/sharp-win32-arm64': [ '0.34.4' ],
4043 silly audit   '@img/sharp-win32-ia32': [ '0.34.4' ],
4043 silly audit   '@img/sharp-win32-x64': [ '0.34.4' ],
4043 silly audit   '@emnapi/runtime': [ '1.5.0' ],
4043 silly audit   'shebang-regex': [ '3.0.0' ],
4043 silly audit   'side-channel-list': [ '1.0.0' ],
4043 silly audit   'side-channel-map': [ '1.0.1' ],
4043 silly audit   'side-channel-weakmap': [ '1.0.2' ],
4043 silly audit   'is-fullwidth-code-point': [ '5.1.0', '3.0.0' ],
4043 silly audit   'get-east-asian-width': [ '1.4.0' ],
4043 silly audit   'min-indent': [ '1.0.1' ],
4043 silly audit   'client-only': [ '0.0.1' ],
4043 silly audit   '@pkgr/core': [ '0.2.9' ],
4043 silly audit   '@isaacs/fs-minipass': [ '4.0.1' ],
4043 silly audit   chownr: [ '3.0.0' ],
4043 silly audit   minipass: [ '7.1.2' ],
4043 silly audit   minizlib: [ '3.1.0' ],
4043 silly audit   fdir: [ '6.5.0' ],
4043 silly audit   'is-number': [ '7.0.0' ],
4043 silly audit   tldts: [ '7.0.17' ],
4043 silly audit   'tldts-core': [ '7.0.17' ],
4043 silly audit   '@types/json5': [ '0.0.29' ],
4043 silly audit   'strip-bom': [ '3.0.0' ],
4043 silly audit   'for-each': [ '0.3.5' ],
4043 silly audit   'reflect.getprototypeof': [ '1.0.10' ],
4043 silly audit   'which-builtin-type': [ '1.2.1' ],
4043 silly audit   'has-bigints': [ '1.1.0' ],
4043 silly audit   'which-boxed-primitive': [ '1.1.1' ],
4043 silly audit   '@unrs/resolver-binding-android-arm-eabi': [ '1.11.1' ],
4043 silly audit   '@unrs/resolver-binding-android-arm64': [ '1.11.1' ],
4043 silly audit   '@unrs/resolver-binding-darwin-arm64': [ '1.11.1' ],
4043 silly audit   '@unrs/resolver-binding-darwin-x64': [ '1.11.1' ],
4043 silly audit   '@unrs/resolver-binding-freebsd-x64': [ '1.11.1' ],
4043 silly audit   '@unrs/resolver-binding-linux-arm-gnueabihf': [ '1.11.1' ],
4043 silly audit   '@unrs/resolver-binding-linux-arm-musleabihf': [ '1.11.1' ],
4043 silly audit   '@unrs/resolver-binding-linux-arm64-gnu': [ '1.11.1' ],
4043 silly audit   '@unrs/resolver-binding-linux-arm64-musl': [ '1.11.1' ],
4043 silly audit   '@unrs/resolver-binding-linux-ppc64-gnu': [ '1.11.1' ],
4043 silly audit   '@unrs/resolver-binding-linux-riscv64-gnu': [ '1.11.1' ],
4043 silly audit   '@unrs/resolver-binding-linux-riscv64-musl': [ '1.11.1' ],
4043 silly audit   '@unrs/resolver-binding-linux-s390x-gnu': [ '1.11.1' ],
4043 silly audit   '@unrs/resolver-binding-linux-x64-gnu': [ '1.11.1' ],
4043 silly audit   '@unrs/resolver-binding-linux-x64-musl': [ '1.11.1' ],
4043 silly audit   '@unrs/resolver-binding-wasm32-wasi': [ '1.11.1' ],
4043 silly audit   '@unrs/resolver-binding-win32-arm64-msvc': [ '1.11.1' ],
4043 silly audit   '@unrs/resolver-binding-win32-ia32-msvc': [ '1.11.1' ],
4043 silly audit   '@unrs/resolver-binding-win32-x64-msvc': [ '1.11.1' ],
4043 silly audit   'napi-postinstall': [ '0.3.4' ],
4043 silly audit   '@napi-rs/wasm-runtime': [ '0.2.12' ],
4043 silly audit   '@emnapi/core': [ '1.5.0' ],
4043 silly audit   '@tybys/wasm-util': [ '0.10.1' ],
4043 silly audit   '@emnapi/wasi-threads': [ '1.1.0' ],
4043 silly audit   escalade: [ '3.2.0' ],
4043 silly audit   esbuild: [ '0.25.10' ],
4043 silly audit   fsevents: [ '2.3.3' ],
4043 silly audit   rollup: [ '4.52.4' ],
4043 silly audit   '@esbuild/aix-ppc64': [ '0.25.10' ],
4043 silly audit   '@esbuild/android-arm': [ '0.25.10' ],
4043 silly audit   '@esbuild/android-arm64': [ '0.25.10' ],
4043 silly audit   '@esbuild/android-x64': [ '0.25.10' ],
4043 silly audit   '@esbuild/darwin-arm64': [ '0.25.10' ],
4043 silly audit   '@esbuild/darwin-x64': [ '0.25.10' ],
4043 silly audit   '@esbuild/freebsd-arm64': [ '0.25.10' ],
4043 silly audit   '@esbuild/freebsd-x64': [ '0.25.10' ],
4043 silly audit   '@esbuild/linux-arm': [ '0.25.10' ],
4043 silly audit   '@esbuild/linux-arm64': [ '0.25.10' ],
4043 silly audit   '@esbuild/linux-ia32': [ '0.25.10' ],
4043 silly audit   '@esbuild/linux-loong64': [ '0.25.10' ],
4043 silly audit   '@esbuild/linux-mips64el': [ '0.25.10' ],
4043 silly audit   '@esbuild/linux-ppc64': [ '0.25.10' ],
4043 silly audit   '@esbuild/linux-riscv64': [ '0.25.10' ],
4043 silly audit   '@esbuild/linux-s390x': [ '0.25.10' ],
4043 silly audit   '@esbuild/linux-x64': [ '0.25.10' ],
4043 silly audit   '@esbuild/netbsd-arm64': [ '0.25.10' ],
4043 silly audit   '@esbuild/netbsd-x64': [ '0.25.10' ],
4043 silly audit   '@esbuild/openbsd-arm64': [ '0.25.10' ],
4043 silly audit   '@esbuild/openbsd-x64': [ '0.25.10' ],
4043 silly audit   '@esbuild/openharmony-arm64': [ '0.25.10' ],
4043 silly audit   '@esbuild/sunos-x64': [ '0.25.10' ],
4043 silly audit   '@esbuild/win32-arm64': [ '0.25.10' ],
4043 silly audit   '@esbuild/win32-ia32': [ '0.25.10' ],
4043 silly audit   '@esbuild/win32-x64': [ '0.25.10' ],
4043 silly audit   '@rollup/rollup-android-arm-eabi': [ '4.52.4' ],
4043 silly audit   '@rollup/rollup-android-arm64': [ '4.52.4' ],
4043 silly audit   '@rollup/rollup-darwin-arm64': [ '4.52.4' ],
4043 silly audit   '@rollup/rollup-darwin-x64': [ '4.52.4' ],
4043 silly audit   '@rollup/rollup-freebsd-arm64': [ '4.52.4' ],
4043 silly audit   '@rollup/rollup-freebsd-x64': [ '4.52.4' ],
4043 silly audit   '@rollup/rollup-linux-arm-gnueabihf': [ '4.52.4' ],
4043 silly audit   '@rollup/rollup-linux-arm-musleabihf': [ '4.52.4' ],
4043 silly audit   '@rollup/rollup-linux-arm64-gnu': [ '4.52.4' ],
4043 silly audit   '@rollup/rollup-linux-arm64-musl': [ '4.52.4' ],
4043 silly audit   '@rollup/rollup-linux-loong64-gnu': [ '4.52.4' ],
4043 silly audit   '@rollup/rollup-linux-ppc64-gnu': [ '4.52.4' ],
4043 silly audit   '@rollup/rollup-linux-riscv64-gnu': [ '4.52.4' ],
4043 silly audit   '@rollup/rollup-linux-riscv64-musl': [ '4.52.4' ],
4043 silly audit   '@rollup/rollup-linux-s390x-gnu': [ '4.52.4' ],
4043 silly audit   '@rollup/rollup-linux-x64-gnu': [ '4.52.4' ],
4043 silly audit   '@rollup/rollup-linux-x64-musl': [ '4.52.4' ],
4043 silly audit   '@rollup/rollup-openharmony-arm64': [ '4.52.4' ],
4043 silly audit   '@rollup/rollup-win32-arm64-msvc': [ '4.52.4' ],
4043 silly audit   '@rollup/rollup-win32-ia32-msvc': [ '4.52.4' ],
4043 silly audit   '@rollup/rollup-win32-x64-gnu': [ '4.52.4' ],
4043 silly audit   '@rollup/rollup-win32-x64-msvc': [ '4.52.4' ],
4043 silly audit   '@types/chai': [ '5.2.2' ],
4043 silly audit   '@vitest/expect': [ '3.2.4' ],
4043 silly audit   '@vitest/mocker': [ '3.2.4' ],
4043 silly audit   '@vitest/pretty-format': [ '3.2.4' ],
4043 silly audit   '@vitest/runner': [ '3.2.4' ],
4043 silly audit   '@vitest/snapshot': [ '3.2.4' ],
4043 silly audit   '@vitest/spy': [ '3.2.4' ],
4043 silly audit   '@vitest/utils': [ '3.2.4' ],
4043 silly audit   chai: [ '5.3.3' ],
4043 silly audit   'expect-type': [ '1.2.2' ],
4043 silly audit   pathe: [ '2.0.3' ],
4043 silly audit   'std-env': [ '3.9.0' ],
4043 silly audit   tinybench: [ '2.9.0' ],
4043 silly audit   tinypool: [ '1.1.1' ],
4043 silly audit   tinyrainbow: [ '2.0.0' ],
4043 silly audit   'vite-node': [ '3.2.4' ],
4043 silly audit   'why-is-node-running': [ '2.3.0' ],
4043 silly audit   '@types/deep-eql': [ '4.0.2' ],
4043 silly audit   'estree-walker': [ '3.0.3' ],
4043 silly audit   'strip-literal': [ '3.1.0' ],
4043 silly audit   tinyspy: [ '4.0.4' ],
4043 silly audit   loupe: [ '3.2.1' ],
4043 silly audit   'assertion-error': [ '2.0.1' ],
4043 silly audit   'check-error': [ '2.1.1' ],
4043 silly audit   'deep-eql': [ '5.0.2' ],
4043 silly audit   pathval: [ '2.0.1' ],
4043 silly audit   cac: [ '6.7.14' ],
4043 silly audit   'es-module-lexer': [ '1.7.0' ],
4043 silly audit   'iconv-lite': [ '0.6.3' ],
4043 silly audit   'safer-buffer': [ '2.1.2' ],
4043 silly audit   tr46: [ '6.0.0' ],
4043 silly audit   punycode: [ '2.3.1' ],
4043 silly audit   isexe: [ '2.0.0' ],
4043 silly audit   'is-bigint': [ '1.1.0' ],
4043 silly audit   'is-boolean-object': [ '1.2.2' ],
4043 silly audit   'is-number-object': [ '1.1.1' ],
4043 silly audit   'is-async-function': [ '2.1.1' ],
4043 silly audit   'is-finalizationregistry': [ '1.1.1' ],
4043 silly audit   'is-generator-function': [ '1.1.2' ],
4043 silly audit   'which-collection': [ '1.0.2' ],
4043 silly audit   'async-function': [ '1.0.0' ],
4043 silly audit   'generator-function': [ '2.0.1' ],
4043 silly audit   'is-map': [ '2.0.3' ],
4043 silly audit   'is-weakmap': [ '2.0.2' ],
4043 silly audit   'is-weakset': [ '2.0.4' ],
4043 silly audit   siginfo: [ '2.0.0' ],
4043 silly audit   stackback: [ '0.0.2' ],
4043 silly audit   cliui: [ '8.0.1' ],
4043 silly audit   'get-caller-file': [ '2.0.5' ],
4043 silly audit   'require-directory': [ '2.1.1' ],
4043 silly audit   y18n: [ '5.0.8' ],
4043 silly audit   'yargs-parser': [ '21.1.1' ],
4043 silly audit   'fast-json-stable-stringify': [ '2.1.0' ],
4043 silly audit   'uri-js': [ '4.4.1' ],
4043 silly audit   'color-convert': [ '2.0.1' ],
4043 silly audit   'color-name': [ '1.1.4' ],
4043 silly audit   'supports-color': [ '7.2.0' ],
4043 silly audit   'has-flag': [ '4.0.0' ],
4043 silly audit   '@tailwindcss/oxide-wasm32-wasi': [ '4.1.14' ]
4043 silly audit }
4044 verbose reify failed optional dependency D:\CMP\frontend\node_modules\@rollup\rollup-win32-ia32-msvc
4045 silly reify mark deleted [ 'D:\\CMP\\frontend\\node_modules\\@rollup\\rollup-win32-ia32-msvc' ]
4046 verbose reify failed optional dependency D:\CMP\frontend\node_modules\@rollup\rollup-win32-arm64-msvc
4047 silly reify mark deleted [ 'D:\\CMP\\frontend\\node_modules\\@rollup\\rollup-win32-arm64-msvc' ]
4048 verbose reify failed optional dependency D:\CMP\frontend\node_modules\@rollup\rollup-openharmony-arm64
4049 silly reify mark deleted [
4049 silly reify   'D:\\CMP\\frontend\\node_modules\\@rollup\\rollup-openharmony-arm64'
4049 silly reify ]
4050 verbose reify failed optional dependency D:\CMP\frontend\node_modules\@rollup\rollup-linux-x64-musl
4051 silly reify mark deleted [ 'D:\\CMP\\frontend\\node_modules\\@rollup\\rollup-linux-x64-musl' ]
4052 verbose reify failed optional dependency D:\CMP\frontend\node_modules\@rollup\rollup-linux-x64-gnu
4053 silly reify mark deleted [ 'D:\\CMP\\frontend\\node_modules\\@rollup\\rollup-linux-x64-gnu' ]
4054 verbose reify failed optional dependency D:\CMP\frontend\node_modules\@rollup\rollup-linux-s390x-gnu
4055 silly reify mark deleted [ 'D:\\CMP\\frontend\\node_modules\\@rollup\\rollup-linux-s390x-gnu' ]
4056 verbose reify failed optional dependency D:\CMP\frontend\node_modules\@rollup\rollup-linux-riscv64-musl
4057 silly reify mark deleted [
4057 silly reify   'D:\\CMP\\frontend\\node_modules\\@rollup\\rollup-linux-riscv64-musl'
4057 silly reify ]
4058 verbose reify failed optional dependency D:\CMP\frontend\node_modules\@rollup\rollup-linux-riscv64-gnu
4059 silly reify mark deleted [
4059 silly reify   'D:\\CMP\\frontend\\node_modules\\@rollup\\rollup-linux-riscv64-gnu'
4059 silly reify ]
4060 verbose reify failed optional dependency D:\CMP\frontend\node_modules\@rollup\rollup-linux-ppc64-gnu
4061 silly reify mark deleted [ 'D:\\CMP\\frontend\\node_modules\\@rollup\\rollup-linux-ppc64-gnu' ]
4062 verbose reify failed optional dependency D:\CMP\frontend\node_modules\@rollup\rollup-linux-loong64-gnu
4063 silly reify mark deleted [
4063 silly reify   'D:\\CMP\\frontend\\node_modules\\@rollup\\rollup-linux-loong64-gnu'
4063 silly reify ]
4064 verbose reify failed optional dependency D:\CMP\frontend\node_modules\@rollup\rollup-linux-arm64-musl
4065 silly reify mark deleted [ 'D:\\CMP\\frontend\\node_modules\\@rollup\\rollup-linux-arm64-musl' ]
4066 verbose reify failed optional dependency D:\CMP\frontend\node_modules\@rollup\rollup-linux-arm64-gnu
4067 silly reify mark deleted [ 'D:\\CMP\\frontend\\node_modules\\@rollup\\rollup-linux-arm64-gnu' ]
4068 verbose reify failed optional dependency D:\CMP\frontend\node_modules\@rollup\rollup-linux-arm-musleabihf
4069 silly reify mark deleted [
4069 silly reify   'D:\\CMP\\frontend\\node_modules\\@rollup\\rollup-linux-arm-musleabihf'
4069 silly reify ]
4070 verbose reify failed optional dependency D:\CMP\frontend\node_modules\@rollup\rollup-linux-arm-gnueabihf
4071 silly reify mark deleted [
4071 silly reify   'D:\\CMP\\frontend\\node_modules\\@rollup\\rollup-linux-arm-gnueabihf'
4071 silly reify ]
4072 verbose reify failed optional dependency D:\CMP\frontend\node_modules\@rollup\rollup-freebsd-x64
4073 silly reify mark deleted [ 'D:\\CMP\\frontend\\node_modules\\@rollup\\rollup-freebsd-x64' ]
4074 verbose reify failed optional dependency D:\CMP\frontend\node_modules\@rollup\rollup-freebsd-arm64
4075 silly reify mark deleted [ 'D:\\CMP\\frontend\\node_modules\\@rollup\\rollup-freebsd-arm64' ]
4076 verbose reify failed optional dependency D:\CMP\frontend\node_modules\@rollup\rollup-darwin-x64
4077 silly reify mark deleted [ 'D:\\CMP\\frontend\\node_modules\\@rollup\\rollup-darwin-x64' ]
4078 verbose reify failed optional dependency D:\CMP\frontend\node_modules\@rollup\rollup-darwin-arm64
4079 silly reify mark deleted [ 'D:\\CMP\\frontend\\node_modules\\@rollup\\rollup-darwin-arm64' ]
4080 verbose reify failed optional dependency D:\CMP\frontend\node_modules\@rollup\rollup-android-arm64
4081 silly reify mark deleted [ 'D:\\CMP\\frontend\\node_modules\\@rollup\\rollup-android-arm64' ]
4082 verbose reify failed optional dependency D:\CMP\frontend\node_modules\@rollup\rollup-android-arm-eabi
4083 silly reify mark deleted [ 'D:\\CMP\\frontend\\node_modules\\@rollup\\rollup-android-arm-eabi' ]
4084 verbose reify failed optional dependency D:\CMP\frontend\node_modules\@esbuild\win32-ia32
4085 silly reify mark deleted [ 'D:\\CMP\\frontend\\node_modules\\@esbuild\\win32-ia32' ]
4086 verbose reify failed optional dependency D:\CMP\frontend\node_modules\@esbuild\win32-arm64
4087 silly reify mark deleted [ 'D:\\CMP\\frontend\\node_modules\\@esbuild\\win32-arm64' ]
4088 verbose reify failed optional dependency D:\CMP\frontend\node_modules\@esbuild\sunos-x64
4089 silly reify mark deleted [ 'D:\\CMP\\frontend\\node_modules\\@esbuild\\sunos-x64' ]
4090 verbose reify failed optional dependency D:\CMP\frontend\node_modules\@esbuild\openharmony-arm64
4091 silly reify mark deleted [ 'D:\\CMP\\frontend\\node_modules\\@esbuild\\openharmony-arm64' ]
4092 verbose reify failed optional dependency D:\CMP\frontend\node_modules\@esbuild\openbsd-x64
4093 silly reify mark deleted [ 'D:\\CMP\\frontend\\node_modules\\@esbuild\\openbsd-x64' ]
4094 verbose reify failed optional dependency D:\CMP\frontend\node_modules\@esbuild\openbsd-arm64
4095 silly reify mark deleted [ 'D:\\CMP\\frontend\\node_modules\\@esbuild\\openbsd-arm64' ]
4096 verbose reify failed optional dependency D:\CMP\frontend\node_modules\@esbuild\netbsd-x64
4097 silly reify mark deleted [ 'D:\\CMP\\frontend\\node_modules\\@esbuild\\netbsd-x64' ]
4098 verbose reify failed optional dependency D:\CMP\frontend\node_modules\@esbuild\netbsd-arm64
4099 silly reify mark deleted [ 'D:\\CMP\\frontend\\node_modules\\@esbuild\\netbsd-arm64' ]
4100 verbose reify failed optional dependency D:\CMP\frontend\node_modules\@esbuild\linux-x64
4101 silly reify mark deleted [ 'D:\\CMP\\frontend\\node_modules\\@esbuild\\linux-x64' ]
4102 verbose reify failed optional dependency D:\CMP\frontend\node_modules\@esbuild\linux-s390x
4103 silly reify mark deleted [ 'D:\\CMP\\frontend\\node_modules\\@esbuild\\linux-s390x' ]
4104 verbose reify failed optional dependency D:\CMP\frontend\node_modules\@esbuild\linux-riscv64
4105 silly reify mark deleted [ 'D:\\CMP\\frontend\\node_modules\\@esbuild\\linux-riscv64' ]
4106 verbose reify failed optional dependency D:\CMP\frontend\node_modules\@esbuild\linux-ppc64
4107 silly reify mark deleted [ 'D:\\CMP\\frontend\\node_modules\\@esbuild\\linux-ppc64' ]
4108 verbose reify failed optional dependency D:\CMP\frontend\node_modules\@esbuild\linux-mips64el
4109 silly reify mark deleted [ 'D:\\CMP\\frontend\\node_modules\\@esbuild\\linux-mips64el' ]
4110 verbose reify failed optional dependency D:\CMP\frontend\node_modules\@esbuild\linux-loong64
4111 silly reify mark deleted [ 'D:\\CMP\\frontend\\node_modules\\@esbuild\\linux-loong64' ]
4112 verbose reify failed optional dependency D:\CMP\frontend\node_modules\@esbuild\linux-ia32
4113 silly reify mark deleted [ 'D:\\CMP\\frontend\\node_modules\\@esbuild\\linux-ia32' ]
4114 verbose reify failed optional dependency D:\CMP\frontend\node_modules\@esbuild\linux-arm64
4115 silly reify mark deleted [ 'D:\\CMP\\frontend\\node_modules\\@esbuild\\linux-arm64' ]
4116 verbose reify failed optional dependency D:\CMP\frontend\node_modules\@esbuild\linux-arm
4117 silly reify mark deleted [ 'D:\\CMP\\frontend\\node_modules\\@esbuild\\linux-arm' ]
4118 verbose reify failed optional dependency D:\CMP\frontend\node_modules\@esbuild\freebsd-x64
4119 silly reify mark deleted [ 'D:\\CMP\\frontend\\node_modules\\@esbuild\\freebsd-x64' ]
4120 verbose reify failed optional dependency D:\CMP\frontend\node_modules\@esbuild\freebsd-arm64
4121 silly reify mark deleted [ 'D:\\CMP\\frontend\\node_modules\\@esbuild\\freebsd-arm64' ]
4122 verbose reify failed optional dependency D:\CMP\frontend\node_modules\@esbuild\darwin-x64
4123 silly reify mark deleted [ 'D:\\CMP\\frontend\\node_modules\\@esbuild\\darwin-x64' ]
4124 verbose reify failed optional dependency D:\CMP\frontend\node_modules\@esbuild\darwin-arm64
4125 silly reify mark deleted [ 'D:\\CMP\\frontend\\node_modules\\@esbuild\\darwin-arm64' ]
4126 verbose reify failed optional dependency D:\CMP\frontend\node_modules\@esbuild\android-x64
4127 silly reify mark deleted [ 'D:\\CMP\\frontend\\node_modules\\@esbuild\\android-x64' ]
4128 verbose reify failed optional dependency D:\CMP\frontend\node_modules\@esbuild\android-arm64
4129 silly reify mark deleted [ 'D:\\CMP\\frontend\\node_modules\\@esbuild\\android-arm64' ]
4130 verbose reify failed optional dependency D:\CMP\frontend\node_modules\@esbuild\android-arm
4131 silly reify mark deleted [ 'D:\\CMP\\frontend\\node_modules\\@esbuild\\android-arm' ]
4132 verbose reify failed optional dependency D:\CMP\frontend\node_modules\@esbuild\aix-ppc64
4133 silly reify mark deleted [ 'D:\\CMP\\frontend\\node_modules\\@esbuild\\aix-ppc64' ]
4134 verbose reify failed optional dependency D:\CMP\frontend\node_modules\fsevents
4135 silly reify mark deleted [ 'D:\\CMP\\frontend\\node_modules\\fsevents' ]
4136 verbose reify failed optional dependency D:\CMP\frontend\node_modules\@unrs\resolver-binding-win32-ia32-msvc
4137 silly reify mark deleted [
4137 silly reify   'D:\\CMP\\frontend\\node_modules\\@unrs\\resolver-binding-win32-ia32-msvc'
4137 silly reify ]
4138 verbose reify failed optional dependency D:\CMP\frontend\node_modules\@unrs\resolver-binding-win32-arm64-msvc
4139 silly reify mark deleted [
4139 silly reify   'D:\\CMP\\frontend\\node_modules\\@unrs\\resolver-binding-win32-arm64-msvc'
4139 silly reify ]
4140 verbose reify failed optional dependency D:\CMP\frontend\node_modules\@unrs\resolver-binding-wasm32-wasi
4141 silly reify mark deleted [
4141 silly reify   'D:\\CMP\\frontend\\node_modules\\@unrs\\resolver-binding-wasm32-wasi'
4141 silly reify ]
4142 verbose reify failed optional dependency D:\CMP\frontend\node_modules\@unrs\resolver-binding-linux-x64-musl
4143 silly reify mark deleted [
4143 silly reify   'D:\\CMP\\frontend\\node_modules\\@unrs\\resolver-binding-linux-x64-musl'
4143 silly reify ]
4144 verbose reify failed optional dependency D:\CMP\frontend\node_modules\@unrs\resolver-binding-linux-x64-gnu
4145 silly reify mark deleted [
4145 silly reify   'D:\\CMP\\frontend\\node_modules\\@unrs\\resolver-binding-linux-x64-gnu'
4145 silly reify ]
4146 verbose reify failed optional dependency D:\CMP\frontend\node_modules\@unrs\resolver-binding-linux-s390x-gnu
4147 silly reify mark deleted [
4147 silly reify   'D:\\CMP\\frontend\\node_modules\\@unrs\\resolver-binding-linux-s390x-gnu'
4147 silly reify ]
4148 verbose reify failed optional dependency D:\CMP\frontend\node_modules\@unrs\resolver-binding-linux-riscv64-musl
4149 silly reify mark deleted [
4149 silly reify   'D:\\CMP\\frontend\\node_modules\\@unrs\\resolver-binding-linux-riscv64-musl'
4149 silly reify ]
4150 verbose reify failed optional dependency D:\CMP\frontend\node_modules\@unrs\resolver-binding-linux-riscv64-gnu
4151 silly reify mark deleted [
4151 silly reify   'D:\\CMP\\frontend\\node_modules\\@unrs\\resolver-binding-linux-riscv64-gnu'
4151 silly reify ]
4152 verbose reify failed optional dependency D:\CMP\frontend\node_modules\@unrs\resolver-binding-linux-ppc64-gnu
4153 silly reify mark deleted [
4153 silly reify   'D:\\CMP\\frontend\\node_modules\\@unrs\\resolver-binding-linux-ppc64-gnu'
4153 silly reify ]
4154 verbose reify failed optional dependency D:\CMP\frontend\node_modules\@unrs\resolver-binding-linux-arm64-musl
4155 silly reify mark deleted [
4155 silly reify   'D:\\CMP\\frontend\\node_modules\\@unrs\\resolver-binding-linux-arm64-musl'
4155 silly reify ]
4156 verbose reify failed optional dependency D:\CMP\frontend\node_modules\@unrs\resolver-binding-linux-arm64-gnu
4157 silly reify mark deleted [
4157 silly reify   'D:\\CMP\\frontend\\node_modules\\@unrs\\resolver-binding-linux-arm64-gnu'
4157 silly reify ]
4158 verbose reify failed optional dependency D:\CMP\frontend\node_modules\@unrs\resolver-binding-linux-arm-musleabihf
4159 silly reify mark deleted [
4159 silly reify   'D:\\CMP\\frontend\\node_modules\\@unrs\\resolver-binding-linux-arm-musleabihf'
4159 silly reify ]
4160 verbose reify failed optional dependency D:\CMP\frontend\node_modules\@unrs\resolver-binding-linux-arm-gnueabihf
4161 silly reify mark deleted [
4161 silly reify   'D:\\CMP\\frontend\\node_modules\\@unrs\\resolver-binding-linux-arm-gnueabihf'
4161 silly reify ]
4162 verbose reify failed optional dependency D:\CMP\frontend\node_modules\@unrs\resolver-binding-freebsd-x64
4163 silly reify mark deleted [
4163 silly reify   'D:\\CMP\\frontend\\node_modules\\@unrs\\resolver-binding-freebsd-x64'
4163 silly reify ]
4164 verbose reify failed optional dependency D:\CMP\frontend\node_modules\@unrs\resolver-binding-darwin-x64
4165 silly reify mark deleted [
4165 silly reify   'D:\\CMP\\frontend\\node_modules\\@unrs\\resolver-binding-darwin-x64'
4165 silly reify ]
4166 verbose reify failed optional dependency D:\CMP\frontend\node_modules\@unrs\resolver-binding-darwin-arm64
4167 silly reify mark deleted [
4167 silly reify   'D:\\CMP\\frontend\\node_modules\\@unrs\\resolver-binding-darwin-arm64'
4167 silly reify ]
4168 verbose reify failed optional dependency D:\CMP\frontend\node_modules\@unrs\resolver-binding-android-arm64
4169 silly reify mark deleted [
4169 silly reify   'D:\\CMP\\frontend\\node_modules\\@unrs\\resolver-binding-android-arm64'
4169 silly reify ]
4170 verbose reify failed optional dependency D:\CMP\frontend\node_modules\@unrs\resolver-binding-android-arm-eabi
4171 silly reify mark deleted [
4171 silly reify   'D:\\CMP\\frontend\\node_modules\\@unrs\\resolver-binding-android-arm-eabi'
4171 silly reify ]
4172 verbose reify failed optional dependency D:\CMP\frontend\node_modules\@img\sharp-win32-ia32
4173 silly reify mark deleted [ 'D:\\CMP\\frontend\\node_modules\\@img\\sharp-win32-ia32' ]
4174 verbose reify failed optional dependency D:\CMP\frontend\node_modules\@img\sharp-win32-arm64
4175 silly reify mark deleted [ 'D:\\CMP\\frontend\\node_modules\\@img\\sharp-win32-arm64' ]
4176 verbose reify failed optional dependency D:\CMP\frontend\node_modules\@img\sharp-wasm32
4177 silly reify mark deleted [ 'D:\\CMP\\frontend\\node_modules\\@img\\sharp-wasm32' ]
4178 verbose reify failed optional dependency D:\CMP\frontend\node_modules\@img\sharp-linuxmusl-x64
4179 silly reify mark deleted [ 'D:\\CMP\\frontend\\node_modules\\@img\\sharp-linuxmusl-x64' ]
4180 verbose reify failed optional dependency D:\CMP\frontend\node_modules\@img\sharp-linuxmusl-arm64
4181 silly reify mark deleted [ 'D:\\CMP\\frontend\\node_modules\\@img\\sharp-linuxmusl-arm64' ]
4182 verbose reify failed optional dependency D:\CMP\frontend\node_modules\@img\sharp-linux-x64
4183 silly reify mark deleted [ 'D:\\CMP\\frontend\\node_modules\\@img\\sharp-linux-x64' ]
4184 verbose reify failed optional dependency D:\CMP\frontend\node_modules\@img\sharp-linux-s390x
4185 silly reify mark deleted [ 'D:\\CMP\\frontend\\node_modules\\@img\\sharp-linux-s390x' ]
4186 verbose reify failed optional dependency D:\CMP\frontend\node_modules\@img\sharp-linux-ppc64
4187 silly reify mark deleted [ 'D:\\CMP\\frontend\\node_modules\\@img\\sharp-linux-ppc64' ]
4188 verbose reify failed optional dependency D:\CMP\frontend\node_modules\@img\sharp-linux-arm64
4189 silly reify mark deleted [ 'D:\\CMP\\frontend\\node_modules\\@img\\sharp-linux-arm64' ]
4190 verbose reify failed optional dependency D:\CMP\frontend\node_modules\@img\sharp-linux-arm
4191 silly reify mark deleted [ 'D:\\CMP\\frontend\\node_modules\\@img\\sharp-linux-arm' ]
4192 verbose reify failed optional dependency D:\CMP\frontend\node_modules\@img\sharp-libvips-linuxmusl-x64
4193 silly reify mark deleted [
4193 silly reify   'D:\\CMP\\frontend\\node_modules\\@img\\sharp-libvips-linuxmusl-x64'
4193 silly reify ]
4194 verbose reify failed optional dependency D:\CMP\frontend\node_modules\@img\sharp-libvips-linuxmusl-arm64
4195 silly reify mark deleted [
4195 silly reify   'D:\\CMP\\frontend\\node_modules\\@img\\sharp-libvips-linuxmusl-arm64'
4195 silly reify ]
4196 verbose reify failed optional dependency D:\CMP\frontend\node_modules\@img\sharp-libvips-linux-x64
4197 silly reify mark deleted [ 'D:\\CMP\\frontend\\node_modules\\@img\\sharp-libvips-linux-x64' ]
4198 verbose reify failed optional dependency D:\CMP\frontend\node_modules\@img\sharp-libvips-linux-s390x
4199 silly reify mark deleted [ 'D:\\CMP\\frontend\\node_modules\\@img\\sharp-libvips-linux-s390x' ]
4200 verbose reify failed optional dependency D:\CMP\frontend\node_modules\@img\sharp-libvips-linux-ppc64
4201 silly reify mark deleted [ 'D:\\CMP\\frontend\\node_modules\\@img\\sharp-libvips-linux-ppc64' ]
4202 verbose reify failed optional dependency D:\CMP\frontend\node_modules\@img\sharp-libvips-linux-arm64
4203 silly reify mark deleted [ 'D:\\CMP\\frontend\\node_modules\\@img\\sharp-libvips-linux-arm64' ]
4204 verbose reify failed optional dependency D:\CMP\frontend\node_modules\@img\sharp-libvips-linux-arm
4205 silly reify mark deleted [ 'D:\\CMP\\frontend\\node_modules\\@img\\sharp-libvips-linux-arm' ]
4206 verbose reify failed optional dependency D:\CMP\frontend\node_modules\@img\sharp-libvips-darwin-x64
4207 silly reify mark deleted [ 'D:\\CMP\\frontend\\node_modules\\@img\\sharp-libvips-darwin-x64' ]
4208 verbose reify failed optional dependency D:\CMP\frontend\node_modules\@img\sharp-libvips-darwin-arm64
4209 silly reify mark deleted [ 'D:\\CMP\\frontend\\node_modules\\@img\\sharp-libvips-darwin-arm64' ]
4210 verbose reify failed optional dependency D:\CMP\frontend\node_modules\@img\sharp-darwin-x64
4211 silly reify mark deleted [ 'D:\\CMP\\frontend\\node_modules\\@img\\sharp-darwin-x64' ]
4212 verbose reify failed optional dependency D:\CMP\frontend\node_modules\@img\sharp-darwin-arm64
4213 silly reify mark deleted [ 'D:\\CMP\\frontend\\node_modules\\@img\\sharp-darwin-arm64' ]
4214 verbose reify failed optional dependency D:\CMP\frontend\node_modules\@next\swc-win32-arm64-msvc
4215 silly reify mark deleted [ 'D:\\CMP\\frontend\\node_modules\\@next\\swc-win32-arm64-msvc' ]
4216 verbose reify failed optional dependency D:\CMP\frontend\node_modules\@next\swc-linux-x64-musl
4217 silly reify mark deleted [ 'D:\\CMP\\frontend\\node_modules\\@next\\swc-linux-x64-musl' ]
4218 verbose reify failed optional dependency D:\CMP\frontend\node_modules\@next\swc-linux-x64-gnu
4219 silly reify mark deleted [ 'D:\\CMP\\frontend\\node_modules\\@next\\swc-linux-x64-gnu' ]
4220 verbose reify failed optional dependency D:\CMP\frontend\node_modules\@next\swc-linux-arm64-musl
4221 silly reify mark deleted [ 'D:\\CMP\\frontend\\node_modules\\@next\\swc-linux-arm64-musl' ]
4222 verbose reify failed optional dependency D:\CMP\frontend\node_modules\@next\swc-linux-arm64-gnu
4223 silly reify mark deleted [ 'D:\\CMP\\frontend\\node_modules\\@next\\swc-linux-arm64-gnu' ]
4224 verbose reify failed optional dependency D:\CMP\frontend\node_modules\@next\swc-darwin-x64
4225 silly reify mark deleted [ 'D:\\CMP\\frontend\\node_modules\\@next\\swc-darwin-x64' ]
4226 verbose reify failed optional dependency D:\CMP\frontend\node_modules\@next\swc-darwin-arm64
4227 silly reify mark deleted [ 'D:\\CMP\\frontend\\node_modules\\@next\\swc-darwin-arm64' ]
4228 verbose reify failed optional dependency D:\CMP\frontend\node_modules\lightningcss-win32-arm64-msvc
4229 silly reify mark deleted [ 'D:\\CMP\\frontend\\node_modules\\lightningcss-win32-arm64-msvc' ]
4230 verbose reify failed optional dependency D:\CMP\frontend\node_modules\lightningcss-linux-x64-musl
4231 silly reify mark deleted [ 'D:\\CMP\\frontend\\node_modules\\lightningcss-linux-x64-musl' ]
4232 verbose reify failed optional dependency D:\CMP\frontend\node_modules\lightningcss-linux-x64-gnu
4233 silly reify mark deleted [ 'D:\\CMP\\frontend\\node_modules\\lightningcss-linux-x64-gnu' ]
4234 verbose reify failed optional dependency D:\CMP\frontend\node_modules\lightningcss-linux-arm64-musl
4235 silly reify mark deleted [ 'D:\\CMP\\frontend\\node_modules\\lightningcss-linux-arm64-musl' ]
4236 verbose reify failed optional dependency D:\CMP\frontend\node_modules\lightningcss-linux-arm64-gnu
4237 silly reify mark deleted [ 'D:\\CMP\\frontend\\node_modules\\lightningcss-linux-arm64-gnu' ]
4238 verbose reify failed optional dependency D:\CMP\frontend\node_modules\lightningcss-linux-arm-gnueabihf
4239 silly reify mark deleted [ 'D:\\CMP\\frontend\\node_modules\\lightningcss-linux-arm-gnueabihf' ]
4240 verbose reify failed optional dependency D:\CMP\frontend\node_modules\lightningcss-freebsd-x64
4241 silly reify mark deleted [ 'D:\\CMP\\frontend\\node_modules\\lightningcss-freebsd-x64' ]
4242 verbose reify failed optional dependency D:\CMP\frontend\node_modules\lightningcss-darwin-x64
4243 silly reify mark deleted [ 'D:\\CMP\\frontend\\node_modules\\lightningcss-darwin-x64' ]
4244 verbose reify failed optional dependency D:\CMP\frontend\node_modules\lightningcss-darwin-arm64
4245 silly reify mark deleted [ 'D:\\CMP\\frontend\\node_modules\\lightningcss-darwin-arm64' ]
4246 verbose reify failed optional dependency D:\CMP\frontend\node_modules\@tailwindcss\oxide-win32-arm64-msvc
4247 silly reify mark deleted [
4247 silly reify   'D:\\CMP\\frontend\\node_modules\\@tailwindcss\\oxide-win32-arm64-msvc'
4247 silly reify ]
4248 verbose reify failed optional dependency D:\CMP\frontend\node_modules\@tailwindcss\oxide-linux-x64-musl
4249 silly reify mark deleted [
4249 silly reify   'D:\\CMP\\frontend\\node_modules\\@tailwindcss\\oxide-linux-x64-musl'
4249 silly reify ]
4250 verbose reify failed optional dependency D:\CMP\frontend\node_modules\@tailwindcss\oxide-linux-x64-gnu
4251 silly reify mark deleted [
4251 silly reify   'D:\\CMP\\frontend\\node_modules\\@tailwindcss\\oxide-linux-x64-gnu'
4251 silly reify ]
4252 verbose reify failed optional dependency D:\CMP\frontend\node_modules\@tailwindcss\oxide-linux-arm64-musl
4253 silly reify mark deleted [
4253 silly reify   'D:\\CMP\\frontend\\node_modules\\@tailwindcss\\oxide-linux-arm64-musl'
4253 silly reify ]
4254 verbose reify failed optional dependency D:\CMP\frontend\node_modules\@tailwindcss\oxide-linux-arm64-gnu
4255 silly reify mark deleted [
4255 silly reify   'D:\\CMP\\frontend\\node_modules\\@tailwindcss\\oxide-linux-arm64-gnu'
4255 silly reify ]
4256 verbose reify failed optional dependency D:\CMP\frontend\node_modules\@tailwindcss\oxide-linux-arm-gnueabihf
4257 silly reify mark deleted [
4257 silly reify   'D:\\CMP\\frontend\\node_modules\\@tailwindcss\\oxide-linux-arm-gnueabihf'
4257 silly reify ]
4258 verbose reify failed optional dependency D:\CMP\frontend\node_modules\@tailwindcss\oxide-freebsd-x64
4259 silly reify mark deleted [ 'D:\\CMP\\frontend\\node_modules\\@tailwindcss\\oxide-freebsd-x64' ]
4260 verbose reify failed optional dependency D:\CMP\frontend\node_modules\@tailwindcss\oxide-darwin-x64
4261 silly reify mark deleted [ 'D:\\CMP\\frontend\\node_modules\\@tailwindcss\\oxide-darwin-x64' ]
4262 verbose reify failed optional dependency D:\CMP\frontend\node_modules\@tailwindcss\oxide-darwin-arm64
4263 silly reify mark deleted [ 'D:\\CMP\\frontend\\node_modules\\@tailwindcss\\oxide-darwin-arm64' ]
4264 verbose reify failed optional dependency D:\CMP\frontend\node_modules\@tailwindcss\oxide-android-arm64
4265 silly reify mark deleted [
4265 silly reify   'D:\\CMP\\frontend\\node_modules\\@tailwindcss\\oxide-android-arm64'
4265 silly reify ]
4266 silly tarball no local data for has-flag@https://registry.npmjs.org/has-flag/-/has-flag-4.0.0.tgz. Extracting by manifest.
4267 silly tarball no local data for supports-color@https://registry.npmjs.org/supports-color/-/supports-color-7.2.0.tgz. Extracting by manifest.
4268 silly tarball no local data for color-convert@https://registry.npmjs.org/color-convert/-/color-convert-2.0.1.tgz. Extracting by manifest.
4269 silly tarball no local data for color-name@https://registry.npmjs.org/color-name/-/color-name-1.1.4.tgz. Extracting by manifest.
4270 silly tarball no local data for uri-js@https://registry.npmjs.org/uri-js/-/uri-js-4.4.1.tgz. Extracting by manifest.
4271 silly tarball no local data for fast-json-stable-stringify@https://registry.npmjs.org/fast-json-stable-stringify/-/fast-json-stable-stringify-2.1.0.tgz. Extracting by manifest.
4272 silly tarball no local data for yargs-parser@https://registry.npmjs.org/yargs-parser/-/yargs-parser-21.1.1.tgz. Extracting by manifest.
4273 silly tarball no local data for y18n@https://registry.npmjs.org/y18n/-/y18n-5.0.8.tgz. Extracting by manifest.
4274 silly tarball no local data for require-directory@https://registry.npmjs.org/require-directory/-/require-directory-2.1.1.tgz. Extracting by manifest.
4275 silly tarball no local data for get-caller-file@https://registry.npmjs.org/get-caller-file/-/get-caller-file-2.0.5.tgz. Extracting by manifest.
4276 silly tarball no local data for cliui@https://registry.npmjs.org/cliui/-/cliui-8.0.1.tgz. Extracting by manifest.
4277 silly tarball no local data for stackback@https://registry.npmjs.org/stackback/-/stackback-0.0.2.tgz. Extracting by manifest.
4278 silly tarball no local data for siginfo@https://registry.npmjs.org/siginfo/-/siginfo-2.0.0.tgz. Extracting by manifest.
4279 silly tarball no local data for is-weakmap@https://registry.npmjs.org/is-weakmap/-/is-weakmap-2.0.2.tgz. Extracting by manifest.
4280 silly tarball no local data for is-map@https://registry.npmjs.org/is-map/-/is-map-2.0.3.tgz. Extracting by manifest.
4281 silly tarball no local data for is-weakset@https://registry.npmjs.org/is-weakset/-/is-weakset-2.0.4.tgz. Extracting by manifest.
4282 silly tarball no local data for async-function@https://registry.npmjs.org/async-function/-/async-function-1.0.0.tgz. Extracting by manifest.
4283 silly tarball no local data for generator-function@https://registry.npmjs.org/generator-function/-/generator-function-2.0.1.tgz. Extracting by manifest.
4284 silly tarball no local data for which-collection@https://registry.npmjs.org/which-collection/-/which-collection-1.0.2.tgz. Extracting by manifest.
4285 silly tarball no local data for is-finalizationregistry@https://registry.npmjs.org/is-finalizationregistry/-/is-finalizationregistry-1.1.1.tgz. Extracting by manifest.
4286 silly tarball no local data for is-async-function@https://registry.npmjs.org/is-async-function/-/is-async-function-2.1.1.tgz. Extracting by manifest.
4287 silly tarball no local data for is-number-object@https://registry.npmjs.org/is-number-object/-/is-number-object-1.1.1.tgz. Extracting by manifest.
4288 silly tarball no local data for is-generator-function@https://registry.npmjs.org/is-generator-function/-/is-generator-function-1.1.2.tgz. Extracting by manifest.
4289 silly tarball no local data for is-boolean-object@https://registry.npmjs.org/is-boolean-object/-/is-boolean-object-1.2.2.tgz. Extracting by manifest.
4290 silly tarball no local data for is-bigint@https://registry.npmjs.org/is-bigint/-/is-bigint-1.1.0.tgz. Extracting by manifest.
4291 silly tarball no local data for isexe@https://registry.npmjs.org/isexe/-/isexe-2.0.0.tgz. Extracting by manifest.
4292 silly tarball no local data for punycode@https://registry.npmjs.org/punycode/-/punycode-2.3.1.tgz. Extracting by manifest.
4293 silly tarball no local data for iconv-lite@https://registry.npmjs.org/iconv-lite/-/iconv-lite-0.6.3.tgz. Extracting by manifest.
4294 silly tarball no local data for es-module-lexer@https://registry.npmjs.org/es-module-lexer/-/es-module-lexer-1.7.0.tgz. Extracting by manifest.
4295 silly tarball no local data for tr46@https://registry.npmjs.org/tr46/-/tr46-6.0.0.tgz. Extracting by manifest.
4296 silly tarball no local data for cac@https://registry.npmjs.org/cac/-/cac-6.7.14.tgz. Extracting by manifest.
4297 silly tarball no local data for pathval@https://registry.npmjs.org/pathval/-/pathval-2.0.1.tgz. Extracting by manifest.
4298 silly tarball no local data for deep-eql@https://registry.npmjs.org/deep-eql/-/deep-eql-5.0.2.tgz. Extracting by manifest.
4299 silly tarball no local data for check-error@https://registry.npmjs.org/check-error/-/check-error-2.1.1.tgz. Extracting by manifest.
4300 silly tarball no local data for loupe@https://registry.npmjs.org/loupe/-/loupe-3.2.1.tgz. Extracting by manifest.
4301 silly tarball no local data for safer-buffer@https://registry.npmjs.org/safer-buffer/-/safer-buffer-2.1.2.tgz. Extracting by manifest.
4302 silly tarball no local data for tinyspy@https://registry.npmjs.org/tinyspy/-/tinyspy-4.0.4.tgz. Extracting by manifest.
4303 silly tarball no local data for @types/deep-eql@https://registry.npmjs.org/@types/deep-eql/-/deep-eql-4.0.2.tgz. Extracting by manifest.
4304 silly tarball no local data for assertion-error@https://registry.npmjs.org/assertion-error/-/assertion-error-2.0.1.tgz. Extracting by manifest.
4305 silly tarball no local data for strip-literal@https://registry.npmjs.org/strip-literal/-/strip-literal-3.1.0.tgz. Extracting by manifest.
4306 silly tarball no local data for why-is-node-running@https://registry.npmjs.org/why-is-node-running/-/why-is-node-running-2.3.0.tgz. Extracting by manifest.
4307 silly tarball no local data for vite-node@https://registry.npmjs.org/vite-node/-/vite-node-3.2.4.tgz. Extracting by manifest.
4308 silly tarball no local data for tinypool@https://registry.npmjs.org/tinypool/-/tinypool-1.1.1.tgz. Extracting by manifest.
4309 silly tarball no local data for tinyrainbow@https://registry.npmjs.org/tinyrainbow/-/tinyrainbow-2.0.0.tgz. Extracting by manifest.
4310 silly tarball no local data for std-env@https://registry.npmjs.org/std-env/-/std-env-3.9.0.tgz. Extracting by manifest.
4311 silly tarball no local data for tinybench@https://registry.npmjs.org/tinybench/-/tinybench-2.9.0.tgz. Extracting by manifest.
4312 silly tarball no local data for estree-walker@https://registry.npmjs.org/estree-walker/-/estree-walker-3.0.3.tgz. Extracting by manifest.
4313 silly tarball no local data for pathe@https://registry.npmjs.org/pathe/-/pathe-2.0.3.tgz. Extracting by manifest.
4314 silly tarball no local data for expect-type@https://registry.npmjs.org/expect-type/-/expect-type-1.2.2.tgz. Extracting by manifest.
4315 silly tarball no local data for chai@https://registry.npmjs.org/chai/-/chai-5.3.3.tgz. Extracting by manifest.
4316 silly tarball no local data for @vitest/utils@https://registry.npmjs.org/@vitest/utils/-/utils-3.2.4.tgz. Extracting by manifest.
4317 silly tarball no local data for @vitest/snapshot@https://registry.npmjs.org/@vitest/snapshot/-/snapshot-3.2.4.tgz. Extracting by manifest.
4318 silly tarball no local data for @types/chai@https://registry.npmjs.org/@types/chai/-/chai-5.2.2.tgz. Extracting by manifest.
4319 silly tarball no local data for @vitest/spy@https://registry.npmjs.org/@vitest/spy/-/spy-3.2.4.tgz. Extracting by manifest.
4320 silly tarball no local data for @vitest/runner@https://registry.npmjs.org/@vitest/runner/-/runner-3.2.4.tgz. Extracting by manifest.
4321 silly tarball no local data for @vitest/pretty-format@https://registry.npmjs.org/@vitest/pretty-format/-/pretty-format-3.2.4.tgz. Extracting by manifest.
4322 silly tarball no local data for @vitest/mocker@https://registry.npmjs.org/@vitest/mocker/-/mocker-3.2.4.tgz. Extracting by manifest.
4323 silly tarball no local data for @rollup/rollup-win32-x64-gnu@https://registry.npmjs.org/@rollup/rollup-win32-x64-gnu/-/rollup-win32-x64-gnu-4.52.4.tgz. Extracting by manifest.
4324 silly tarball no local data for @rollup/rollup-win32-x64-msvc@https://registry.npmjs.org/@rollup/rollup-win32-x64-msvc/-/rollup-win32-x64-msvc-4.52.4.tgz. Extracting by manifest.
4325 silly tarball no local data for @vitest/expect@https://registry.npmjs.org/@vitest/expect/-/expect-3.2.4.tgz. Extracting by manifest.
4326 silly tarball no local data for @esbuild/win32-x64@https://registry.npmjs.org/@esbuild/win32-x64/-/win32-x64-0.25.10.tgz. Extracting by manifest.
4327 silly tarball no local data for @emnapi/wasi-threads@https://registry.npmjs.org/@emnapi/wasi-threads/-/wasi-threads-1.1.0.tgz. Extracting by manifest.
4328 silly tarball no local data for escalade@https://registry.npmjs.org/escalade/-/escalade-3.2.0.tgz. Extracting by manifest.
4329 silly tarball no local data for esbuild@https://registry.npmjs.org/esbuild/-/esbuild-0.25.10.tgz. Extracting by manifest.
4330 silly tarball no local data for @emnapi/core@https://registry.npmjs.org/@emnapi/core/-/core-1.5.0.tgz. Extracting by manifest.
4331 silly tarball no local data for @tybys/wasm-util@https://registry.npmjs.org/@tybys/wasm-util/-/wasm-util-0.10.1.tgz. Extracting by manifest.
4332 silly tarball no local data for @napi-rs/wasm-runtime@https://registry.npmjs.org/@napi-rs/wasm-runtime/-/wasm-runtime-0.2.12.tgz. Extracting by manifest.
4333 silly tarball no local data for @unrs/resolver-binding-win32-x64-msvc@https://registry.npmjs.org/@unrs/resolver-binding-win32-x64-msvc/-/resolver-binding-win32-x64-msvc-1.11.1.tgz. Extracting by manifest.
4334 silly tarball no local data for napi-postinstall@https://registry.npmjs.org/napi-postinstall/-/napi-postinstall-0.3.4.tgz. Extracting by manifest.
4335 silly tarball no local data for has-bigints@https://registry.npmjs.org/has-bigints/-/has-bigints-1.1.0.tgz. Extracting by manifest.
4336 silly tarball no local data for which-builtin-type@https://registry.npmjs.org/which-builtin-type/-/which-builtin-type-1.2.1.tgz. Extracting by manifest.
4337 silly tarball no local data for which-boxed-primitive@https://registry.npmjs.org/which-boxed-primitive/-/which-boxed-primitive-1.1.1.tgz. Extracting by manifest.
4338 silly tarball no local data for rollup@https://registry.npmjs.org/rollup/-/rollup-4.52.4.tgz. Extracting by manifest.
4339 silly tarball no local data for @types/json5@https://registry.npmjs.org/@types/json5/-/json5-0.0.29.tgz. Extracting by manifest.
4340 silly tarball no local data for reflect.getprototypeof@https://registry.npmjs.org/reflect.getprototypeof/-/reflect.getprototypeof-1.0.10.tgz. Extracting by manifest.
4341 silly tarball no local data for for-each@https://registry.npmjs.org/for-each/-/for-each-0.3.5.tgz. Extracting by manifest.
4342 silly tarball no local data for strip-bom@https://registry.npmjs.org/strip-bom/-/strip-bom-3.0.0.tgz. Extracting by manifest.
4343 silly tarball no local data for tldts-core@https://registry.npmjs.org/tldts-core/-/tldts-core-7.0.17.tgz. Extracting by manifest.
4344 silly tarball no local data for tldts@https://registry.npmjs.org/tldts/-/tldts-7.0.17.tgz. Extracting by manifest.
4345 silly tarball no local data for minizlib@https://registry.npmjs.org/minizlib/-/minizlib-3.1.0.tgz. Extracting by manifest.
4346 silly tarball no local data for is-number@https://registry.npmjs.org/is-number/-/is-number-7.0.0.tgz. Extracting by manifest.
4347 silly tarball no local data for @isaacs/fs-minipass@https://registry.npmjs.org/@isaacs/fs-minipass/-/fs-minipass-4.0.1.tgz. Extracting by manifest.
4348 silly tarball no local data for minipass@https://registry.npmjs.org/minipass/-/minipass-7.1.2.tgz. Extracting by manifest.
4349 silly tarball no local data for client-only@https://registry.npmjs.org/client-only/-/client-only-0.0.1.tgz. Extracting by manifest.
4350 silly tarball no local data for min-indent@https://registry.npmjs.org/min-indent/-/min-indent-1.0.1.tgz. Extracting by manifest.
4351 silly tarball no local data for chownr@https://registry.npmjs.org/chownr/-/chownr-3.0.0.tgz. Extracting by manifest.
4352 silly tarball no local data for @pkgr/core@https://registry.npmjs.org/@pkgr/core/-/core-0.2.9.tgz. Extracting by manifest.
4353 silly tarball no local data for get-east-asian-width@https://registry.npmjs.org/get-east-asian-width/-/get-east-asian-width-1.4.0.tgz. Extracting by manifest.
4354 silly tarball no local data for is-fullwidth-code-point@https://registry.npmjs.org/is-fullwidth-code-point/-/is-fullwidth-code-point-5.1.0.tgz. Extracting by manifest.
4355 silly tarball no local data for @emnapi/runtime@https://registry.npmjs.org/@emnapi/runtime/-/runtime-1.5.0.tgz. Extracting by manifest.
4356 silly tarball no local data for shebang-regex@https://registry.npmjs.org/shebang-regex/-/shebang-regex-3.0.0.tgz. Extracting by manifest.
4357 silly tarball no local data for side-channel-weakmap@https://registry.npmjs.org/side-channel-weakmap/-/side-channel-weakmap-1.0.2.tgz. Extracting by manifest.
4358 silly tarball no local data for side-channel-list@https://registry.npmjs.org/side-channel-list/-/side-channel-list-1.0.0.tgz. Extracting by manifest.
4359 silly tarball no local data for xmlchars@https://registry.npmjs.org/xmlchars/-/xmlchars-2.2.0.tgz. Extracting by manifest.
4360 silly tarball no local data for side-channel-map@https://registry.npmjs.org/side-channel-map/-/side-channel-map-1.0.1.tgz. Extracting by manifest.
4361 silly tarball no local data for @img/sharp-win32-x64@https://registry.npmjs.org/@img/sharp-win32-x64/-/sharp-win32-x64-0.34.4.tgz. Extracting by manifest.
4362 silly tarball no local data for @img/colour@https://registry.npmjs.org/@img/colour/-/colour-1.0.0.tgz. Extracting by manifest.
4363 silly tarball no local data for isarray@https://registry.npmjs.org/isarray/-/isarray-2.0.5.tgz. Extracting by manifest.
4364 silly tarball no local data for mimic-function@https://registry.npmjs.org/mimic-function/-/mimic-function-5.0.1.tgz. Extracting by manifest.
4365 silly tarball no local data for queue-microtask@https://registry.npmjs.org/queue-microtask/-/queue-microtask-1.2.3.tgz. Extracting by manifest.
4366 silly tarball no local data for onetime@https://registry.npmjs.org/onetime/-/onetime-7.0.0.tgz. Extracting by manifest.
4367 silly tarball no local data for signal-exit@https://registry.npmjs.org/signal-exit/-/signal-exit-4.1.0.tgz. Extracting by manifest.
4368 silly tarball no local data for path-parse@https://registry.npmjs.org/path-parse/-/path-parse-1.0.7.tgz. Extracting by manifest.
4369 silly tarball no local data for supports-preserve-symlinks-flag@https://registry.npmjs.org/supports-preserve-symlinks-flag/-/supports-preserve-symlinks-flag-1.0.0.tgz. Extracting by manifest.
4370 silly tarball no local data for indent-string@https://registry.npmjs.org/indent-string/-/indent-string-4.0.0.tgz. Extracting by manifest.
4371 silly tarball no local data for strip-indent@https://registry.npmjs.org/strip-indent/-/strip-indent-3.0.0.tgz. Extracting by manifest.
4372 silly tarball no local data for object-assign@https://registry.npmjs.org/object-assign/-/object-assign-4.1.1.tgz. Extracting by manifest.
4373 silly tarball no local data for loose-envify@https://registry.npmjs.org/loose-envify/-/loose-envify-1.4.0.tgz. Extracting by manifest.
4374 silly tarball no local data for scheduler@https://registry.npmjs.org/scheduler/-/scheduler-0.26.0.tgz. Extracting by manifest.
4375 silly tarball no local data for ansi-styles@https://registry.npmjs.org/ansi-styles/-/ansi-styles-5.2.0.tgz. Extracting by manifest.
4376 silly tarball no local data for react-is@https://registry.npmjs.org/react-is/-/react-is-17.0.2.tgz. Extracting by manifest.
4377 silly tarball no local data for ansi-regex@https://registry.npmjs.org/ansi-regex/-/ansi-regex-5.0.1.tgz. Extracting by manifest.
4378 silly tarball no local data for fast-diff@https://registry.npmjs.org/fast-diff/-/fast-diff-1.3.0.tgz. Extracting by manifest.
4379 silly tarball no local data for nanoid@https://registry.npmjs.org/nanoid/-/nanoid-3.3.11.tgz. Extracting by manifest.
4380 silly tarball no local data for is-arrayish@https://registry.npmjs.org/is-arrayish/-/is-arrayish-0.2.1.tgz. Extracting by manifest.
4381 silly tarball no local data for entities@https://registry.npmjs.org/entities/-/entities-6.0.1.tgz. Extracting by manifest.
4382 silly tarball no local data for json-parse-even-better-errors@https://registry.npmjs.org/json-parse-even-better-errors/-/json-parse-even-better-errors-2.3.1.tgz. Extracting by manifest.
4383 silly tarball no local data for error-ex@https://registry.npmjs.org/error-ex/-/error-ex-1.3.4.tgz. Extracting by manifest.
4384 silly tarball no local data for lines-and-columns@https://registry.npmjs.org/lines-and-columns/-/lines-and-columns-1.2.4.tgz. Extracting by manifest.
4385 silly tarball no local data for callsites@https://registry.npmjs.org/callsites/-/callsites-3.1.0.tgz. Extracting by manifest.
4386 silly tarball no local data for yocto-queue@https://registry.npmjs.org/yocto-queue/-/yocto-queue-1.2.1.tgz. Extracting by manifest.
4387 silly tarball no local data for p-limit@https://registry.npmjs.org/p-limit/-/p-limit-4.0.0.tgz. Extracting by manifest.
4388 silly tarball no local data for fast-levenshtein@https://registry.npmjs.org/fast-levenshtein/-/fast-levenshtein-2.0.6.tgz. Extracting by manifest.
4389 silly tarball no local data for word-wrap@https://registry.npmjs.org/word-wrap/-/word-wrap-1.2.5.tgz. Extracting by manifest.
4390 silly tarball no local data for @swc/helpers@https://registry.npmjs.org/@swc/helpers/-/helpers-0.5.15.tgz. Extracting by manifest.
4391 silly tarball no local data for styled-jsx@https://registry.npmjs.org/styled-jsx/-/styled-jsx-5.1.6.tgz. Extracting by manifest.
4392 silly tarball no local data for tslib@https://registry.npmjs.org/tslib/-/tslib-2.8.1.tgz. Extracting by manifest.
4393 silly tarball no local data for sharp@https://registry.npmjs.org/sharp/-/sharp-0.34.4.tgz. Extracting by manifest.
4394 silly tarball no local data for balanced-match@https://registry.npmjs.org/balanced-match/-/balanced-match-1.0.2.tgz. Extracting by manifest.
4395 silly tarball no local data for deep-is@https://registry.npmjs.org/deep-is/-/deep-is-0.1.4.tgz. Extracting by manifest.
4396 silly tarball no local data for @next/swc-win32-x64-msvc@https://registry.npmjs.org/@next/swc-win32-x64-msvc/-/swc-win32-x64-msvc-15.5.4.tgz. Extracting by manifest.
4397 silly tarball no local data for @next/env@https://registry.npmjs.org/@next/env/-/env-15.5.4.tgz. Extracting by manifest.
4398 silly tarball no local data for concat-map@https://registry.npmjs.org/concat-map/-/concat-map-0.0.1.tgz. Extracting by manifest.
4399 silly tarball no local data for brace-expansion@https://registry.npmjs.org/brace-expansion/-/brace-expansion-1.1.12.tgz. Extracting by manifest.
4400 silly tarball no local data for fill-range@https://registry.npmjs.org/fill-range/-/fill-range-7.1.1.tgz. Extracting by manifest.
4401 silly tarball no local data for braces@https://registry.npmjs.org/braces/-/braces-3.0.3.tgz. Extracting by manifest.
4402 silly tarball no local data for to-regex-range@https://registry.npmjs.org/to-regex-range/-/to-regex-range-5.0.1.tgz. Extracting by manifest.
4403 silly tarball no local data for picomatch@https://registry.npmjs.org/picomatch/-/picomatch-2.3.1.tgz. Extracting by manifest.
4404 silly tarball no local data for restore-cursor@https://registry.npmjs.org/restore-cursor/-/restore-cursor-5.1.0.tgz. Extracting by manifest.
4405 silly tarball no local data for yallist@https://registry.npmjs.org/yallist/-/yallist-3.1.1.tgz. Extracting by manifest.
4406 silly tarball no local data for environment@https://registry.npmjs.org/environment/-/environment-1.1.0.tgz. Extracting by manifest.
4407 silly tarball no local data for strip-ansi@https://registry.npmjs.org/strip-ansi/-/strip-ansi-7.1.2.tgz. Extracting by manifest.
4408 silly tarball no local data for cli-cursor@https://registry.npmjs.org/cli-cursor/-/cli-cursor-5.0.0.tgz. Extracting by manifest.
4409 silly tarball no local data for ansi-escapes@https://registry.npmjs.org/ansi-escapes/-/ansi-escapes-7.1.1.tgz. Extracting by manifest.
4410 silly tarball no local data for string-width@https://registry.npmjs.org/string-width/-/string-width-8.1.0.tgz. Extracting by manifest.
4411 silly tarball no local data for slice-ansi@https://registry.npmjs.org/slice-ansi/-/slice-ansi-7.1.2.tgz. Extracting by manifest.
4412 silly tarball no local data for p-locate@https://registry.npmjs.org/p-locate/-/p-locate-6.0.0.tgz. Extracting by manifest.
4413 silly tarball no local data for rfdc@https://registry.npmjs.org/rfdc/-/rfdc-1.4.1.tgz. Extracting by manifest.
4414 silly tarball no local data for log-update@https://registry.npmjs.org/log-update/-/log-update-6.1.0.tgz. Extracting by manifest.
4415 silly tarball no local data for wrap-ansi@https://registry.npmjs.org/wrap-ansi/-/wrap-ansi-9.0.2.tgz. Extracting by manifest.
4416 silly tarball no local data for eventemitter3@https://registry.npmjs.org/eventemitter3/-/eventemitter3-5.0.1.tgz. Extracting by manifest.
4417 silly tarball no local data for colorette@https://registry.npmjs.org/colorette/-/colorette-2.0.20.tgz. Extracting by manifest.
4418 silly tarball no local data for cli-truncate@https://registry.npmjs.org/cli-truncate/-/cli-truncate-5.1.0.tgz. Extracting by manifest.
4419 silly tarball no local data for yaml@https://registry.npmjs.org/yaml/-/yaml-2.8.1.tgz. Extracting by manifest.
4420 silly tarball no local data for string-argv@https://registry.npmjs.org/string-argv/-/string-argv-0.3.2.tgz. Extracting by manifest.
4421 silly tarball no local data for pidtree@https://registry.npmjs.org/pidtree/-/pidtree-0.6.0.tgz. Extracting by manifest.
4422 silly tarball no local data for nano-spawn@https://registry.npmjs.org/nano-spawn/-/nano-spawn-2.0.0.tgz. Extracting by manifest.
4423 silly tarball no local data for listr2@https://registry.npmjs.org/listr2/-/listr2-9.0.4.tgz. Extracting by manifest.
4424 silly tarball no local data for type-check@https://registry.npmjs.org/type-check/-/type-check-0.4.0.tgz. Extracting by manifest.
4425 silly tarball no local data for lightningcss-win32-x64-msvc@https://registry.npmjs.org/lightningcss-win32-x64-msvc/-/lightningcss-win32-x64-msvc-1.30.1.tgz. Extracting by manifest.
4426 silly tarball no local data for commander@https://registry.npmjs.org/commander/-/commander-14.0.1.tgz. Extracting by manifest.
4427 silly tarball no local data for language-subtag-registry@https://registry.npmjs.org/language-subtag-registry/-/language-subtag-registry-0.3.23.tgz. Extracting by manifest.
4428 silly tarball no local data for json-buffer@https://registry.npmjs.org/json-buffer/-/json-buffer-3.0.1.tgz. Extracting by manifest.
4429 silly tarball no local data for prelude-ls@https://registry.npmjs.org/prelude-ls/-/prelude-ls-1.2.1.tgz. Extracting by manifest.
4430 silly tarball no local data for through@https://registry.npmjs.org/through/-/through-2.3.8.tgz. Extracting by manifest.
4431 silly tarball no local data for jsonparse@https://registry.npmjs.org/jsonparse/-/jsonparse-1.3.1.tgz. Extracting by manifest.
4432 silly tarball no local data for agent-base@https://registry.npmjs.org/agent-base/-/agent-base-7.1.4.tgz. Extracting by manifest.
4433 silly tarball no local data for @csstools/css-color-parser@https://registry.npmjs.org/@csstools/css-color-parser/-/css-color-parser-3.1.0.tgz. Extracting by manifest.
4434 silly tarball no local data for @csstools/color-helpers@https://registry.npmjs.org/@csstools/color-helpers/-/color-helpers-5.1.0.tgz. Extracting by manifest.
4435 silly tarball no local data for @csstools/css-parser-algorithms@https://registry.npmjs.org/@csstools/css-parser-algorithms/-/css-parser-algorithms-3.0.5.tgz. Extracting by manifest.
4436 silly tarball no local data for @asamuzakjp/css-color@https://registry.npmjs.org/@asamuzakjp/css-color/-/css-color-4.0.5.tgz. Extracting by manifest.
4437 silly tarball no local data for @csstools/css-tokenizer@https://registry.npmjs.org/@csstools/css-tokenizer/-/css-tokenizer-3.0.4.tgz. Extracting by manifest.
4438 silly tarball no local data for @csstools/css-syntax-patches-for-csstree@https://registry.npmjs.org/@csstools/css-syntax-patches-for-csstree/-/css-syntax-patches-for-csstree-1.0.14.tgz. Extracting by manifest.
4439 silly tarball no local data for @asamuzakjp/nwsapi@https://registry.npmjs.org/@asamuzakjp/nwsapi/-/nwsapi-2.3.9.tgz. Extracting by manifest.
4440 silly tarball no local data for bidi-js@https://registry.npmjs.org/bidi-js/-/bidi-js-1.0.3.tgz. Extracting by manifest.
4441 silly tarball no local data for mdn-data@https://registry.npmjs.org/mdn-data/-/mdn-data-2.12.2.tgz. Extracting by manifest.
4442 silly tarball no local data for css-tree@https://registry.npmjs.org/css-tree/-/css-tree-3.1.0.tgz. Extracting by manifest.
4443 silly tarball no local data for whatwg-url@https://registry.npmjs.org/whatwg-url/-/whatwg-url-15.1.0.tgz. Extracting by manifest.
4444 silly tarball no local data for xml-name-validator@https://registry.npmjs.org/xml-name-validator/-/xml-name-validator-5.0.0.tgz. Extracting by manifest.
4445 silly tarball no local data for ws@https://registry.npmjs.org/ws/-/ws-8.18.3.tgz. Extracting by manifest.
4446 silly tarball no local data for whatwg-mimetype@https://registry.npmjs.org/whatwg-mimetype/-/whatwg-mimetype-4.0.0.tgz. Extracting by manifest.
4447 silly tarball no local data for webidl-conversions@https://registry.npmjs.org/webidl-conversions/-/webidl-conversions-8.0.0.tgz. Extracting by manifest.
4448 silly tarball no local data for whatwg-encoding@https://registry.npmjs.org/whatwg-encoding/-/whatwg-encoding-3.1.1.tgz. Extracting by manifest.
4449 silly tarball no local data for w3c-xmlserializer@https://registry.npmjs.org/w3c-xmlserializer/-/w3c-xmlserializer-5.0.0.tgz. Extracting by manifest.
4450 silly tarball no local data for saxes@https://registry.npmjs.org/saxes/-/saxes-6.0.0.tgz. Extracting by manifest.
4451 silly tarball no local data for tough-cookie@https://registry.npmjs.org/tough-cookie/-/tough-cookie-6.0.0.tgz. Extracting by manifest.
4452 silly tarball no local data for symbol-tree@https://registry.npmjs.org/symbol-tree/-/symbol-tree-3.2.4.tgz. Extracting by manifest.
4453 silly tarball no local data for rrweb-cssom@https://registry.npmjs.org/rrweb-cssom/-/rrweb-cssom-0.8.0.tgz. Extracting by manifest.
4454 silly tarball no local data for @csstools/css-calc@https://registry.npmjs.org/@csstools/css-calc/-/css-calc-2.1.4.tgz. Extracting by manifest.
4455 silly tarball no local data for https-proxy-agent@https://registry.npmjs.org/https-proxy-agent/-/https-proxy-agent-7.0.6.tgz. Extracting by manifest.
4456 silly tarball no local data for http-proxy-agent@https://registry.npmjs.org/http-proxy-agent/-/http-proxy-agent-7.0.2.tgz. Extracting by manifest.
4457 silly tarball no local data for parse5@https://registry.npmjs.org/parse5/-/parse5-7.3.0.tgz. Extracting by manifest.
4458 silly tarball no local data for html-encoding-sniffer@https://registry.npmjs.org/html-encoding-sniffer/-/html-encoding-sniffer-4.0.0.tgz. Extracting by manifest.
4459 silly tarball no local data for @asamuzakjp/dom-selector@https://registry.npmjs.org/@asamuzakjp/dom-selector/-/dom-selector-6.6.2.tgz. Extracting by manifest.
4460 silly tarball no local data for is-potential-custom-element-name@https://registry.npmjs.org/is-potential-custom-element-name/-/is-potential-custom-element-name-1.0.1.tgz. Extracting by manifest.
4461 silly tarball no local data for data-urls@https://registry.npmjs.org/data-urls/-/data-urls-6.0.0.tgz. Extracting by manifest.
4462 silly tarball no local data for decimal.js@https://registry.npmjs.org/decimal.js/-/decimal.js-10.6.0.tgz. Extracting by manifest.
4463 silly tarball no local data for cssstyle@https://registry.npmjs.org/cssstyle/-/cssstyle-5.3.1.tgz. Extracting by manifest.
4464 silly tarball no local data for set-function-name@https://registry.npmjs.org/set-function-name/-/set-function-name-2.0.2.tgz. Extracting by manifest.
4465 silly tarball no local data for argparse@https://registry.npmjs.org/argparse/-/argparse-2.0.1.tgz. Extracting by manifest.
4466 silly tarball no local data for is-extglob@https://registry.npmjs.org/is-extglob/-/is-extglob-2.1.1.tgz. Extracting by manifest.
4467 silly tarball no local data for text-extensions@https://registry.npmjs.org/text-extensions/-/text-extensions-2.4.0.tgz. Extracting by manifest.
4468 silly tarball no local data for side-channel@https://registry.npmjs.org/side-channel/-/side-channel-1.1.0.tgz. Extracting by manifest.
4469 silly tarball no local data for parent-module@https://registry.npmjs.org/parent-module/-/parent-module-1.0.1.tgz. Extracting by manifest.
4470 silly tarball no local data for ini@https://registry.npmjs.org/ini/-/ini-4.1.1.tgz. Extracting by manifest.
4471 silly tarball no local data for dargs@https://registry.npmjs.org/dargs/-/dargs-8.1.0.tgz. Extracting by manifest.
4472 silly tarball no local data for resolve-pkg-maps@https://registry.npmjs.org/resolve-pkg-maps/-/resolve-pkg-maps-1.0.0.tgz. Extracting by manifest.
4473 silly tarball no local data for dunder-proto@https://registry.npmjs.org/dunder-proto/-/dunder-proto-1.0.1.tgz. Extracting by manifest.
4474 silly tarball no local data for keyv@https://registry.npmjs.org/keyv/-/keyv-4.5.4.tgz. Extracting by manifest.
4475 silly tarball no local data for functions-have-names@https://registry.npmjs.org/functions-have-names/-/functions-have-names-1.2.3.tgz. Extracting by manifest.
4476 silly tarball no local data for unicorn-magic@https://registry.npmjs.org/unicorn-magic/-/unicorn-magic-0.1.0.tgz. Extracting by manifest.
4477 silly tarball no local data for flatted@https://registry.npmjs.org/flatted/-/flatted-3.3.3.tgz. Extracting by manifest.
4478 silly tarball no local data for path-exists@https://registry.npmjs.org/path-exists/-/path-exists-5.0.0.tgz. Extracting by manifest.
4479 silly tarball no local data for locate-path@https://registry.npmjs.org/locate-path/-/locate-path-7.2.0.tgz. Extracting by manifest.
4480 silly tarball no local data for flat-cache@https://registry.npmjs.org/flat-cache/-/flat-cache-4.0.1.tgz. Extracting by manifest.
4481 silly tarball no local data for reusify@https://registry.npmjs.org/reusify/-/reusify-1.1.0.tgz. Extracting by manifest.
4482 silly tarball no local data for run-parallel@https://registry.npmjs.org/run-parallel/-/run-parallel-1.2.0.tgz. Extracting by manifest.
4483 silly tarball no local data for @nodelib/fs.scandir@https://registry.npmjs.org/@nodelib/fs.scandir/-/fs.scandir-2.1.5.tgz. Extracting by manifest.
4484 silly tarball no local data for micromatch@https://registry.npmjs.org/micromatch/-/micromatch-4.0.8.tgz. Extracting by manifest.
4485 silly tarball no local data for fastq@https://registry.npmjs.org/fastq/-/fastq-1.19.1.tgz. Extracting by manifest.
4486 silly tarball no local data for merge2@https://registry.npmjs.org/merge2/-/merge2-1.4.1.tgz. Extracting by manifest.
4487 silly tarball no local data for @nodelib/fs.walk@https://registry.npmjs.org/@nodelib/fs.walk/-/fs.walk-1.2.8.tgz. Extracting by manifest.
4488 silly tarball no local data for @nodelib/fs.stat@https://registry.npmjs.org/@nodelib/fs.stat/-/fs.stat-2.0.5.tgz. Extracting by manifest.
4489 silly tarball no local data for acorn-jsx@https://registry.npmjs.org/acorn-jsx/-/acorn-jsx-5.3.2.tgz. Extracting by manifest.
4490 silly tarball no local data for acorn@https://registry.npmjs.org/acorn/-/acorn-8.15.0.tgz. Extracting by manifest.
4491 silly tarball no local data for esrecurse@https://registry.npmjs.org/esrecurse/-/esrecurse-4.3.0.tgz. Extracting by manifest.
4492 silly tarball no local data for iterator.prototype@https://registry.npmjs.org/iterator.prototype/-/iterator.prototype-1.1.5.tgz. Extracting by manifest.
4493 silly tarball no local data for string.prototype.repeat@https://registry.npmjs.org/string.prototype.repeat/-/string.prototype.repeat-1.0.0.tgz. Extracting by manifest.
4494 silly tarball no local data for prop-types@https://registry.npmjs.org/prop-types/-/prop-types-15.8.1.tgz. Extracting by manifest.
4495 silly tarball no local data for string.prototype.matchall@https://registry.npmjs.org/string.prototype.matchall/-/string.prototype.matchall-4.0.12.tgz. Extracting by manifest.
4496 silly tarball no local data for estraverse@https://registry.npmjs.org/estraverse/-/estraverse-5.3.0.tgz. Extracting by manifest.
4497 silly tarball no local data for object.entries@https://registry.npmjs.org/object.entries/-/object.entries-1.1.9.tgz. Extracting by manifest.
4498 silly tarball no local data for es-iterator-helpers@https://registry.npmjs.org/es-iterator-helpers/-/es-iterator-helpers-1.2.1.tgz. Extracting by manifest.
4499 silly tarball no local data for array.prototype.tosorted@https://registry.npmjs.org/array.prototype.tosorted/-/array.prototype.tosorted-1.1.4.tgz. Extracting by manifest.
4500 silly tarball no local data for array.prototype.findlast@https://registry.npmjs.org/array.prototype.findlast/-/array.prototype.findlast-1.2.5.tgz. Extracting by manifest.
4501 silly tarball no local data for synckit@https://registry.npmjs.org/synckit/-/synckit-0.11.11.tgz. Extracting by manifest.
4502 silly tarball no local data for language-tags@https://registry.npmjs.org/language-tags/-/language-tags-1.0.9.tgz. Extracting by manifest.
4503 silly tarball no local data for jsx-ast-utils@https://registry.npmjs.org/jsx-ast-utils/-/jsx-ast-utils-3.3.5.tgz. Extracting by manifest.
4504 silly tarball no local data for string.prototype.includes@https://registry.npmjs.org/string.prototype.includes/-/string.prototype.includes-2.0.1.tgz. Extracting by manifest.
4505 silly tarball no local data for emoji-regex@https://registry.npmjs.org/emoji-regex/-/emoji-regex-9.2.2.tgz. Extracting by manifest.
4506 silly tarball no local data for damerau-levenshtein@https://registry.npmjs.org/damerau-levenshtein/-/damerau-levenshtein-1.0.8.tgz. Extracting by manifest.
4507 silly tarball no local data for axe-core@https://registry.npmjs.org/axe-core/-/axe-core-4.11.0.tgz. Extracting by manifest.
4508 silly tarball no local data for prettier-linter-helpers@https://registry.npmjs.org/prettier-linter-helpers/-/prettier-linter-helpers-1.0.0.tgz. Extracting by manifest.
4509 silly tarball no local data for axobject-query@https://registry.npmjs.org/axobject-query/-/axobject-query-4.1.0.tgz. Extracting by manifest.
4510 silly tarball no local data for ast-types-flow@https://registry.npmjs.org/ast-types-flow/-/ast-types-flow-0.0.8.tgz. Extracting by manifest.
4511 silly tarball no local data for is-symbol@https://registry.npmjs.org/is-symbol/-/is-symbol-1.1.1.tgz. Extracting by manifest.
4512 silly tarball no local data for which-typed-array@https://registry.npmjs.org/which-typed-array/-/which-typed-array-1.1.19.tgz. Extracting by manifest.
4513 silly tarball no local data for has-tostringtag@https://registry.npmjs.org/has-tostringtag/-/has-tostringtag-1.0.2.tgz. Extracting by manifest.
4514 silly tarball no local data for possible-typed-array-names@https://registry.npmjs.org/possible-typed-array-names/-/possible-typed-array-names-1.1.0.tgz. Extracting by manifest.
4515 silly tarball no local data for is-date-object@https://registry.npmjs.org/is-date-object/-/is-date-object-1.1.0.tgz. Extracting by manifest.
4516 silly tarball no local data for unbox-primitive@https://registry.npmjs.org/unbox-primitive/-/unbox-primitive-1.1.0.tgz. Extracting by manifest.
4517 silly tarball no local data for typed-array-byte-offset@https://registry.npmjs.org/typed-array-byte-offset/-/typed-array-byte-offset-1.0.4.tgz. Extracting by manifest.
4518 silly tarball no local data for typed-array-length@https://registry.npmjs.org/typed-array-length/-/typed-array-length-1.0.7.tgz. Extracting by manifest.
4519 silly tarball no local data for typed-array-byte-length@https://registry.npmjs.org/typed-array-byte-length/-/typed-array-byte-length-1.0.3.tgz. Extracting by manifest.
4520 silly tarball no local data for typed-array-buffer@https://registry.npmjs.org/typed-array-buffer/-/typed-array-buffer-1.0.3.tgz. Extracting by manifest.
4521 silly tarball no local data for string.prototype.trimstart@https://registry.npmjs.org/string.prototype.trimstart/-/string.prototype.trimstart-1.0.8.tgz. Extracting by manifest.
4522 silly tarball no local data for stop-iteration-iterator@https://registry.npmjs.org/stop-iteration-iterator/-/stop-iteration-iterator-1.1.0.tgz. Extracting by manifest.
4523 silly tarball no local data for safe-regex-test@https://registry.npmjs.org/safe-regex-test/-/safe-regex-test-1.1.0.tgz. Extracting by manifest.
4524 silly tarball no local data for string.prototype.trim@https://registry.npmjs.org/string.prototype.trim/-/string.prototype.trim-1.2.10.tgz. Extracting by manifest.
4525 silly tarball no local data for safe-array-concat@https://registry.npmjs.org/safe-array-concat/-/safe-array-concat-1.1.3.tgz. Extracting by manifest.
4526 silly tarball no local data for safe-push-apply@https://registry.npmjs.org/safe-push-apply/-/safe-push-apply-1.0.0.tgz. Extracting by manifest.
4527 silly tarball no local data for set-proto@https://registry.npmjs.org/set-proto/-/set-proto-1.0.0.tgz. Extracting by manifest.
4528 silly tarball no local data for own-keys@https://registry.npmjs.org/own-keys/-/own-keys-1.0.1.tgz. Extracting by manifest.
4529 silly tarball no local data for regexp.prototype.flags@https://registry.npmjs.org/regexp.prototype.flags/-/regexp.prototype.flags-1.5.4.tgz. Extracting by manifest.
4530 silly tarball no local data for object.assign@https://registry.npmjs.org/object.assign/-/object.assign-4.1.7.tgz. Extracting by manifest.
4531 silly tarball no local data for is-weakref@https://registry.npmjs.org/is-weakref/-/is-weakref-1.1.1.tgz. Extracting by manifest.
4532 silly tarball no local data for object-inspect@https://registry.npmjs.org/object-inspect/-/object-inspect-1.13.4.tgz. Extracting by manifest.
4533 silly tarball no local data for is-typed-array@https://registry.npmjs.org/is-typed-array/-/is-typed-array-1.1.15.tgz. Extracting by manifest.
4534 silly tarball no local data for is-set@https://registry.npmjs.org/is-set/-/is-set-2.0.3.tgz. Extracting by manifest.
4535 silly tarball no local data for is-shared-array-buffer@https://registry.npmjs.org/is-shared-array-buffer/-/is-shared-array-buffer-1.0.4.tgz. Extracting by manifest.
4536 silly tarball no local data for is-regex@https://registry.npmjs.org/is-regex/-/is-regex-1.2.1.tgz. Extracting by manifest.
4537 silly tarball no local data for is-data-view@https://registry.npmjs.org/is-data-view/-/is-data-view-1.0.2.tgz. Extracting by manifest.
4538 silly tarball no local data for is-negative-zero@https://registry.npmjs.org/is-negative-zero/-/is-negative-zero-2.0.3.tgz. Extracting by manifest.
4539 silly tarball no local data for is-array-buffer@https://registry.npmjs.org/is-array-buffer/-/is-array-buffer-3.0.5.tgz. Extracting by manifest.
4540 silly tarball no local data for has-symbols@https://registry.npmjs.org/has-symbols/-/has-symbols-1.1.0.tgz. Extracting by manifest.
4541 silly tarball no local data for is-callable@https://registry.npmjs.org/is-callable/-/is-callable-1.2.7.tgz. Extracting by manifest.
4542 silly tarball no local data for has-proto@https://registry.npmjs.org/has-proto/-/has-proto-1.2.0.tgz. Extracting by manifest.
4543 silly tarball no local data for globalthis@https://registry.npmjs.org/globalthis/-/globalthis-1.0.4.tgz. Extracting by manifest.
4544 silly tarball no local data for internal-slot@https://registry.npmjs.org/internal-slot/-/internal-slot-1.1.0.tgz. Extracting by manifest.
4545 silly tarball no local data for get-symbol-description@https://registry.npmjs.org/get-symbol-description/-/get-symbol-description-1.1.0.tgz. Extracting by manifest.
4546 silly tarball no local data for get-proto@https://registry.npmjs.org/get-proto/-/get-proto-1.0.1.tgz. Extracting by manifest.
4547 silly tarball no local data for function.prototype.name@https://registry.npmjs.org/function.prototype.name/-/function.prototype.name-1.1.8.tgz. Extracting by manifest.
4548 silly tarball no local data for es-to-primitive@https://registry.npmjs.org/es-to-primitive/-/es-to-primitive-1.3.0.tgz. Extracting by manifest.
4549 silly tarball no local data for data-view-byte-offset@https://registry.npmjs.org/data-view-byte-offset/-/data-view-byte-offset-1.0.1.tgz. Extracting by manifest.
4550 silly tarball no local data for es-set-tostringtag@https://registry.npmjs.org/es-set-tostringtag/-/es-set-tostringtag-2.1.0.tgz. Extracting by manifest.
4551 silly tarball no local data for data-view-byte-length@https://registry.npmjs.org/data-view-byte-length/-/data-view-byte-length-1.0.2.tgz. Extracting by manifest.
4552 silly tarball no local data for data-view-buffer@https://registry.npmjs.org/data-view-buffer/-/data-view-buffer-1.0.2.tgz. Extracting by manifest.
4553 silly tarball no local data for arraybuffer.prototype.slice@https://registry.npmjs.org/arraybuffer.prototype.slice/-/arraybuffer.prototype.slice-1.0.4.tgz. Extracting by manifest.
4554 silly tarball no local data for available-typed-arrays@https://registry.npmjs.org/available-typed-arrays/-/available-typed-arrays-1.0.7.tgz. Extracting by manifest.
4555 silly tarball no local data for has-property-descriptors@https://registry.npmjs.org/has-property-descriptors/-/has-property-descriptors-1.0.2.tgz. Extracting by manifest.
4556 silly tarball no local data for object-keys@https://registry.npmjs.org/object-keys/-/object-keys-1.1.1.tgz. Extracting by manifest.
4557 silly tarball no local data for array-buffer-byte-length@https://registry.npmjs.org/array-buffer-byte-length/-/array-buffer-byte-length-1.0.2.tgz. Extracting by manifest.
4558 silly tarball no local data for define-data-property@https://registry.npmjs.org/define-data-property/-/define-data-property-1.1.4.tgz. Extracting by manifest.
4559 silly tarball no local data for function-bind@https://registry.npmjs.org/function-bind/-/function-bind-1.1.2.tgz. Extracting by manifest.
4560 silly tarball no local data for gopd@https://registry.npmjs.org/gopd/-/gopd-1.2.0.tgz. Extracting by manifest.
4561 silly tarball no local data for es-define-property@https://registry.npmjs.org/es-define-property/-/es-define-property-1.0.1.tgz. Extracting by manifest.
4562 silly tarball no local data for call-bind-apply-helpers@https://registry.npmjs.org/call-bind-apply-helpers/-/call-bind-apply-helpers-1.0.2.tgz. Extracting by manifest.
4563 silly tarball no local data for set-function-length@https://registry.npmjs.org/set-function-length/-/set-function-length-1.2.2.tgz. Extracting by manifest.
4564 silly tarball no local data for es-shim-unscopables@https://registry.npmjs.org/es-shim-unscopables/-/es-shim-unscopables-1.1.0.tgz. Extracting by manifest.
4565 silly tarball no local data for es-errors@https://registry.npmjs.org/es-errors/-/es-errors-1.3.0.tgz. Extracting by manifest.
4566 silly tarball no local data for math-intrinsics@https://registry.npmjs.org/math-intrinsics/-/math-intrinsics-1.1.0.tgz. Extracting by manifest.
4567 silly tarball no local data for is-string@https://registry.npmjs.org/is-string/-/is-string-1.1.1.tgz. Extracting by manifest.
4568 silly tarball no local data for get-intrinsic@https://registry.npmjs.org/get-intrinsic/-/get-intrinsic-1.3.0.tgz. Extracting by manifest.
4569 silly tarball no local data for es-object-atoms@https://registry.npmjs.org/es-object-atoms/-/es-object-atoms-1.1.1.tgz. Extracting by manifest.
4570 silly tarball no local data for es-abstract@https://registry.npmjs.org/es-abstract/-/es-abstract-1.24.0.tgz. Extracting by manifest.
4571 silly tarball no local data for define-properties@https://registry.npmjs.org/define-properties/-/define-properties-1.2.1.tgz. Extracting by manifest.
4572 silly tarball no local data for call-bound@https://registry.npmjs.org/call-bound/-/call-bound-1.0.4.tgz. Extracting by manifest.
4573 silly tarball no local data for call-bind@https://registry.npmjs.org/call-bind/-/call-bind-1.0.8.tgz. Extracting by manifest.
4574 silly tarball no local data for tsconfig-paths@https://registry.npmjs.org/tsconfig-paths/-/tsconfig-paths-3.15.0.tgz. Extracting by manifest.
4575 silly tarball no local data for string.prototype.trimend@https://registry.npmjs.org/string.prototype.trimend/-/string.prototype.trimend-1.0.9.tgz. Extracting by manifest.
4576 silly tarball no local data for object.values@https://registry.npmjs.org/object.values/-/object.values-1.2.1.tgz. Extracting by manifest.
4577 silly tarball no local data for object.groupby@https://registry.npmjs.org/object.groupby/-/object.groupby-1.0.3.tgz. Extracting by manifest.
4578 silly tarball no local data for object.fromentries@https://registry.npmjs.org/object.fromentries/-/object.fromentries-2.0.8.tgz. Extracting by manifest.
4579 silly tarball no local data for hasown@https://registry.npmjs.org/hasown/-/hasown-2.0.2.tgz. Extracting by manifest.
4580 silly tarball no local data for doctrine@https://registry.npmjs.org/doctrine/-/doctrine-2.1.0.tgz. Extracting by manifest.
4581 silly tarball no local data for eslint-module-utils@https://registry.npmjs.org/eslint-module-utils/-/eslint-module-utils-2.12.1.tgz. Extracting by manifest.
4582 silly tarball no local data for array.prototype.flatmap@https://registry.npmjs.org/array.prototype.flatmap/-/array.prototype.flatmap-1.3.3.tgz. Extracting by manifest.
4583 silly tarball no local data for array.prototype.flat@https://registry.npmjs.org/array.prototype.flat/-/array.prototype.flat-1.3.3.tgz. Extracting by manifest.
4584 silly tarball no local data for @rtsao/scc@https://registry.npmjs.org/@rtsao/scc/-/scc-1.1.0.tgz. Extracting by manifest.
4585 silly tarball no local data for array.prototype.findlastindex@https://registry.npmjs.org/array.prototype.findlastindex/-/array.prototype.findlastindex-1.2.6.tgz. Extracting by manifest.
4586 silly tarball no local data for array-includes@https://registry.npmjs.org/array-includes/-/array-includes-3.1.9.tgz. Extracting by manifest.
4587 silly tarball no local data for tinyglobby@https://registry.npmjs.org/tinyglobby/-/tinyglobby-0.2.15.tgz. Extracting by manifest.
4588 silly tarball no local data for unrs-resolver@https://registry.npmjs.org/unrs-resolver/-/unrs-resolver-1.11.1.tgz. Extracting by manifest.
4589 silly tarball no local data for stable-hash@https://registry.npmjs.org/stable-hash/-/stable-hash-0.0.5.tgz. Extracting by manifest.
4590 silly tarball no local data for @nolyfill/is-core-module@https://registry.npmjs.org/@nolyfill/is-core-module/-/is-core-module-1.0.39.tgz. Extracting by manifest.
4591 silly tarball no local data for is-bun-module@https://registry.npmjs.org/is-bun-module/-/is-bun-module-2.0.0.tgz. Extracting by manifest.
4592 silly tarball no local data for get-tsconfig@https://registry.npmjs.org/get-tsconfig/-/get-tsconfig-4.12.0.tgz. Extracting by manifest.
4593 silly tarball no local data for resolve@https://registry.npmjs.org/resolve/-/resolve-1.22.10.tgz. Extracting by manifest.
4594 silly tarball no local data for @typescript-eslint/tsconfig-utils@https://registry.npmjs.org/@typescript-eslint/tsconfig-utils/-/tsconfig-utils-8.46.0.tgz. Extracting by manifest.
4595 silly tarball no local data for is-core-module@https://registry.npmjs.org/is-core-module/-/is-core-module-2.16.1.tgz. Extracting by manifest.
4596 silly tarball no local data for ts-api-utils@https://registry.npmjs.org/ts-api-utils/-/ts-api-utils-2.1.0.tgz. Extracting by manifest.
4597 silly tarball no local data for @typescript-eslint/project-service@https://registry.npmjs.org/@typescript-eslint/project-service/-/project-service-8.46.0.tgz. Extracting by manifest.
4598 silly tarball no local data for graphemer@https://registry.npmjs.org/graphemer/-/graphemer-1.4.0.tgz. Extracting by manifest.
4599 silly tarball no local data for @typescript-eslint/typescript-estree@https://registry.npmjs.org/@typescript-eslint/typescript-estree/-/typescript-estree-8.46.0.tgz. Extracting by manifest.
4600 silly tarball no local data for @typescript-eslint/types@https://registry.npmjs.org/@typescript-eslint/types/-/types-8.46.0.tgz. Extracting by manifest.
4601 silly tarball no local data for @typescript-eslint/visitor-keys@https://registry.npmjs.org/@typescript-eslint/visitor-keys/-/visitor-keys-8.46.0.tgz. Extracting by manifest.
4602 silly tarball no local data for @typescript-eslint/type-utils@https://registry.npmjs.org/@typescript-eslint/type-utils/-/type-utils-8.46.0.tgz. Extracting by manifest.
4603 silly tarball no local data for fast-glob@https://registry.npmjs.org/fast-glob/-/fast-glob-3.3.1.tgz. Extracting by manifest.
4604 silly tarball no local data for @typescript-eslint/scope-manager@https://registry.npmjs.org/@typescript-eslint/scope-manager/-/scope-manager-8.46.0.tgz. Extracting by manifest.
4605 silly tarball no local data for @typescript-eslint/utils@https://registry.npmjs.org/@typescript-eslint/utils/-/utils-8.46.0.tgz. Extracting by manifest.
4606 silly tarball no local data for eslint-plugin-react-hooks@https://registry.npmjs.org/eslint-plugin-react-hooks/-/eslint-plugin-react-hooks-5.2.0.tgz. Extracting by manifest.
4607 silly tarball no local data for eslint-plugin-jsx-a11y@https://registry.npmjs.org/eslint-plugin-jsx-a11y/-/eslint-plugin-jsx-a11y-6.10.2.tgz. Extracting by manifest.
4608 silly tarball no local data for eslint-plugin-react@https://registry.npmjs.org/eslint-plugin-react/-/eslint-plugin-react-7.37.5.tgz. Extracting by manifest.
4609 silly tarball no local data for eslint-plugin-import@https://registry.npmjs.org/eslint-plugin-import/-/eslint-plugin-import-2.32.0.tgz. Extracting by manifest.
4610 silly tarball no local data for @typescript-eslint/parser@https://registry.npmjs.org/@typescript-eslint/parser/-/parser-8.46.0.tgz. Extracting by manifest.
4611 silly tarball no local data for eslint-import-resolver-node@https://registry.npmjs.org/eslint-import-resolver-node/-/eslint-import-resolver-node-0.3.9.tgz. Extracting by manifest.
4612 silly tarball no local data for @typescript-eslint/eslint-plugin@https://registry.npmjs.org/@typescript-eslint/eslint-plugin/-/eslint-plugin-8.46.0.tgz. Extracting by manifest.
4613 silly tarball no local data for eslint-import-resolver-typescript@https://registry.npmjs.org/eslint-import-resolver-typescript/-/eslint-import-resolver-typescript-3.10.1.tgz. Extracting by manifest.
4614 silly tarball no local data for @next/eslint-plugin-next@https://registry.npmjs.org/@next/eslint-plugin-next/-/eslint-plugin-next-15.5.4.tgz. Extracting by manifest.
4615 silly tarball no local data for @rushstack/eslint-patch@https://registry.npmjs.org/@rushstack/eslint-patch/-/eslint-patch-1.13.0.tgz. Extracting by manifest.
4616 silly tarball no local data for which@https://registry.npmjs.org/which/-/which-2.0.2.tgz. Extracting by manifest.
4617 silly tarball no local data for @humanfs/core@https://registry.npmjs.org/@humanfs/core/-/core-0.19.1.tgz. Extracting by manifest.
4618 silly tarball no local data for path-key@https://registry.npmjs.org/path-key/-/path-key-3.1.1.tgz. Extracting by manifest.
4619 silly tarball no local data for shebang-command@https://registry.npmjs.org/shebang-command/-/shebang-command-2.0.0.tgz. Extracting by manifest.
4620 silly tarball no local data for levn@https://registry.npmjs.org/levn/-/levn-0.4.1.tgz. Extracting by manifest.
4621 silly tarball no local data for @eslint/object-schema@https://registry.npmjs.org/@eslint/object-schema/-/object-schema-2.1.6.tgz. Extracting by manifest.
4622 silly tarball no local data for optionator@https://registry.npmjs.org/optionator/-/optionator-0.9.4.tgz. Extracting by manifest.
4623 silly tarball no local data for natural-compare@https://registry.npmjs.org/natural-compare/-/natural-compare-1.4.0.tgz. Extracting by manifest.
4624 silly tarball no local data for json-stable-stringify-without-jsonify@https://registry.npmjs.org/json-stable-stringify-without-jsonify/-/json-stable-stringify-without-jsonify-1.0.1.tgz. Extracting by manifest.
4625 silly tarball no local data for imurmurhash@https://registry.npmjs.org/imurmurhash/-/imurmurhash-0.1.4.tgz. Extracting by manifest.
4626 silly tarball no local data for is-glob@https://registry.npmjs.org/is-glob/-/is-glob-4.0.3.tgz. Extracting by manifest.
4627 silly tarball no local data for glob-parent@https://registry.npmjs.org/glob-parent/-/glob-parent-6.0.2.tgz. Extracting by manifest.
4628 silly tarball no local data for file-entry-cache@https://registry.npmjs.org/file-entry-cache/-/file-entry-cache-8.0.0.tgz. Extracting by manifest.
4629 silly tarball no local data for esutils@https://registry.npmjs.org/esutils/-/esutils-2.0.3.tgz. Extracting by manifest.
4630 silly tarball no local data for esquery@https://registry.npmjs.org/esquery/-/esquery-1.6.0.tgz. Extracting by manifest.
4631 silly tarball no local data for eslint-visitor-keys@https://registry.npmjs.org/eslint-visitor-keys/-/eslint-visitor-keys-4.2.1.tgz. Extracting by manifest.
4632 silly tarball no local data for eslint-scope@https://registry.npmjs.org/eslint-scope/-/eslint-scope-8.4.0.tgz. Extracting by manifest.
4633 silly tarball no local data for escape-string-regexp@https://registry.npmjs.org/escape-string-regexp/-/escape-string-regexp-4.0.0.tgz. Extracting by manifest.
4634 silly tarball no local data for @types/json-schema@https://registry.npmjs.org/@types/json-schema/-/json-schema-7.0.15.tgz. Extracting by manifest.
4635 silly tarball no local data for @types/estree@https://registry.npmjs.org/@types/estree/-/estree-1.0.8.tgz. Extracting by manifest.
4636 silly tarball no local data for @humanfs/node@https://registry.npmjs.org/@humanfs/node/-/node-0.16.7.tgz. Extracting by manifest.
4637 silly tarball no local data for @humanwhocodes/retry@https://registry.npmjs.org/@humanwhocodes/retry/-/retry-0.4.3.tgz. Extracting by manifest.
4638 silly tarball no local data for @eslint/plugin-kit@https://registry.npmjs.org/@eslint/plugin-kit/-/plugin-kit-0.4.0.tgz. Extracting by manifest.
4639 silly tarball no local data for @humanwhocodes/module-importer@https://registry.npmjs.org/@humanwhocodes/module-importer/-/module-importer-1.0.1.tgz. Extracting by manifest.
4640 silly tarball no local data for cross-spawn@https://registry.npmjs.org/cross-spawn/-/cross-spawn-7.0.6.tgz. Extracting by manifest.
4641 silly tarball no local data for @eslint/js@https://registry.npmjs.org/@eslint/js/-/js-9.37.0.tgz. Extracting by manifest.
4642 silly tarball no local data for @eslint/config-helpers@https://registry.npmjs.org/@eslint/config-helpers/-/config-helpers-0.4.0.tgz. Extracting by manifest.
4643 silly tarball no local data for @eslint/core@https://registry.npmjs.org/@eslint/core/-/core-0.16.0.tgz. Extracting by manifest.
4644 silly tarball no local data for @eslint/config-array@https://registry.npmjs.org/@eslint/config-array/-/config-array-0.21.0.tgz. Extracting by manifest.
4645 silly tarball no local data for @eslint-community/eslint-utils@https://registry.npmjs.org/@eslint-community/eslint-utils/-/eslint-utils-4.9.0.tgz. Extracting by manifest.
4646 silly tarball no local data for @eslint-community/regexpp@https://registry.npmjs.org/@eslint-community/regexpp/-/regexpp-4.12.1.tgz. Extracting by manifest.
4647 silly tarball no local data for is-obj@https://registry.npmjs.org/is-obj/-/is-obj-2.0.0.tgz. Extracting by manifest.
4648 silly tarball no local data for tapable@https://registry.npmjs.org/tapable/-/tapable-2.3.0.tgz. Extracting by manifest.
4649 silly tarball no local data for graceful-fs@https://registry.npmjs.org/graceful-fs/-/graceful-fs-4.2.11.tgz. Extracting by manifest.
4650 silly tarball no local data for ms@https://registry.npmjs.org/ms/-/ms-2.1.3.tgz. Extracting by manifest.
4651 silly tarball no local data for parse-json@https://registry.npmjs.org/parse-json/-/parse-json-5.2.0.tgz. Extracting by manifest.
4652 silly tarball no local data for split2@https://registry.npmjs.org/split2/-/split2-4.2.0.tgz. Extracting by manifest.
4653 silly tarball no local data for env-paths@https://registry.npmjs.org/env-paths/-/env-paths-2.2.1.tgz. Extracting by manifest.
4654 silly tarball no local data for meow@https://registry.npmjs.org/meow/-/meow-12.1.1.tgz. Extracting by manifest.
4655 silly tarball no local data for JSONStream@https://registry.npmjs.org/JSONStream/-/JSONStream-1.3.5.tgz. Extracting by manifest.
4656 silly tarball no local data for is-text-path@https://registry.npmjs.org/is-text-path/-/is-text-path-2.0.0.tgz. Extracting by manifest.
4657 silly tarball no local data for dot-prop@https://registry.npmjs.org/dot-prop/-/dot-prop-5.3.0.tgz. Extracting by manifest.
4658 silly tarball no local data for array-ify@https://registry.npmjs.org/array-ify/-/array-ify-1.0.0.tgz. Extracting by manifest.
4659 silly tarball no local data for compare-func@https://registry.npmjs.org/compare-func/-/compare-func-2.0.0.tgz. Extracting by manifest.
4660 silly tarball no local data for update-browserslist-db@https://registry.npmjs.org/update-browserslist-db/-/update-browserslist-db-1.1.3.tgz. Extracting by manifest.
4661 silly tarball no local data for node-releases@https://registry.npmjs.org/node-releases/-/node-releases-2.0.23.tgz. Extracting by manifest.
4662 silly tarball no local data for electron-to-chromium@https://registry.npmjs.org/electron-to-chromium/-/electron-to-chromium-1.5.234.tgz. Extracting by manifest.
4663 silly tarball no local data for caniuse-lite@https://registry.npmjs.org/caniuse-lite/-/caniuse-lite-1.0.30001750.tgz. Extracting by manifest.
4664 silly tarball no local data for baseline-browser-mapping@https://registry.npmjs.org/baseline-browser-mapping/-/baseline-browser-mapping-2.8.16.tgz. Extracting by manifest.
4665 silly tarball no local data for dequal@https://registry.npmjs.org/dequal/-/dequal-2.0.3.tgz. Extracting by manifest.
4666 silly tarball no local data for require-from-string@https://registry.npmjs.org/require-from-string/-/require-from-string-2.0.2.tgz. Extracting by manifest.
4667 silly tarball no local data for json-schema-traverse@https://registry.npmjs.org/json-schema-traverse/-/json-schema-traverse-1.0.0.tgz. Extracting by manifest.
4668 silly tarball no local data for @types/babel__traverse@https://registry.npmjs.org/@types/babel__traverse/-/babel__traverse-7.28.0.tgz. Extracting by manifest.
4669 silly tarball no local data for fast-uri@https://registry.npmjs.org/fast-uri/-/fast-uri-3.1.0.tgz. Extracting by manifest.
4670 silly tarball no local data for fast-deep-equal@https://registry.npmjs.org/fast-deep-equal/-/fast-deep-equal-3.1.3.tgz. Extracting by manifest.
4671 silly tarball no local data for @types/babel__generator@https://registry.npmjs.org/@types/babel__generator/-/babel__generator-7.27.0.tgz. Extracting by manifest.
4672 silly tarball no local data for @types/babel__template@https://registry.npmjs.org/@types/babel__template/-/babel__template-7.4.4.tgz. Extracting by manifest.
4673 silly tarball no local data for @babel/helper-string-parser@https://registry.npmjs.org/@babel/helper-string-parser/-/helper-string-parser-7.27.1.tgz. Extracting by manifest.
4674 silly tarball no local data for @babel/helper-globals@https://registry.npmjs.org/@babel/helper-globals/-/helper-globals-7.28.0.tgz. Extracting by manifest.
4675 silly tarball no local data for lru-cache@https://registry.npmjs.org/lru-cache/-/lru-cache-5.1.1.tgz. Extracting by manifest.
4676 silly tarball no local data for browserslist@https://registry.npmjs.org/browserslist/-/browserslist-4.26.3.tgz. Extracting by manifest.
4677 silly tarball no local data for @babel/helper-plugin-utils@https://registry.npmjs.org/@babel/helper-plugin-utils/-/helper-plugin-utils-7.27.1.tgz. Extracting by manifest.
4678 silly tarball no local data for @babel/helper-module-imports@https://registry.npmjs.org/@babel/helper-module-imports/-/helper-module-imports-7.27.1.tgz. Extracting by manifest.
4679 silly tarball no local data for jsesc@https://registry.npmjs.org/jsesc/-/jsesc-3.1.0.tgz. Extracting by manifest.
4680 silly tarball no local data for @babel/helper-validator-option@https://registry.npmjs.org/@babel/helper-validator-option/-/helper-validator-option-7.27.1.tgz. Extracting by manifest.
4681 silly tarball no local data for @babel/compat-data@https://registry.npmjs.org/@babel/compat-data/-/compat-data-7.28.4.tgz. Extracting by manifest.
4682 silly tarball no local data for json5@https://registry.npmjs.org/json5/-/json5-2.2.3.tgz. Extracting by manifest.
4683 silly tarball no local data for @babel/types@https://registry.npmjs.org/@babel/types/-/types-7.28.4.tgz. Extracting by manifest.
4684 silly tarball no local data for convert-source-map@https://registry.npmjs.org/convert-source-map/-/convert-source-map-2.0.0.tgz. Extracting by manifest.
4685 silly tarball no local data for gensync@https://registry.npmjs.org/gensync/-/gensync-1.0.0-beta.2.tgz. Extracting by manifest.
4686 silly tarball no local data for @babel/traverse@https://registry.npmjs.org/@babel/traverse/-/traverse-7.28.4.tgz. Extracting by manifest.
4687 silly tarball no local data for @babel/template@https://registry.npmjs.org/@babel/template/-/template-7.27.2.tgz. Extracting by manifest.
4688 silly tarball no local data for @babel/parser@https://registry.npmjs.org/@babel/parser/-/parser-7.28.4.tgz. Extracting by manifest.
4689 silly tarball no local data for @babel/helpers@https://registry.npmjs.org/@babel/helpers/-/helpers-7.28.4.tgz. Extracting by manifest.
4690 silly tarball no local data for @babel/helper-module-transforms@https://registry.npmjs.org/@babel/helper-module-transforms/-/helper-module-transforms-7.28.3.tgz. Extracting by manifest.
4691 silly tarball no local data for react-refresh@https://registry.npmjs.org/react-refresh/-/react-refresh-0.17.0.tgz. Extracting by manifest.
4692 silly tarball no local data for @babel/generator@https://registry.npmjs.org/@babel/generator/-/generator-7.28.3.tgz. Extracting by manifest.
4693 silly tarball no local data for @types/babel__core@https://registry.npmjs.org/@types/babel__core/-/babel__core-7.20.5.tgz. Extracting by manifest.
4694 silly tarball no local data for @babel/helper-compilation-targets@https://registry.npmjs.org/@babel/helper-compilation-targets/-/helper-compilation-targets-7.27.2.tgz. Extracting by manifest.
4695 silly tarball no local data for @rolldown/pluginutils@https://registry.npmjs.org/@rolldown/pluginutils/-/pluginutils-1.0.0-beta.38.tgz. Extracting by manifest.
4696 silly tarball no local data for undici-types@https://registry.npmjs.org/undici-types/-/undici-types-6.21.0.tgz. Extracting by manifest.
4697 silly tarball no local data for csstype@https://registry.npmjs.org/csstype/-/csstype-3.1.3.tgz. Extracting by manifest.
4698 silly tarball no local data for @babel/plugin-transform-react-jsx-source@https://registry.npmjs.org/@babel/plugin-transform-react-jsx-source/-/plugin-transform-react-jsx-source-7.27.1.tgz. Extracting by manifest.
4699 silly tarball no local data for @babel/core@https://registry.npmjs.org/@babel/core/-/core-7.28.4.tgz. Extracting by manifest.
4700 silly tarball no local data for @babel/plugin-transform-react-jsx-self@https://registry.npmjs.org/@babel/plugin-transform-react-jsx-self/-/plugin-transform-react-jsx-self-7.27.1.tgz. Extracting by manifest.
4701 silly tarball no local data for @adobe/css-tools@https://registry.npmjs.org/@adobe/css-tools/-/css-tools-4.4.4.tgz. Extracting by manifest.
4702 silly tarball no local data for redent@https://registry.npmjs.org/redent/-/redent-3.0.0.tgz. Extracting by manifest.
4703 silly tarball no local data for css.escape@https://registry.npmjs.org/css.escape/-/css.escape-1.5.1.tgz. Extracting by manifest.
4704 silly tarball no local data for @babel/helper-validator-identifier@https://registry.npmjs.org/@babel/helper-validator-identifier/-/helper-validator-identifier-7.27.1.tgz. Extracting by manifest.
4705 silly tarball no local data for js-tokens@https://registry.npmjs.org/js-tokens/-/js-tokens-4.0.0.tgz. Extracting by manifest.
4706 silly tarball no local data for pretty-format@https://registry.npmjs.org/pretty-format/-/pretty-format-27.5.1.tgz. Extracting by manifest.
4707 silly tarball no local data for picocolors@https://registry.npmjs.org/picocolors/-/picocolors-1.1.1.tgz. Extracting by manifest.
4708 silly tarball no local data for lz-string@https://registry.npmjs.org/lz-string/-/lz-string-1.5.0.tgz. Extracting by manifest.
4709 silly tarball no local data for @types/aria-query@https://registry.npmjs.org/@types/aria-query/-/aria-query-5.0.4.tgz. Extracting by manifest.
4710 silly tarball no local data for dom-accessibility-api@https://registry.npmjs.org/dom-accessibility-api/-/dom-accessibility-api-0.5.16.tgz. Extracting by manifest.
4711 silly tarball no local data for aria-query@https://registry.npmjs.org/aria-query/-/aria-query-5.3.0.tgz. Extracting by manifest.
4712 silly tarball no local data for @tanstack/query-core@https://registry.npmjs.org/@tanstack/query-core/-/query-core-5.90.2.tgz. Extracting by manifest.
4713 silly tarball no local data for @babel/runtime@https://registry.npmjs.org/@babel/runtime/-/runtime-7.28.4.tgz. Extracting by manifest.
4714 silly tarball no local data for @babel/code-frame@https://registry.npmjs.org/@babel/code-frame/-/code-frame-7.27.1.tgz. Extracting by manifest.
4715 silly tarball no local data for tar@https://registry.npmjs.org/tar/-/tar-7.5.1.tgz. Extracting by manifest.
4716 silly tarball no local data for detect-libc@https://registry.npmjs.org/detect-libc/-/detect-libc-2.1.2.tgz. Extracting by manifest.
4717 silly tarball no local data for @jridgewell/resolve-uri@https://registry.npmjs.org/@jridgewell/resolve-uri/-/resolve-uri-3.1.2.tgz. Extracting by manifest.
4718 silly tarball no local data for @tailwindcss/oxide-win32-x64-msvc@https://registry.npmjs.org/@tailwindcss/oxide-win32-x64-msvc/-/oxide-win32-x64-msvc-4.1.14.tgz. Extracting by manifest.
4719 silly tarball no local data for source-map-js@https://registry.npmjs.org/source-map-js/-/source-map-js-1.2.1.tgz. Extracting by manifest.
4720 silly tarball no local data for @jridgewell/sourcemap-codec@https://registry.npmjs.org/@jridgewell/sourcemap-codec/-/sourcemap-codec-1.5.5.tgz. Extracting by manifest.
4721 silly tarball no local data for @jridgewell/trace-mapping@https://registry.npmjs.org/@jridgewell/trace-mapping/-/trace-mapping-0.3.31.tgz. Extracting by manifest.
4722 silly tarball no local data for @jridgewell/gen-mapping@https://registry.npmjs.org/@jridgewell/gen-mapping/-/gen-mapping-0.3.13.tgz. Extracting by manifest.
4723 silly tarball no local data for magic-string@https://registry.npmjs.org/magic-string/-/magic-string-0.30.19.tgz. Extracting by manifest.
4724 silly tarball no local data for @jridgewell/remapping@https://registry.npmjs.org/@jridgewell/remapping/-/remapping-2.3.5.tgz. Extracting by manifest.
4725 silly tarball no local data for enhanced-resolve@https://registry.npmjs.org/enhanced-resolve/-/enhanced-resolve-5.18.3.tgz. Extracting by manifest.
4726 silly tarball no local data for jiti@https://registry.npmjs.org/jiti/-/jiti-2.6.1.tgz. Extracting by manifest.
4727 silly tarball no local data for lightningcss@https://registry.npmjs.org/lightningcss/-/lightningcss-1.30.1.tgz. Extracting by manifest.
4728 silly tarball no local data for @tailwindcss/oxide@https://registry.npmjs.org/@tailwindcss/oxide/-/oxide-4.1.14.tgz. Extracting by manifest.
4729 silly tarball no local data for postcss@https://registry.npmjs.org/postcss/-/postcss-8.5.6.tgz. Extracting by manifest.
4730 silly tarball no local data for @alloc/quick-lru@https://registry.npmjs.org/@alloc/quick-lru/-/quick-lru-5.2.0.tgz. Extracting by manifest.
4731 silly tarball no local data for strip-json-comments@https://registry.npmjs.org/strip-json-comments/-/strip-json-comments-3.1.1.tgz. Extracting by manifest.
4732 silly tarball no local data for @tailwindcss/node@https://registry.npmjs.org/@tailwindcss/node/-/node-4.1.14.tgz. Extracting by manifest.
4733 silly tarball no local data for minimatch@https://registry.npmjs.org/minimatch/-/minimatch-3.1.2.tgz. Extracting by manifest.
4734 silly tarball no local data for ignore@https://registry.npmjs.org/ignore/-/ignore-5.3.2.tgz. Extracting by manifest.
4735 silly tarball no local data for @types/conventional-commits-parser@https://registry.npmjs.org/@types/conventional-commits-parser/-/conventional-commits-parser-5.0.1.tgz. Extracting by manifest.
4736 silly tarball no local data for globals@https://registry.npmjs.org/globals/-/globals-14.0.0.tgz. Extracting by manifest.
4737 silly tarball no local data for js-yaml@https://registry.npmjs.org/js-yaml/-/js-yaml-4.1.0.tgz. Extracting by manifest.
4738 silly tarball no local data for espree@https://registry.npmjs.org/espree/-/espree-10.4.0.tgz. Extracting by manifest.
4739 silly tarball no local data for debug@https://registry.npmjs.org/debug/-/debug-4.4.3.tgz. Extracting by manifest.
4740 silly tarball no local data for import-fresh@https://registry.npmjs.org/import-fresh/-/import-fresh-3.3.1.tgz. Extracting by manifest.
4741 silly tarball no local data for find-up@https://registry.npmjs.org/find-up/-/find-up-7.0.0.tgz. Extracting by manifest.
4742 silly tarball no local data for lodash.upperfirst@https://registry.npmjs.org/lodash.upperfirst/-/lodash.upperfirst-4.3.1.tgz. Extracting by manifest.
4743 silly tarball no local data for lodash.startcase@https://registry.npmjs.org/lodash.startcase/-/lodash.startcase-4.4.0.tgz. Extracting by manifest.
4744 silly tarball no local data for lodash.snakecase@https://registry.npmjs.org/lodash.snakecase/-/lodash.snakecase-4.1.1.tgz. Extracting by manifest.
4745 silly tarball no local data for lodash.kebabcase@https://registry.npmjs.org/lodash.kebabcase/-/lodash.kebabcase-4.1.1.tgz. Extracting by manifest.
4746 silly tarball no local data for lodash.camelcase@https://registry.npmjs.org/lodash.camelcase/-/lodash.camelcase-4.3.0.tgz. Extracting by manifest.
4747 silly tarball no local data for @commitlint/to-lines@https://registry.npmjs.org/@commitlint/to-lines/-/to-lines-20.0.0.tgz. Extracting by manifest.
4748 silly tarball no local data for @commitlint/message@https://registry.npmjs.org/@commitlint/message/-/message-20.0.0.tgz. Extracting by manifest.
4749 silly tarball no local data for resolve-from@https://registry.npmjs.org/resolve-from/-/resolve-from-5.0.0.tgz. Extracting by manifest.
4750 silly tarball no local data for @commitlint/ensure@https://registry.npmjs.org/@commitlint/ensure/-/ensure-20.0.0.tgz. Extracting by manifest.
4751 silly tarball no local data for lodash.mergewith@https://registry.npmjs.org/lodash.mergewith/-/lodash.mergewith-4.6.2.tgz. Extracting by manifest.
4752 silly tarball no local data for import-meta-resolve@https://registry.npmjs.org/import-meta-resolve/-/import-meta-resolve-4.2.0.tgz. Extracting by manifest.
4753 silly tarball no local data for global-directory@https://registry.npmjs.org/global-directory/-/global-directory-4.0.1.tgz. Extracting by manifest.
4754 silly tarball no local data for @commitlint/top-level@https://registry.npmjs.org/@commitlint/top-level/-/top-level-20.0.0.tgz. Extracting by manifest.
4755 silly tarball no local data for git-raw-commits@https://registry.npmjs.org/git-raw-commits/-/git-raw-commits-4.0.0.tgz. Extracting by manifest.
4756 silly tarball no local data for minimist@https://registry.npmjs.org/minimist/-/minimist-1.2.8.tgz. Extracting by manifest.
4757 silly tarball no local data for conventional-commits-parser@https://registry.npmjs.org/conventional-commits-parser/-/conventional-commits-parser-5.0.0.tgz. Extracting by manifest.
4758 silly tarball no local data for ajv@https://registry.npmjs.org/ajv/-/ajv-8.17.1.tgz. Extracting by manifest.
4759 silly tarball no local data for conventional-changelog-angular@https://registry.npmjs.org/conventional-changelog-angular/-/conventional-changelog-angular-7.0.0.tgz. Extracting by manifest.
4760 silly tarball no local data for lodash.uniq@https://registry.npmjs.org/lodash.uniq/-/lodash.uniq-4.5.0.tgz. Extracting by manifest.
4761 silly tarball no local data for lodash.merge@https://registry.npmjs.org/lodash.merge/-/lodash.merge-4.6.2.tgz. Extracting by manifest.
4762 silly tarball no local data for @commitlint/resolve-extends@https://registry.npmjs.org/@commitlint/resolve-extends/-/resolve-extends-20.1.0.tgz. Extracting by manifest.
4763 silly tarball no local data for lodash.isplainobject@https://registry.npmjs.org/lodash.isplainobject/-/lodash.isplainobject-4.0.6.tgz. Extracting by manifest.
4764 silly tarball no local data for @commitlint/execute-rule@https://registry.npmjs.org/@commitlint/execute-rule/-/execute-rule-20.0.0.tgz. Extracting by manifest.
4765 silly tarball no local data for cosmiconfig-typescript-loader@https://registry.npmjs.org/cosmiconfig-typescript-loader/-/cosmiconfig-typescript-loader-6.2.0.tgz. Extracting by manifest.
4766 silly tarball no local data for cosmiconfig@https://registry.npmjs.org/cosmiconfig/-/cosmiconfig-9.0.0.tgz. Extracting by manifest.
4767 silly tarball no local data for semver@https://registry.npmjs.org/semver/-/semver-7.7.3.tgz. Extracting by manifest.
4768 silly tarball no local data for @commitlint/config-validator@https://registry.npmjs.org/@commitlint/config-validator/-/config-validator-20.0.0.tgz. Extracting by manifest.
4769 silly tarball no local data for chalk@https://registry.npmjs.org/chalk/-/chalk-5.6.2.tgz. Extracting by manifest.
4770 silly tarball no local data for conventional-changelog-conventionalcommits@https://registry.npmjs.org/conventional-changelog-conventionalcommits/-/conventional-changelog-conventionalcommits-7.0.2.tgz. Extracting by manifest.
4771 silly tarball no local data for @commitlint/rules@https://registry.npmjs.org/@commitlint/rules/-/rules-20.0.0.tgz. Extracting by manifest.
4772 silly tarball no local data for @commitlint/parse@https://registry.npmjs.org/@commitlint/parse/-/parse-20.0.0.tgz. Extracting by manifest.
4773 silly tarball no local data for @commitlint/is-ignored@https://registry.npmjs.org/@commitlint/is-ignored/-/is-ignored-20.0.0.tgz. Extracting by manifest.
4774 silly tarball no local data for @commitlint/types@https://registry.npmjs.org/@commitlint/types/-/types-20.0.0.tgz. Extracting by manifest.
4775 silly tarball no local data for tinyexec@https://registry.npmjs.org/tinyexec/-/tinyexec-1.0.1.tgz. Extracting by manifest.
4776 silly tarball no local data for yargs@https://registry.npmjs.org/yargs/-/yargs-17.7.2.tgz. Extracting by manifest.
4777 silly tarball no local data for @commitlint/read@https://registry.npmjs.org/@commitlint/read/-/read-20.0.0.tgz. Extracting by manifest.
4778 silly tarball no local data for zustand@https://registry.npmjs.org/zustand/-/zustand-5.0.8.tgz. Extracting by manifest.
4779 silly tarball no local data for vitest@https://registry.npmjs.org/vitest/-/vitest-3.2.4.tgz. Extracting by manifest.
4780 silly tarball no local data for @commitlint/load@https://registry.npmjs.org/@commitlint/load/-/load-20.1.0.tgz. Extracting by manifest.
4781 silly tarball no local data for @commitlint/lint@https://registry.npmjs.org/@commitlint/lint/-/lint-20.0.0.tgz. Extracting by manifest.
4782 silly tarball no local data for typescript@https://registry.npmjs.org/typescript/-/typescript-5.9.3.tgz. Extracting by manifest.
4783 silly tarball no local data for @commitlint/format@https://registry.npmjs.org/@commitlint/format/-/format-20.0.0.tgz. Extracting by manifest.
4784 silly tarball no local data for tailwindcss@https://registry.npmjs.org/tailwindcss/-/tailwindcss-4.1.14.tgz. Extracting by manifest.
4785 silly tarball no local data for lint-staged@https://registry.npmjs.org/lint-staged/-/lint-staged-16.2.4.tgz. Extracting by manifest.
4786 silly tarball no local data for jsdom@https://registry.npmjs.org/jsdom/-/jsdom-27.0.0.tgz. Extracting by manifest.
4787 silly tarball no local data for next@https://registry.npmjs.org/next/-/next-15.5.4.tgz. Extracting by manifest.
4788 silly tarball no local data for husky@https://registry.npmjs.org/husky/-/husky-9.1.7.tgz. Extracting by manifest.
4789 silly tarball no local data for prettier@https://registry.npmjs.org/prettier/-/prettier-3.6.2.tgz. Extracting by manifest.
4790 silly tarball no local data for eslint-plugin-prettier@https://registry.npmjs.org/eslint-plugin-prettier/-/eslint-plugin-prettier-5.5.4.tgz. Extracting by manifest.
4791 silly tarball no local data for @vitejs/plugin-react@https://registry.npmjs.org/@vitejs/plugin-react/-/plugin-react-5.0.4.tgz. Extracting by manifest.
4792 silly tarball no local data for eslint-config-prettier@https://registry.npmjs.org/eslint-config-prettier/-/eslint-config-prettier-10.1.8.tgz. Extracting by manifest.
4793 silly tarball no local data for @types/react-dom@https://registry.npmjs.org/@types/react-dom/-/react-dom-19.2.1.tgz. Extracting by manifest.
4794 silly tarball no local data for eslint@https://registry.npmjs.org/eslint/-/eslint-9.37.0.tgz. Extracting by manifest.
4795 silly tarball no local data for vite@https://registry.npmjs.org/vite/-/vite-7.1.9.tgz. Extracting by manifest.
4796 silly tarball no local data for eslint-config-next@https://registry.npmjs.org/eslint-config-next/-/eslint-config-next-15.5.4.tgz. Extracting by manifest.
4797 silly tarball no local data for @testing-library/user-event@https://registry.npmjs.org/@testing-library/user-event/-/user-event-14.6.1.tgz. Extracting by manifest.
4798 silly tarball no local data for react-dom@https://registry.npmjs.org/react-dom/-/react-dom-19.1.0.tgz. Extracting by manifest.
4799 silly tarball no local data for @types/node@https://registry.npmjs.org/@types/node/-/node-20.19.21.tgz. Extracting by manifest.
4800 silly tarball no local data for @types/react@https://registry.npmjs.org/@types/react/-/react-19.2.2.tgz. Extracting by manifest.
4801 silly tarball no local data for react@https://registry.npmjs.org/react/-/react-19.1.0.tgz. Extracting by manifest.
4802 silly tarball no local data for @tanstack/react-query@https://registry.npmjs.org/@tanstack/react-query/-/react-query-5.90.2.tgz. Extracting by manifest.
4803 silly tarball no local data for @testing-library/dom@https://registry.npmjs.org/@testing-library/dom/-/dom-10.4.1.tgz. Extracting by manifest.
4804 silly tarball no local data for @testing-library/react@https://registry.npmjs.org/@testing-library/react/-/react-16.3.0.tgz. Extracting by manifest.
4805 silly tarball no local data for @tailwindcss/postcss@https://registry.npmjs.org/@tailwindcss/postcss/-/postcss-4.1.14.tgz. Extracting by manifest.
4806 silly tarball no local data for @testing-library/jest-dom@https://registry.npmjs.org/@testing-library/jest-dom/-/jest-dom-6.9.1.tgz. Extracting by manifest.
4807 silly tarball no local data for @eslint/eslintrc@https://registry.npmjs.org/@eslint/eslintrc/-/eslintrc-3.3.1.tgz. Extracting by manifest.
4808 silly tarball no local data for @commitlint/cli@https://registry.npmjs.org/@commitlint/cli/-/cli-20.1.0.tgz. Extracting by manifest.
4809 silly tarball no local data for @commitlint/config-conventional@https://registry.npmjs.org/@commitlint/config-conventional/-/config-conventional-20.0.0.tgz. Extracting by manifest.
4810 silly tarball no local data for wrap-ansi@https://registry.npmjs.org/wrap-ansi/-/wrap-ansi-7.0.0.tgz. Extracting by manifest.
4811 silly tarball no local data for emoji-regex@https://registry.npmjs.org/emoji-regex/-/emoji-regex-8.0.0.tgz. Extracting by manifest.
4812 silly tarball no local data for ansi-styles@https://registry.npmjs.org/ansi-styles/-/ansi-styles-4.3.0.tgz. Extracting by manifest.
4813 silly tarball no local data for strip-ansi@https://registry.npmjs.org/strip-ansi/-/strip-ansi-6.0.1.tgz. Extracting by manifest.
4814 silly tarball no local data for string-width@https://registry.npmjs.org/string-width/-/string-width-4.2.3.tgz. Extracting by manifest.
4815 silly tarball no local data for js-tokens@https://registry.npmjs.org/js-tokens/-/js-tokens-9.0.1.tgz. Extracting by manifest.
4816 silly tarball no local data for is-fullwidth-code-point@https://registry.npmjs.org/is-fullwidth-code-point/-/is-fullwidth-code-point-3.0.0.tgz. Extracting by manifest.
4817 silly tarball no local data for ansi-regex@https://registry.npmjs.org/ansi-regex/-/ansi-regex-6.2.2.tgz. Extracting by manifest.
4818 silly tarball no local data for ansi-styles@https://registry.npmjs.org/ansi-styles/-/ansi-styles-6.2.3.tgz. Extracting by manifest.
4819 silly tarball no local data for lru-cache@https://registry.npmjs.org/lru-cache/-/lru-cache-11.2.2.tgz. Extracting by manifest.
4820 silly tarball no local data for emoji-regex@https://registry.npmjs.org/emoji-regex/-/emoji-regex-10.5.0.tgz. Extracting by manifest.
4821 silly tarball no local data for ansi-styles@https://registry.npmjs.org/ansi-styles/-/ansi-styles-6.2.3.tgz. Extracting by manifest.
4822 silly tarball no local data for string-width@https://registry.npmjs.org/string-width/-/string-width-7.2.0.tgz. Extracting by manifest.
4823 silly tarball no local data for lru-cache@https://registry.npmjs.org/lru-cache/-/lru-cache-11.2.2.tgz. Extracting by manifest.
4824 silly tarball no local data for react-is@https://registry.npmjs.org/react-is/-/react-is-16.13.1.tgz. Extracting by manifest.
4825 silly tarball no local data for json5@https://registry.npmjs.org/json5/-/json5-1.0.2.tgz. Extracting by manifest.
4826 silly tarball no local data for debug@https://registry.npmjs.org/debug/-/debug-3.2.7.tgz. Extracting by manifest.
4827 silly tarball no local data for brace-expansion@https://registry.npmjs.org/brace-expansion/-/brace-expansion-2.0.2.tgz. Extracting by manifest.
4828 silly tarball no local data for glob-parent@https://registry.npmjs.org/glob-parent/-/glob-parent-5.1.2.tgz. Extracting by manifest.
4829 silly tarball no local data for picomatch@https://registry.npmjs.org/picomatch/-/picomatch-4.0.3.tgz. Extracting by manifest.
4830 silly tarball no local data for fdir@https://registry.npmjs.org/fdir/-/fdir-6.5.0.tgz. Extracting by manifest.
4831 silly tarball no local data for glob-parent@https://registry.npmjs.org/glob-parent/-/glob-parent-5.1.2.tgz. Extracting by manifest.
4832 silly tarball no local data for aria-query@https://registry.npmjs.org/aria-query/-/aria-query-5.3.2.tgz. Extracting by manifest.
4833 silly tarball no local data for semver@https://registry.npmjs.org/semver/-/semver-6.3.1.tgz. Extracting by manifest.
4834 silly tarball no local data for minimatch@https://registry.npmjs.org/minimatch/-/minimatch-9.0.5.tgz. Extracting by manifest.
4835 silly tarball no local data for resolve@https://registry.npmjs.org/resolve/-/resolve-2.0.0-next.5.tgz. Extracting by manifest.
4836 silly tarball no local data for semver@https://registry.npmjs.org/semver/-/semver-6.3.1.tgz. Extracting by manifest.
4837 silly tarball no local data for debug@https://registry.npmjs.org/debug/-/debug-3.2.7.tgz. Extracting by manifest.
4838 silly tarball no local data for fast-glob@https://registry.npmjs.org/fast-glob/-/fast-glob-3.3.3.tgz. Extracting by manifest.
4839 silly tarball no local data for ignore@https://registry.npmjs.org/ignore/-/ignore-7.0.5.tgz. Extracting by manifest.
4840 silly tarball no local data for eslint-visitor-keys@https://registry.npmjs.org/eslint-visitor-keys/-/eslint-visitor-keys-3.4.3.tgz. Extracting by manifest.
4841 silly tarball no local data for debug@https://registry.npmjs.org/debug/-/debug-3.2.7.tgz. Extracting by manifest.
4842 silly tarball no local data for semver@https://registry.npmjs.org/semver/-/semver-6.3.1.tgz. Extracting by manifest.
4843 silly tarball no local data for semver@https://registry.npmjs.org/semver/-/semver-6.3.1.tgz. Extracting by manifest.
4844 silly tarball no local data for yallist@https://registry.npmjs.org/yallist/-/yallist-5.0.0.tgz. Extracting by manifest.
4845 silly tarball no local data for strip-ansi@https://registry.npmjs.org/strip-ansi/-/strip-ansi-6.0.1.tgz. Extracting by manifest.
4846 silly tarball no local data for tinyexec@https://registry.npmjs.org/tinyexec/-/tinyexec-0.3.2.tgz. Extracting by manifest.
4847 silly tarball no local data for emoji-regex@https://registry.npmjs.org/emoji-regex/-/emoji-regex-8.0.0.tgz. Extracting by manifest.
4848 silly tarball no local data for resolve-from@https://registry.npmjs.org/resolve-from/-/resolve-from-4.0.0.tgz. Extracting by manifest.
4849 silly tarball no local data for is-fullwidth-code-point@https://registry.npmjs.org/is-fullwidth-code-point/-/is-fullwidth-code-point-3.0.0.tgz. Extracting by manifest.
4850 silly tarball no local data for string-width@https://registry.npmjs.org/string-width/-/string-width-4.2.3.tgz. Extracting by manifest.
4851 silly tarball no local data for picomatch@https://registry.npmjs.org/picomatch/-/picomatch-4.0.3.tgz. Extracting by manifest.
4852 silly tarball no local data for postcss@https://registry.npmjs.org/postcss/-/postcss-8.4.31.tgz. Extracting by manifest.
4853 silly tarball no local data for yocto-queue@https://registry.npmjs.org/yocto-queue/-/yocto-queue-0.1.0.tgz. Extracting by manifest.
4854 silly tarball no local data for p-locate@https://registry.npmjs.org/p-locate/-/p-locate-5.0.0.tgz. Extracting by manifest.
4855 silly tarball no local data for p-limit@https://registry.npmjs.org/p-limit/-/p-limit-3.1.0.tgz. Extracting by manifest.
4856 silly tarball no local data for locate-path@https://registry.npmjs.org/locate-path/-/locate-path-6.0.0.tgz. Extracting by manifest.
4857 silly tarball no local data for ansi-styles@https://registry.npmjs.org/ansi-styles/-/ansi-styles-4.3.0.tgz. Extracting by manifest.
4858 silly tarball no local data for path-exists@https://registry.npmjs.org/path-exists/-/path-exists-4.0.0.tgz. Extracting by manifest.
4859 silly tarball no local data for find-up@https://registry.npmjs.org/find-up/-/find-up-5.0.0.tgz. Extracting by manifest.
4860 silly tarball no local data for json-schema-traverse@https://registry.npmjs.org/json-schema-traverse/-/json-schema-traverse-0.4.1.tgz. Extracting by manifest.
4861 silly tarball no local data for chalk@https://registry.npmjs.org/chalk/-/chalk-4.1.2.tgz. Extracting by manifest.
4862 silly tarball no local data for ajv@https://registry.npmjs.org/ajv/-/ajv-6.12.6.tgz. Extracting by manifest.
4863 silly tarball no local data for picomatch@https://registry.npmjs.org/picomatch/-/picomatch-4.0.3.tgz. Extracting by manifest.
4864 silly tarball no local data for fdir@https://registry.npmjs.org/fdir/-/fdir-6.5.0.tgz. Extracting by manifest.
4865 silly tarball no local data for dom-accessibility-api@https://registry.npmjs.org/dom-accessibility-api/-/dom-accessibility-api-0.6.3.tgz. Extracting by manifest.
4866 silly tarball no local data for json-schema-traverse@https://registry.npmjs.org/json-schema-traverse/-/json-schema-traverse-0.4.1.tgz. Extracting by manifest.
4867 silly tarball no local data for ajv@https://registry.npmjs.org/ajv/-/ajv-6.12.6.tgz. Extracting by manifest.
4868 http fetch POST 200 https://registry.npmjs.org/-/npm/v1/security/advisories/bulk 603ms
4869 silly audit report {}
4870 http fetch GET 200 https://registry.npmjs.org/has-flag/-/has-flag-4.0.0.tgz 490ms (cache miss)
4871 http fetch GET 200 https://registry.npmjs.org/supports-color/-/supports-color-7.2.0.tgz 489ms (cache miss)
4872 http fetch GET 200 https://registry.npmjs.org/get-caller-file/-/get-caller-file-2.0.5.tgz 488ms (cache miss)
4873 http fetch GET 200 https://registry.npmjs.org/color-name/-/color-name-1.1.4.tgz 491ms (cache miss)
4874 http fetch GET 200 https://registry.npmjs.org/y18n/-/y18n-5.0.8.tgz 491ms (cache miss)
4875 http fetch GET 200 https://registry.npmjs.org/require-directory/-/require-directory-2.1.1.tgz 490ms (cache miss)
4876 http fetch GET 200 https://registry.npmjs.org/color-convert/-/color-convert-2.0.1.tgz 539ms (cache miss)
4877 http fetch GET 200 https://registry.npmjs.org/is-finalizationregistry/-/is-finalizationregistry-1.1.1.tgz 599ms (cache miss)
4878 http fetch GET 200 https://registry.npmjs.org/is-map/-/is-map-2.0.3.tgz 601ms (cache miss)
4879 http fetch GET 200 https://registry.npmjs.org/generator-function/-/generator-function-2.0.1.tgz 624ms (cache miss)
4880 http fetch GET 200 https://registry.npmjs.org/async-function/-/async-function-1.0.0.tgz 625ms (cache miss)
4881 http fetch GET 200 https://registry.npmjs.org/is-weakset/-/is-weakset-2.0.4.tgz 625ms (cache miss)
4882 http fetch GET 200 https://registry.npmjs.org/yargs-parser/-/yargs-parser-21.1.1.tgz 704ms (cache miss)
4883 http fetch GET 200 https://registry.npmjs.org/is-number-object/-/is-number-object-1.1.1.tgz 720ms (cache miss)
4884 http fetch GET 200 https://registry.npmjs.org/is-boolean-object/-/is-boolean-object-1.2.2.tgz 1026ms (cache miss)
4885 http fetch GET 200 https://registry.npmjs.org/isexe/-/isexe-2.0.0.tgz 2323ms (cache miss)
4886 http fetch GET 200 https://registry.npmjs.org/punycode/-/punycode-2.3.1.tgz 2323ms (cache miss)
4887 http fetch GET 200 https://registry.npmjs.org/pathval/-/pathval-2.0.1.tgz 2710ms (cache miss)
4888 http fetch GET 200 https://registry.npmjs.org/check-error/-/check-error-2.1.1.tgz 2876ms (cache miss)
4889 http fetch GET 200 https://registry.npmjs.org/loupe/-/loupe-3.2.1.tgz 2876ms (cache miss)
4890 http fetch GET 200 https://registry.npmjs.org/deep-eql/-/deep-eql-5.0.2.tgz 3019ms (cache miss)
4891 http fetch GET 200 https://registry.npmjs.org/which-collection/-/which-collection-1.0.2.tgz 3333ms (cache miss)
4892 http fetch GET 200 https://registry.npmjs.org/strip-literal/-/strip-literal-3.1.0.tgz 3335ms (cache miss)
4893 http fetch GET 200 https://registry.npmjs.org/why-is-node-running/-/why-is-node-running-2.3.0.tgz 3337ms (cache miss)
4894 http fetch GET 200 https://registry.npmjs.org/tinypool/-/tinypool-1.1.1.tgz 3355ms (cache miss)
4895 http fetch GET 200 https://registry.npmjs.org/assertion-error/-/assertion-error-2.0.1.tgz 3738ms (cache miss)
4896 http fetch GET 200 https://registry.npmjs.org/@types/deep-eql/-/deep-eql-4.0.2.tgz 3743ms (cache miss)
4897 http fetch GET 200 https://registry.npmjs.org/tinyrainbow/-/tinyrainbow-2.0.0.tgz 3742ms (cache miss)
4898 http fetch GET 200 https://registry.npmjs.org/@types/chai/-/chai-5.2.2.tgz 3741ms (cache miss)
4899 http fetch GET 200 https://registry.npmjs.org/@vitest/spy/-/spy-3.2.4.tgz 3741ms (cache miss)
4900 http fetch GET 200 https://registry.npmjs.org/is-async-function/-/is-async-function-2.1.1.tgz 3768ms (cache miss)
4901 http fetch GET 200 https://registry.npmjs.org/tinyspy/-/tinyspy-4.0.4.tgz 3811ms (cache miss)
4902 http fetch GET 200 https://registry.npmjs.org/which-builtin-type/-/which-builtin-type-1.2.1.tgz 3807ms (cache miss)
4903 http fetch GET 200 https://registry.npmjs.org/siginfo/-/siginfo-2.0.0.tgz 3891ms (cache miss)
4904 http fetch GET 200 https://registry.npmjs.org/@vitest/pretty-format/-/pretty-format-3.2.4.tgz 3883ms (cache miss)
4905 http fetch GET 200 https://registry.npmjs.org/reflect.getprototypeof/-/reflect.getprototypeof-1.0.10.tgz 3887ms (cache miss)
4906 http fetch GET 200 https://registry.npmjs.org/for-each/-/for-each-0.3.5.tgz 3889ms (cache miss)
4907 http fetch GET 200 https://registry.npmjs.org/fast-json-stable-stringify/-/fast-json-stable-stringify-2.1.0.tgz 3942ms (cache miss)
4908 http fetch GET 200 https://registry.npmjs.org/@types/json5/-/json5-0.0.29.tgz 4054ms (cache miss)
4909 http fetch GET 200 https://registry.npmjs.org/stackback/-/stackback-0.0.2.tgz 4698ms (cache miss)
4910 http fetch GET 200 https://registry.npmjs.org/strip-bom/-/strip-bom-3.0.0.tgz 4714ms (cache miss)
4911 http fetch GET 200 https://registry.npmjs.org/safer-buffer/-/safer-buffer-2.1.2.tgz 4735ms (cache miss)
4912 http fetch GET 200 https://registry.npmjs.org/@vitest/expect/-/expect-3.2.4.tgz 4795ms (cache miss)
4913 http fetch GET 200 https://registry.npmjs.org/is-number/-/is-number-7.0.0.tgz 4906ms (cache miss)
4914 http fetch GET 200 https://registry.npmjs.org/client-only/-/client-only-0.0.1.tgz 5033ms (cache miss)
4915 http fetch GET 200 https://registry.npmjs.org/get-east-asian-width/-/get-east-asian-width-1.4.0.tgz 5033ms (cache miss)
4916 http fetch GET 200 https://registry.npmjs.org/@pkgr/core/-/core-0.2.9.tgz 5033ms (cache miss)
4917 http fetch GET 200 https://registry.npmjs.org/min-indent/-/min-indent-1.0.1.tgz 5037ms (cache miss)
4918 http fetch GET 200 https://registry.npmjs.org/is-bigint/-/is-bigint-1.1.0.tgz 5312ms (cache miss)
4919 http fetch GET 200 https://registry.npmjs.org/es-module-lexer/-/es-module-lexer-1.7.0.tgz 5538ms (cache miss)
4920 http fetch GET 200 https://registry.npmjs.org/side-channel-weakmap/-/side-channel-weakmap-1.0.2.tgz 5701ms (cache miss)
4921 http fetch GET 200 https://registry.npmjs.org/isarray/-/isarray-2.0.5.tgz 5699ms (cache miss)
4922 http fetch GET 200 https://registry.npmjs.org/shebang-regex/-/shebang-regex-3.0.0.tgz 5702ms (cache miss)
4923 http fetch GET 200 https://registry.npmjs.org/is-fullwidth-code-point/-/is-fullwidth-code-point-5.1.0.tgz 5708ms (cache miss)
4924 http fetch GET 200 https://registry.npmjs.org/std-env/-/std-env-3.9.0.tgz 5766ms (cache miss)
4925 http fetch GET 200 https://registry.npmjs.org/cliui/-/cliui-8.0.1.tgz 5898ms (cache miss)
4926 http fetch GET 200 https://registry.npmjs.org/tr46/-/tr46-6.0.0.tgz 5978ms (cache miss)
4927 http fetch GET 200 https://registry.npmjs.org/mimic-function/-/mimic-function-5.0.1.tgz 6209ms (cache miss)
4928 http fetch GET 200 https://registry.npmjs.org/path-parse/-/path-parse-1.0.7.tgz 6208ms (cache miss)
4929 http fetch GET 200 https://registry.npmjs.org/strip-indent/-/strip-indent-3.0.0.tgz 6207ms (cache miss)
4930 http fetch GET 200 https://registry.npmjs.org/indent-string/-/indent-string-4.0.0.tgz 6208ms (cache miss)
4931 http fetch GET 200 https://registry.npmjs.org/supports-preserve-symlinks-flag/-/supports-preserve-symlinks-flag-1.0.0.tgz 6209ms (cache miss)
4932 http fetch GET 200 https://registry.npmjs.org/onetime/-/onetime-7.0.0.tgz 6212ms (cache miss)
4933 http fetch GET 200 https://registry.npmjs.org/object-assign/-/object-assign-4.1.1.tgz 6244ms (cache miss)
4934 http fetch GET 200 https://registry.npmjs.org/esbuild/-/esbuild-0.25.10.tgz 6286ms (cache miss)
4935 http fetch GET 200 https://registry.npmjs.org/queue-microtask/-/queue-microtask-1.2.3.tgz 6291ms (cache miss)
4936 http fetch GET 200 https://registry.npmjs.org/@img/colour/-/colour-1.0.0.tgz 6422ms (cache miss)
4937 http fetch GET 200 https://registry.npmjs.org/is-generator-function/-/is-generator-function-1.1.2.tgz 6551ms (cache miss)
4938 http fetch GET 200 https://registry.npmjs.org/tinybench/-/tinybench-2.9.0.tgz 6995ms (cache miss)
4939 http fetch GET 200 https://registry.npmjs.org/estree-walker/-/estree-walker-3.0.3.tgz 7049ms (cache miss)
4940 http fetch GET 200 https://registry.npmjs.org/fast-diff/-/fast-diff-1.3.0.tgz 7225ms (cache miss)
4941 http fetch GET 200 https://registry.npmjs.org/nanoid/-/nanoid-3.3.11.tgz 7226ms (cache miss)
4942 http fetch GET 200 https://registry.npmjs.org/ansi-regex/-/ansi-regex-5.0.1.tgz 7228ms (cache miss)
4943 http fetch GET 200 https://registry.npmjs.org/is-arrayish/-/is-arrayish-0.2.1.tgz 7227ms (cache miss)
4944 http fetch GET 200 https://registry.npmjs.org/error-ex/-/error-ex-1.3.4.tgz 7235ms (cache miss)
4945 http fetch GET 200 https://registry.npmjs.org/is-weakmap/-/is-weakmap-2.0.2.tgz 7339ms (cache miss)
4946 http fetch GET 200 https://registry.npmjs.org/ansi-styles/-/ansi-styles-5.2.0.tgz 7313ms (cache miss)
4947 http fetch GET 200 https://registry.npmjs.org/escalade/-/escalade-3.2.0.tgz 7388ms (cache miss)
4948 http fetch GET 200 https://registry.npmjs.org/has-bigints/-/has-bigints-1.1.0.tgz 7569ms (cache miss)
4949 http fetch GET 200 https://registry.npmjs.org/loose-envify/-/loose-envify-1.4.0.tgz 7752ms (cache miss)
4950 http fetch GET 200 https://registry.npmjs.org/yocto-queue/-/yocto-queue-1.2.1.tgz 7749ms (cache miss)
4951 http fetch GET 200 https://registry.npmjs.org/callsites/-/callsites-3.1.0.tgz 7928ms (cache miss)
4952 http fetch GET 200 https://registry.npmjs.org/balanced-match/-/balanced-match-1.0.2.tgz 7927ms (cache miss)
4953 http fetch GET 200 https://registry.npmjs.org/lines-and-columns/-/lines-and-columns-1.2.4.tgz 7929ms (cache miss)
4954 http fetch GET 200 https://registry.npmjs.org/fast-levenshtein/-/fast-levenshtein-2.0.6.tgz 7930ms (cache miss)
4955 http fetch GET 200 https://registry.npmjs.org/p-limit/-/p-limit-4.0.0.tgz 7930ms (cache miss)
4956 http fetch GET 200 https://registry.npmjs.org/deep-is/-/deep-is-0.1.4.tgz 7928ms (cache miss)
4957 http fetch GET 200 https://registry.npmjs.org/json-parse-even-better-errors/-/json-parse-even-better-errors-2.3.1.tgz 8069ms (cache miss)
4958 http fetch GET 200 https://registry.npmjs.org/brace-expansion/-/brace-expansion-1.1.12.tgz 8081ms (cache miss)
4959 http fetch GET 200 https://registry.npmjs.org/restore-cursor/-/restore-cursor-5.1.0.tgz 8081ms (cache miss)
4960 http fetch GET 200 https://registry.npmjs.org/strip-ansi/-/strip-ansi-7.1.2.tgz 8081ms (cache miss)
4961 http fetch GET 200 https://registry.npmjs.org/environment/-/environment-1.1.0.tgz 8082ms (cache miss)
4962 http fetch GET 200 https://registry.npmjs.org/braces/-/braces-3.0.3.tgz 8083ms (cache miss)
4963 http fetch GET 200 https://registry.npmjs.org/@next/env/-/env-15.5.4.tgz 8084ms (cache miss)
4964 http fetch GET 200 https://registry.npmjs.org/yallist/-/yallist-3.1.1.tgz 8083ms (cache miss)
4965 http fetch GET 200 https://registry.npmjs.org/concat-map/-/concat-map-0.0.1.tgz 8090ms (cache miss)
4966 http fetch GET 200 https://registry.npmjs.org/which-boxed-primitive/-/which-boxed-primitive-1.1.1.tgz 8338ms (cache miss)
4967 http fetch GET 200 https://registry.npmjs.org/word-wrap/-/word-wrap-1.2.5.tgz 8345ms (cache miss)
4968 http fetch GET 200 https://registry.npmjs.org/fill-range/-/fill-range-7.1.1.tgz 8344ms (cache miss)
4969 http fetch GET 200 https://registry.npmjs.org/to-regex-range/-/to-regex-range-5.0.1.tgz 8346ms (cache miss)
4970 http fetch GET 200 https://registry.npmjs.org/p-locate/-/p-locate-6.0.0.tgz 8412ms (cache miss)
4971 http fetch GET 200 https://registry.npmjs.org/string-width/-/string-width-8.1.0.tgz 8414ms (cache miss)
4972 http fetch GET 200 https://registry.npmjs.org/log-update/-/log-update-6.1.0.tgz 8443ms (cache miss)
4973 http fetch GET 200 https://registry.npmjs.org/slice-ansi/-/slice-ansi-7.1.2.tgz 8445ms (cache miss)
4974 http fetch GET 200 https://registry.npmjs.org/eventemitter3/-/eventemitter3-5.0.1.tgz 8444ms (cache miss)
4975 http fetch GET 200 https://registry.npmjs.org/string-argv/-/string-argv-0.3.2.tgz 8444ms (cache miss)
4976 http fetch GET 200 https://registry.npmjs.org/cli-truncate/-/cli-truncate-5.1.0.tgz 8444ms (cache miss)
4977 http fetch GET 200 https://registry.npmjs.org/@vitest/snapshot/-/snapshot-3.2.4.tgz 8640ms (cache miss)
4978 http fetch GET 200 https://registry.npmjs.org/cli-cursor/-/cli-cursor-5.0.0.tgz 8616ms (cache miss)
4979 http fetch GET 200 https://registry.npmjs.org/colorette/-/colorette-2.0.20.tgz 8829ms (cache miss)
4980 http fetch GET 200 https://registry.npmjs.org/type-check/-/type-check-0.4.0.tgz 8878ms (cache miss)
4981 http fetch GET 200 https://registry.npmjs.org/through/-/through-2.3.8.tgz 8918ms (cache miss)
4982 http fetch GET 200 https://registry.npmjs.org/agent-base/-/agent-base-7.1.4.tgz 8919ms (cache miss)
4983 http fetch GET 200 https://registry.npmjs.org/cac/-/cac-6.7.14.tgz 9033ms (cache miss)
4984 http fetch GET 200 https://registry.npmjs.org/@vitest/runner/-/runner-3.2.4.tgz 9031ms (cache miss)
4985 http fetch GET 200 https://registry.npmjs.org/wrap-ansi/-/wrap-ansi-9.0.2.tgz 9003ms (cache miss)
4986 http fetch GET 200 https://registry.npmjs.org/json-buffer/-/json-buffer-3.0.1.tgz 9117ms (cache miss)
4987 http fetch GET 200 https://registry.npmjs.org/expect-type/-/expect-type-1.2.2.tgz 9304ms (cache miss)
4988 http fetch GET 200 https://registry.npmjs.org/@csstools/css-parser-algorithms/-/css-parser-algorithms-3.0.5.tgz 9275ms (cache miss)
4989 http fetch GET 200 https://registry.npmjs.org/ansi-escapes/-/ansi-escapes-7.1.1.tgz 9358ms (cache miss)
4990 http fetch GET 200 https://registry.npmjs.org/side-channel-map/-/side-channel-map-1.0.1.tgz 9470ms (cache miss)
4991 http fetch GET 200 https://registry.npmjs.org/whatwg-mimetype/-/whatwg-mimetype-4.0.0.tgz 9497ms (cache miss)
4992 http fetch GET 200 https://registry.npmjs.org/react-is/-/react-is-17.0.2.tgz 9518ms (cache miss)
4993 http fetch GET 200 https://registry.npmjs.org/xml-name-validator/-/xml-name-validator-5.0.0.tgz 9503ms (cache miss)
4994 http fetch GET 200 https://registry.npmjs.org/@asamuzakjp/nwsapi/-/nwsapi-2.3.9.tgz 9521ms (cache miss)
4995 http fetch GET 200 https://registry.npmjs.org/pathe/-/pathe-2.0.3.tgz 9562ms (cache miss)
4996 http fetch GET 200 https://registry.npmjs.org/webidl-conversions/-/webidl-conversions-8.0.0.tgz 9526ms (cache miss)
4997 http fetch GET 200 https://registry.npmjs.org/chownr/-/chownr-3.0.0.tgz 9618ms (cache miss)
4998 http fetch GET 200 https://registry.npmjs.org/whatwg-encoding/-/whatwg-encoding-3.1.1.tgz 9603ms (cache miss)
4999 http fetch GET 200 https://registry.npmjs.org/side-channel-list/-/side-channel-list-1.0.0.tgz 9645ms (cache miss)
5000 http fetch GET 200 https://registry.npmjs.org/https-proxy-agent/-/https-proxy-agent-7.0.6.tgz 9640ms (cache miss)
5001 http fetch GET 200 https://registry.npmjs.org/@isaacs/fs-minipass/-/fs-minipass-4.0.1.tgz 9942ms (cache miss)
5002 http fetch GET 200 https://registry.npmjs.org/@csstools/css-syntax-patches-for-csstree/-/css-syntax-patches-for-csstree-1.0.14.tgz 10023ms (cache miss)
5003 http fetch GET 200 https://registry.npmjs.org/rfdc/-/rfdc-1.4.1.tgz 10105ms (cache miss)
5004 http fetch GET 200 https://registry.npmjs.org/w3c-xmlserializer/-/w3c-xmlserializer-5.0.0.tgz 10135ms (cache miss)
5005 http fetch GET 200 https://registry.npmjs.org/@csstools/color-helpers/-/color-helpers-5.1.0.tgz 10173ms (cache miss)
5006 http fetch GET 200 https://registry.npmjs.org/@csstools/css-color-parser/-/css-color-parser-3.1.0.tgz 10225ms (cache miss)
5007 http fetch GET 200 https://registry.npmjs.org/@csstools/css-tokenizer/-/css-tokenizer-3.0.4.tgz 10265ms (cache miss)
5008 http fetch GET 200 https://registry.npmjs.org/html-encoding-sniffer/-/html-encoding-sniffer-4.0.0.tgz 10292ms (cache miss)
5009 http fetch GET 200 https://registry.npmjs.org/prelude-ls/-/prelude-ls-1.2.1.tgz 10302ms (cache miss)
5010 http fetch GET 200 https://registry.npmjs.org/saxes/-/saxes-6.0.0.tgz 10301ms (cache miss)
5011 http fetch GET 200 https://registry.npmjs.org/@vitest/utils/-/utils-3.2.4.tgz 10370ms (cache miss)
5012 http fetch GET 200 https://registry.npmjs.org/listr2/-/listr2-9.0.4.tgz 10349ms (cache miss)
5013 http fetch GET 200 https://registry.npmjs.org/data-urls/-/data-urls-6.0.0.tgz 10341ms (cache miss)
5014 http fetch GET 200 https://registry.npmjs.org/is-potential-custom-element-name/-/is-potential-custom-element-name-1.0.1.tgz 10345ms (cache miss)
5015 http fetch GET 200 https://registry.npmjs.org/minipass/-/minipass-7.1.2.tgz 10373ms (cache miss)
5016 http fetch GET 200 https://registry.npmjs.org/pidtree/-/pidtree-0.6.0.tgz 10357ms (cache miss)
5017 http fetch GET 200 https://registry.npmjs.org/symbol-tree/-/symbol-tree-3.2.4.tgz 10351ms (cache miss)
5018 http fetch GET 200 https://registry.npmjs.org/is-extglob/-/is-extglob-2.1.1.tgz 10410ms (cache miss)
5019 http fetch GET 200 https://registry.npmjs.org/picomatch/-/picomatch-2.3.1.tgz 10471ms (cache miss)
5020 http fetch GET 200 https://registry.npmjs.org/@csstools/css-calc/-/css-calc-2.1.4.tgz 10459ms (cache miss)
5021 http fetch GET 200 https://registry.npmjs.org/@emnapi/wasi-threads/-/wasi-threads-1.1.0.tgz 10498ms (cache miss)
5022 http fetch GET 200 https://registry.npmjs.org/http-proxy-agent/-/http-proxy-agent-7.0.2.tgz 10490ms (cache miss)
5023 http fetch GET 200 https://registry.npmjs.org/nano-spawn/-/nano-spawn-2.0.0.tgz 10556ms (cache miss)
5024 http fetch GET 200 https://registry.npmjs.org/scheduler/-/scheduler-0.26.0.tgz 10578ms (cache miss)
5025 http fetch GET 200 https://registry.npmjs.org/tslib/-/tslib-2.8.1.tgz 10576ms (cache miss)
5026 http fetch GET 200 https://registry.npmjs.org/napi-postinstall/-/napi-postinstall-0.3.4.tgz 10824ms (cache miss)
5027 http fetch GET 200 https://registry.npmjs.org/xmlchars/-/xmlchars-2.2.0.tgz 10885ms (cache miss)
5028 http fetch GET 200 https://registry.npmjs.org/@vitest/mocker/-/mocker-3.2.4.tgz 10905ms (cache miss)
5029 http fetch GET 200 https://registry.npmjs.org/minizlib/-/minizlib-3.1.0.tgz 11051ms (cache miss)
5030 http fetch GET 200 https://registry.npmjs.org/set-function-name/-/set-function-name-2.0.2.tgz 11038ms (cache miss)
5031 http fetch GET 200 https://registry.npmjs.org/commander/-/commander-14.0.1.tgz 11123ms (cache miss)
5032 http fetch GET 200 https://registry.npmjs.org/jsonparse/-/jsonparse-1.3.1.tgz 11124ms (cache miss)
5033 http fetch GET 200 https://registry.npmjs.org/argparse/-/argparse-2.0.1.tgz 11127ms (cache miss)
5034 http fetch GET 200 https://registry.npmjs.org/@emnapi/runtime/-/runtime-1.5.0.tgz 11247ms (cache miss)
5035 http fetch GET 200 https://registry.npmjs.org/decimal.js/-/decimal.js-10.6.0.tgz 11315ms (cache miss)
5036 http fetch GET 200 https://registry.npmjs.org/parent-module/-/parent-module-1.0.1.tgz 11378ms (cache miss)
5037 http fetch GET 200 https://registry.npmjs.org/path-exists/-/path-exists-5.0.0.tgz 11430ms (cache miss)
5038 http fetch GET 200 https://registry.npmjs.org/whatwg-url/-/whatwg-url-15.1.0.tgz 11442ms (cache miss)
5039 http fetch GET 200 https://registry.npmjs.org/ini/-/ini-4.1.1.tgz 11434ms (cache miss)
5040 http fetch GET 200 https://registry.npmjs.org/side-channel/-/side-channel-1.1.0.tgz 11439ms (cache miss)
5041 http fetch GET 200 https://registry.npmjs.org/dargs/-/dargs-8.1.0.tgz 11483ms (cache miss)
5042 http fetch GET 200 https://registry.npmjs.org/functions-have-names/-/functions-have-names-1.2.3.tgz 11482ms (cache miss)
5043 http fetch GET 200 https://registry.npmjs.org/keyv/-/keyv-4.5.4.tgz 11620ms (cache miss)
5044 http fetch GET 200 https://registry.npmjs.org/text-extensions/-/text-extensions-2.4.0.tgz 11625ms (cache miss)
5045 http fetch GET 200 https://registry.npmjs.org/ws/-/ws-8.18.3.tgz 11691ms (cache miss)
5046 http fetch GET 200 https://registry.npmjs.org/bidi-js/-/bidi-js-1.0.3.tgz 11707ms (cache miss)
5047 http fetch GET 200 https://registry.npmjs.org/unicorn-magic/-/unicorn-magic-0.1.0.tgz 11696ms (cache miss)
5048 http fetch GET 200 https://registry.npmjs.org/tough-cookie/-/tough-cookie-6.0.0.tgz 11731ms (cache miss)
5049 http fetch GET 200 https://registry.npmjs.org/signal-exit/-/signal-exit-4.1.0.tgz 11775ms (cache miss)
5050 http fetch GET 200 https://registry.npmjs.org/resolve-pkg-maps/-/resolve-pkg-maps-1.0.0.tgz 11792ms (cache miss)
5051 http fetch GET 200 https://registry.npmjs.org/iconv-lite/-/iconv-lite-0.6.3.tgz 11880ms (cache miss)
5052 http fetch GET 200 https://registry.npmjs.org/@unrs/resolver-binding-win32-x64-msvc/-/resolver-binding-win32-x64-msvc-1.11.1.tgz 11872ms (cache miss)
5053 http fetch GET 200 https://registry.npmjs.org/vite-node/-/vite-node-3.2.4.tgz 11947ms (cache miss)
5054 http fetch GET 200 https://registry.npmjs.org/uri-js/-/uri-js-4.4.1.tgz 12015ms (cache miss)
5055 http fetch GET 200 https://registry.npmjs.org/flatted/-/flatted-3.3.3.tgz 12087ms (cache miss)
5056 http fetch GET 200 https://registry.npmjs.org/dunder-proto/-/dunder-proto-1.0.1.tgz 12102ms (cache miss)
5057 http fetch GET 200 https://registry.npmjs.org/@rollup/rollup-win32-x64-gnu/-/rollup-win32-x64-gnu-4.52.4.tgz 12153ms (cache miss)
5058 http fetch GET 200 https://registry.npmjs.org/@emnapi/core/-/core-1.5.0.tgz 12185ms (cache miss)
5059 http fetch GET 200 https://registry.npmjs.org/rrweb-cssom/-/rrweb-cssom-0.8.0.tgz 12300ms (cache miss)
5060 http fetch GET 200 https://registry.npmjs.org/styled-jsx/-/styled-jsx-5.1.6.tgz 12340ms (cache miss)
5061 http fetch GET 200 https://registry.npmjs.org/mdn-data/-/mdn-data-2.12.2.tgz 12371ms (cache miss)
5062 http fetch GET 200 https://registry.npmjs.org/@asamuzakjp/dom-selector/-/dom-selector-6.6.2.tgz 12387ms (cache miss)
5063 http fetch GET 200 https://registry.npmjs.org/reusify/-/reusify-1.1.0.tgz 12414ms (cache miss)
5064 http fetch GET 200 https://registry.npmjs.org/run-parallel/-/run-parallel-1.2.0.tgz 12415ms (cache miss)
5065 http fetch GET 200 https://registry.npmjs.org/locate-path/-/locate-path-7.2.0.tgz 12424ms (cache miss)
5066 http fetch GET 200 https://registry.npmjs.org/fastq/-/fastq-1.19.1.tgz 12456ms (cache miss)
5067 http fetch GET 200 https://registry.npmjs.org/merge2/-/merge2-1.4.1.tgz 12457ms (cache miss)
5068 http fetch GET 200 https://registry.npmjs.org/@nodelib/fs.stat/-/fs.stat-2.0.5.tgz 12472ms (cache miss)
5069 http fetch GET 200 https://registry.npmjs.org/@nodelib/fs.walk/-/fs.walk-1.2.8.tgz 12472ms (cache miss)
5070 http fetch GET 200 https://registry.npmjs.org/micromatch/-/micromatch-4.0.8.tgz 12474ms (cache miss)
5071 http fetch GET 200 https://registry.npmjs.org/@nodelib/fs.scandir/-/fs.scandir-2.1.5.tgz 12514ms (cache miss)
5072 http fetch GET 200 https://registry.npmjs.org/language-subtag-registry/-/language-subtag-registry-0.3.23.tgz 12551ms (cache miss)
5073 http fetch GET 200 https://registry.npmjs.org/chai/-/chai-5.3.3.tgz 12622ms (cache miss)
5074 http fetch GET 200 https://registry.npmjs.org/acorn-jsx/-/acorn-jsx-5.3.2.tgz 12711ms (cache miss)
5075 http fetch GET 200 https://registry.npmjs.org/sharp/-/sharp-0.34.4.tgz 12782ms (cache miss)
5076 http fetch GET 200 https://registry.npmjs.org/flat-cache/-/flat-cache-4.0.1.tgz 12790ms (cache miss)
5077 http fetch GET 200 https://registry.npmjs.org/string.prototype.repeat/-/string.prototype.repeat-1.0.0.tgz 12843ms (cache miss)
5078 http fetch GET 200 https://registry.npmjs.org/iterator.prototype/-/iterator.prototype-1.1.5.tgz 12888ms (cache miss)
5079 http fetch GET 200 https://registry.npmjs.org/esrecurse/-/esrecurse-4.3.0.tgz 12889ms (cache miss)
5080 http fetch GET 200 https://registry.npmjs.org/array.prototype.tosorted/-/array.prototype.tosorted-1.1.4.tgz 12888ms (cache miss)
5081 http fetch GET 200 https://registry.npmjs.org/estraverse/-/estraverse-5.3.0.tgz 12891ms (cache miss)
5082 http fetch GET 200 https://registry.npmjs.org/object.entries/-/object.entries-1.1.9.tgz 13300ms (cache miss)
5083 http fetch GET 200 https://registry.npmjs.org/@tybys/wasm-util/-/wasm-util-0.10.1.tgz 13554ms (cache miss)
5084 http fetch GET 200 https://registry.npmjs.org/string.prototype.includes/-/string.prototype.includes-2.0.1.tgz 13939ms (cache miss)
5085 http fetch GET 200 https://registry.npmjs.org/damerau-levenshtein/-/damerau-levenshtein-1.0.8.tgz 13940ms (cache miss)
5086 http fetch GET 200 https://registry.npmjs.org/string.prototype.matchall/-/string.prototype.matchall-4.0.12.tgz 13951ms (cache miss)
5087 http fetch GET 200 https://registry.npmjs.org/is-symbol/-/is-symbol-1.1.1.tgz 14035ms (cache miss)
5088 http fetch GET 200 https://registry.npmjs.org/language-tags/-/language-tags-1.0.9.tgz 14076ms (cache miss)
5089 http fetch GET 200 https://registry.npmjs.org/possible-typed-array-names/-/possible-typed-array-names-1.1.0.tgz 14156ms (cache miss)
5090 http fetch GET 200 https://registry.npmjs.org/is-date-object/-/is-date-object-1.1.0.tgz 14237ms (cache miss)
5091 http fetch GET 200 https://registry.npmjs.org/has-tostringtag/-/has-tostringtag-1.0.2.tgz 14287ms (cache miss)
5092 http fetch GET 200 https://registry.npmjs.org/typed-array-length/-/typed-array-length-1.0.7.tgz 14475ms (cache miss)
5093 http fetch GET 200 https://registry.npmjs.org/typed-array-byte-length/-/typed-array-byte-length-1.0.3.tgz 14484ms (cache miss)
5094 http fetch GET 200 https://registry.npmjs.org/ast-types-flow/-/ast-types-flow-0.0.8.tgz 14488ms (cache miss)
5095 http fetch GET 200 https://registry.npmjs.org/string.prototype.trim/-/string.prototype.trim-1.2.10.tgz 14791ms (cache miss)
5096 http fetch GET 200 https://registry.npmjs.org/typed-array-buffer/-/typed-array-buffer-1.0.3.tgz 14793ms (cache miss)
5097 http fetch GET 200 https://registry.npmjs.org/own-keys/-/own-keys-1.0.1.tgz 14792ms (cache miss)
5098 http fetch GET 200 https://registry.npmjs.org/safe-regex-test/-/safe-regex-test-1.1.0.tgz 14794ms (cache miss)
5099 http fetch GET 200 https://registry.npmjs.org/safe-push-apply/-/safe-push-apply-1.0.0.tgz 14913ms (cache miss)
5100 http fetch GET 200 https://registry.npmjs.org/string.prototype.trimstart/-/string.prototype.trimstart-1.0.8.tgz 15018ms (cache miss)
5101 http fetch GET 200 https://registry.npmjs.org/is-array-buffer/-/is-array-buffer-3.0.5.tgz 15015ms (cache miss)
5102 http fetch GET 200 https://registry.npmjs.org/has-symbols/-/has-symbols-1.1.0.tgz 15016ms (cache miss)
5103 http fetch GET 200 https://registry.npmjs.org/is-negative-zero/-/is-negative-zero-2.0.3.tgz 15018ms (cache miss)
5104 http fetch GET 200 https://registry.npmjs.org/is-callable/-/is-callable-1.2.7.tgz 15046ms (cache miss)
5105 http fetch GET 200 https://registry.npmjs.org/get-symbol-description/-/get-symbol-description-1.1.0.tgz 15355ms (cache miss)
5106 http fetch GET 200 https://registry.npmjs.org/get-proto/-/get-proto-1.0.1.tgz 15354ms (cache miss)
5107 http fetch GET 200 https://registry.npmjs.org/internal-slot/-/internal-slot-1.1.0.tgz 15356ms (cache miss)
5108 http fetch GET 200 https://registry.npmjs.org/es-set-tostringtag/-/es-set-tostringtag-2.1.0.tgz 15389ms (cache miss)
5109 http fetch GET 200 https://registry.npmjs.org/has-property-descriptors/-/has-property-descriptors-1.0.2.tgz 15388ms (cache miss)
5110 http fetch GET 200 https://registry.npmjs.org/data-view-buffer/-/data-view-buffer-1.0.2.tgz 15390ms (cache miss)
5111 http fetch GET 200 https://registry.npmjs.org/es-to-primitive/-/es-to-primitive-1.3.0.tgz 15399ms (cache miss)
5112 http fetch GET 200 https://registry.npmjs.org/array-buffer-byte-length/-/array-buffer-byte-length-1.0.2.tgz 15409ms (cache miss)
5113 http fetch GET 200 https://registry.npmjs.org/gopd/-/gopd-1.2.0.tgz 15410ms (cache miss)
5114 http fetch GET 200 https://registry.npmjs.org/function-bind/-/function-bind-1.1.2.tgz 15412ms (cache miss)
5115 http fetch GET 200 https://registry.npmjs.org/es-errors/-/es-errors-1.3.0.tgz 15504ms (cache miss)
5116 http fetch GET 200 https://registry.npmjs.org/math-intrinsics/-/math-intrinsics-1.1.0.tgz 15504ms (cache miss)
5117 http fetch GET 200 https://registry.npmjs.org/@rollup/rollup-win32-x64-msvc/-/rollup-win32-x64-msvc-4.52.4.tgz 15593ms (cache miss)
5118 http fetch GET 200 https://registry.npmjs.org/call-bound/-/call-bound-1.0.4.tgz 15615ms (cache miss)
5119 http fetch GET 200 https://registry.npmjs.org/string.prototype.trimend/-/string.prototype.trimend-1.0.9.tgz 15681ms (cache miss)
5120 http fetch GET 200 https://registry.npmjs.org/prop-types/-/prop-types-15.8.1.tgz 15856ms (cache miss)
5121 http fetch GET 200 https://registry.npmjs.org/array.prototype.flat/-/array.prototype.flat-1.3.3.tgz 15845ms (cache miss)
5122 http fetch GET 200 https://registry.npmjs.org/stable-hash/-/stable-hash-0.0.5.tgz 15899ms (cache miss)
5123 http fetch GET 200 https://registry.npmjs.org/@nolyfill/is-core-module/-/is-core-module-1.0.39.tgz 15900ms (cache miss)
5124 http fetch GET 200 https://registry.npmjs.org/is-bun-module/-/is-bun-module-2.0.0.tgz 15901ms (cache miss)
5125 http fetch GET 200 https://registry.npmjs.org/@rtsao/scc/-/scc-1.1.0.tgz 15922ms (cache miss)
5126 http fetch GET 200 https://registry.npmjs.org/@typescript-eslint/tsconfig-utils/-/tsconfig-utils-8.46.0.tgz 15949ms (cache miss)
5127 http fetch GET 200 https://registry.npmjs.org/prettier-linter-helpers/-/prettier-linter-helpers-1.0.0.tgz 15997ms (cache miss)
5128 http fetch GET 200 https://registry.npmjs.org/unrs-resolver/-/unrs-resolver-1.11.1.tgz 15984ms (cache miss)
5129 http fetch GET 200 https://registry.npmjs.org/typed-array-byte-offset/-/typed-array-byte-offset-1.0.4.tgz 16041ms (cache miss)
5130 http fetch GET 200 https://registry.npmjs.org/which-typed-array/-/which-typed-array-1.1.19.tgz 16053ms (cache miss)
5131 http fetch GET 200 https://registry.npmjs.org/acorn/-/acorn-8.15.0.tgz 16061ms (cache miss)
5132 http fetch GET 200 https://registry.npmjs.org/safe-array-concat/-/safe-array-concat-1.1.3.tgz 16062ms (cache miss)
5133 http fetch GET 200 https://registry.npmjs.org/stop-iteration-iterator/-/stop-iteration-iterator-1.1.0.tgz 16089ms (cache miss)
5134 http fetch GET 200 https://registry.npmjs.org/unbox-primitive/-/unbox-primitive-1.1.0.tgz 16091ms (cache miss)
5135 http fetch GET 200 https://registry.npmjs.org/is-weakref/-/is-weakref-1.1.1.tgz 16090ms (cache miss)
5136 http fetch GET 200 https://registry.npmjs.org/is-shared-array-buffer/-/is-shared-array-buffer-1.0.4.tgz 16096ms (cache miss)
5137 http fetch GET 200 https://registry.npmjs.org/is-regex/-/is-regex-1.2.1.tgz 16097ms (cache miss)
5138 http fetch GET 200 https://registry.npmjs.org/tinyglobby/-/tinyglobby-0.2.15.tgz 16087ms (cache miss)
5139 http fetch GET 200 https://registry.npmjs.org/define-properties/-/define-properties-1.2.1.tgz 16096ms (cache miss)
5140 http fetch GET 200 https://registry.npmjs.org/get-intrinsic/-/get-intrinsic-1.3.0.tgz 16106ms (cache miss)
5141 http fetch GET 200 https://registry.npmjs.org/is-data-view/-/is-data-view-1.0.2.tgz 16136ms (cache miss)
5142 http fetch GET 200 https://registry.npmjs.org/is-typed-array/-/is-typed-array-1.1.15.tgz 16138ms (cache miss)
5143 http fetch GET 200 https://registry.npmjs.org/emoji-regex/-/emoji-regex-9.2.2.tgz 16213ms (cache miss)
5144 http fetch GET 200 https://registry.npmjs.org/data-view-byte-length/-/data-view-byte-length-1.0.2.tgz 16203ms (cache miss)
5145 http fetch GET 200 https://registry.npmjs.org/@typescript-eslint/project-service/-/project-service-8.46.0.tgz 16210ms (cache miss)
5146 http fetch GET 200 https://registry.npmjs.org/array.prototype.findlast/-/array.prototype.findlast-1.2.5.tgz 16278ms (cache miss)
5147 http fetch GET 200 https://registry.npmjs.org/data-view-byte-offset/-/data-view-byte-offset-1.0.1.tgz 16268ms (cache miss)
5148 http fetch GET 200 https://registry.npmjs.org/available-typed-arrays/-/available-typed-arrays-1.0.7.tgz 16299ms (cache miss)
5149 http fetch GET 200 https://registry.npmjs.org/object-keys/-/object-keys-1.1.1.tgz 16303ms (cache miss)
5150 http fetch GET 200 https://registry.npmjs.org/es-define-property/-/es-define-property-1.0.1.tgz 16303ms (cache miss)
5151 http fetch GET 200 https://registry.npmjs.org/hasown/-/hasown-2.0.2.tgz 16298ms (cache miss)
5152 http fetch GET 200 https://registry.npmjs.org/is-set/-/is-set-2.0.3.tgz 16314ms (cache miss)
5153 http fetch GET 200 https://registry.npmjs.org/define-data-property/-/define-data-property-1.1.4.tgz 16310ms (cache miss)
5154 http fetch GET 200 https://registry.npmjs.org/is-string/-/is-string-1.1.1.tgz 16367ms (cache miss)
5155 http fetch GET 200 https://registry.npmjs.org/is-core-module/-/is-core-module-2.16.1.tgz 16363ms (cache miss)
5156 http fetch GET 200 https://registry.npmjs.org/doctrine/-/doctrine-2.1.0.tgz 16367ms (cache miss)
5157 http fetch GET 200 https://registry.npmjs.org/get-tsconfig/-/get-tsconfig-4.12.0.tgz 16366ms (cache miss)
5158 http fetch GET 200 https://registry.npmjs.org/set-function-length/-/set-function-length-1.2.2.tgz 16383ms (cache miss)
5159 http fetch GET 200 https://registry.npmjs.org/es-shim-unscopables/-/es-shim-unscopables-1.1.0.tgz 16389ms (cache miss)
5160 http fetch GET 200 https://registry.npmjs.org/set-proto/-/set-proto-1.0.0.tgz 16439ms (cache miss)
5161 http fetch GET 200 https://registry.npmjs.org/call-bind/-/call-bind-1.0.8.tgz 16446ms (cache miss)
5162 http fetch GET 200 https://registry.npmjs.org/has-proto/-/has-proto-1.2.0.tgz 16528ms (cache miss)
5163 http fetch GET 200 https://registry.npmjs.org/globalthis/-/globalthis-1.0.4.tgz 16529ms (cache miss)
5164 http fetch GET 200 https://registry.npmjs.org/@typescript-eslint/visitor-keys/-/visitor-keys-8.46.0.tgz 16526ms (cache miss)
5165 http fetch GET 200 https://registry.npmjs.org/synckit/-/synckit-0.11.11.tgz 16557ms (cache miss)
5166 http fetch GET 200 https://registry.npmjs.org/arraybuffer.prototype.slice/-/arraybuffer.prototype.slice-1.0.4.tgz 16545ms (cache miss)
5167 http fetch GET 200 https://registry.npmjs.org/regexp.prototype.flags/-/regexp.prototype.flags-1.5.4.tgz 16560ms (cache miss)
5168 http fetch GET 200 https://registry.npmjs.org/es-object-atoms/-/es-object-atoms-1.1.1.tgz 16564ms (cache miss)
5169 http fetch GET 200 https://registry.npmjs.org/object.fromentries/-/object.fromentries-2.0.8.tgz 16562ms (cache miss)
5170 http fetch GET 200 https://registry.npmjs.org/ts-api-utils/-/ts-api-utils-2.1.0.tgz 16771ms (cache miss)
5171 http fetch GET 200 https://registry.npmjs.org/object.groupby/-/object.groupby-1.0.3.tgz 16781ms (cache miss)
5172 http fetch GET 200 https://registry.npmjs.org/object.values/-/object.values-1.2.1.tgz 16787ms (cache miss)
5173 http fetch GET 200 https://registry.npmjs.org/array.prototype.findlastindex/-/array.prototype.findlastindex-1.2.6.tgz 16784ms (cache miss)
5174 http fetch GET 200 https://registry.npmjs.org/array-includes/-/array-includes-3.1.9.tgz 16811ms (cache miss)
5175 http fetch GET 200 https://registry.npmjs.org/array.prototype.flatmap/-/array.prototype.flatmap-1.3.3.tgz 16818ms (cache miss)
5176 http fetch GET 200 https://registry.npmjs.org/function.prototype.name/-/function.prototype.name-1.1.8.tgz 16832ms (cache miss)
5177 http fetch GET 200 https://registry.npmjs.org/object.assign/-/object.assign-4.1.7.tgz 16863ms (cache miss)
5178 http fetch GET 200 https://registry.npmjs.org/@typescript-eslint/types/-/types-8.46.0.tgz 16909ms (cache miss)
5179 http fetch GET 200 https://registry.npmjs.org/call-bind-apply-helpers/-/call-bind-apply-helpers-1.0.2.tgz 16928ms (cache miss)
5180 http fetch GET 200 https://registry.npmjs.org/tldts-core/-/tldts-core-7.0.17.tgz 17370ms (cache miss)
5181 http fetch GET 200 https://registry.npmjs.org/rollup/-/rollup-4.52.4.tgz 17408ms (cache miss)
5182 http fetch GET 200 https://registry.npmjs.org/tldts/-/tldts-7.0.17.tgz 17440ms (cache miss)
5183 http fetch GET 200 https://registry.npmjs.org/@typescript-eslint/parser/-/parser-8.46.0.tgz 17373ms (cache miss)
5184 http fetch GET 200 https://registry.npmjs.org/graphemer/-/graphemer-1.4.0.tgz 17517ms (cache miss)
5185 http fetch GET 200 https://registry.npmjs.org/object-inspect/-/object-inspect-1.13.4.tgz 17537ms (cache miss)
5186 http fetch GET 200 https://registry.npmjs.org/eslint-module-utils/-/eslint-module-utils-2.12.1.tgz 17571ms (cache miss)
5187 http fetch GET 200 https://registry.npmjs.org/eslint-import-resolver-node/-/eslint-import-resolver-node-0.3.9.tgz 17602ms (cache miss)
5188 http fetch GET 200 https://registry.npmjs.org/eslint-plugin-react-hooks/-/eslint-plugin-react-hooks-5.2.0.tgz 17612ms (cache miss)
5189 http fetch GET 200 https://registry.npmjs.org/parse5/-/parse5-7.3.0.tgz 17815ms (cache miss)
5190 http fetch GET 200 https://registry.npmjs.org/entities/-/entities-6.0.1.tgz 17900ms (cache miss)
5191 http fetch GET 200 https://registry.npmjs.org/@asamuzakjp/css-color/-/css-color-4.0.5.tgz 18021ms (cache miss)
5192 http fetch GET 200 https://registry.npmjs.org/cssstyle/-/cssstyle-5.3.1.tgz 18134ms (cache miss)
5193 http fetch GET 200 https://registry.npmjs.org/@napi-rs/wasm-runtime/-/wasm-runtime-0.2.12.tgz 18281ms (cache miss)
5194 http fetch GET 200 https://registry.npmjs.org/axe-core/-/axe-core-4.11.0.tgz 18310ms (cache miss)
5195 http fetch GET 200 https://registry.npmjs.org/@typescript-eslint/type-utils/-/type-utils-8.46.0.tgz 18298ms (cache miss)
5196 http fetch GET 200 https://registry.npmjs.org/tsconfig-paths/-/tsconfig-paths-3.15.0.tgz 18415ms (cache miss)
5197 http fetch GET 200 https://registry.npmjs.org/fast-glob/-/fast-glob-3.3.1.tgz 18422ms (cache miss)
5198 http fetch GET 200 https://registry.npmjs.org/@typescript-eslint/typescript-estree/-/typescript-estree-8.46.0.tgz 18597ms (cache miss)
5199 http fetch GET 200 https://registry.npmjs.org/jsx-ast-utils/-/jsx-ast-utils-3.3.5.tgz 18694ms (cache miss)
5200 http fetch GET 200 https://registry.npmjs.org/lightningcss-win32-x64-msvc/-/lightningcss-win32-x64-msvc-1.30.1.tgz 18719ms (cache miss)
5201 http fetch GET 200 https://registry.npmjs.org/@typescript-eslint/utils/-/utils-8.46.0.tgz 18774ms (cache miss)
5202 http fetch GET 200 https://registry.npmjs.org/resolve/-/resolve-1.22.10.tgz 18880ms (cache miss)
5203 http fetch GET 200 https://registry.npmjs.org/axobject-query/-/axobject-query-4.1.0.tgz 18947ms (cache miss)
5204 http fetch GET 200 https://registry.npmjs.org/es-iterator-helpers/-/es-iterator-helpers-1.2.1.tgz 19075ms (cache miss)
5205 http fetch GET 200 https://registry.npmjs.org/@esbuild/win32-x64/-/win32-x64-0.25.10.tgz 19128ms (cache miss)
5206 http fetch GET 200 https://registry.npmjs.org/levn/-/levn-0.4.1.tgz 19057ms (cache miss)
5207 http fetch GET 200 https://registry.npmjs.org/which/-/which-2.0.2.tgz 19060ms (cache miss)
5208 http fetch GET 200 https://registry.npmjs.org/eslint-import-resolver-typescript/-/eslint-import-resolver-typescript-3.10.1.tgz 19123ms (cache miss)
5209 http fetch GET 200 https://registry.npmjs.org/shebang-command/-/shebang-command-2.0.0.tgz 19324ms (cache miss)
5210 http fetch GET 200 https://registry.npmjs.org/natural-compare/-/natural-compare-1.4.0.tgz 19751ms (cache miss)
5211 http fetch GET 200 https://registry.npmjs.org/path-key/-/path-key-3.1.1.tgz 19754ms (cache miss)
5212 http fetch GET 200 https://registry.npmjs.org/@next/eslint-plugin-next/-/eslint-plugin-next-15.5.4.tgz 19784ms (cache miss)
5213 http fetch GET 200 https://registry.npmjs.org/@eslint/object-schema/-/object-schema-2.1.6.tgz 19817ms (cache miss)
5214 http fetch GET 200 https://registry.npmjs.org/yaml/-/yaml-2.8.1.tgz 20033ms (cache miss)
5215 http fetch GET 200 https://registry.npmjs.org/optionator/-/optionator-0.9.4.tgz 21004ms (cache miss)
5216 http fetch GET 200 https://registry.npmjs.org/@img/sharp-win32-x64/-/sharp-win32-x64-0.34.4.tgz 21332ms (cache miss)
5217 http fetch GET 200 https://registry.npmjs.org/eslint-plugin-jsx-a11y/-/eslint-plugin-jsx-a11y-6.10.2.tgz 21291ms (cache miss)
5218 http fetch GET 200 https://registry.npmjs.org/css-tree/-/css-tree-3.1.0.tgz 21439ms (cache miss)
5219 http fetch GET 200 https://registry.npmjs.org/@rushstack/eslint-patch/-/eslint-patch-1.13.0.tgz 21523ms (cache miss)
5220 http fetch GET 200 https://registry.npmjs.org/@typescript-eslint/scope-manager/-/scope-manager-8.46.0.tgz 21818ms (cache miss)
5221 http fetch GET 200 https://registry.npmjs.org/imurmurhash/-/imurmurhash-0.1.4.tgz 22027ms (cache miss)
5222 http fetch GET 200 https://registry.npmjs.org/json-stable-stringify-without-jsonify/-/json-stable-stringify-without-jsonify-1.0.1.tgz 22036ms (cache miss)
5223 http fetch GET 200 https://registry.npmjs.org/glob-parent/-/glob-parent-6.0.2.tgz 22035ms (cache miss)
5224 http fetch GET 200 https://registry.npmjs.org/esutils/-/esutils-2.0.3.tgz 22056ms (cache miss)
5225 http fetch GET 200 https://registry.npmjs.org/is-glob/-/is-glob-4.0.3.tgz 22056ms (cache miss)
5226 http fetch GET 200 https://registry.npmjs.org/file-entry-cache/-/file-entry-cache-8.0.0.tgz 22058ms (cache miss)
5227 http fetch GET 200 https://registry.npmjs.org/eslint-visitor-keys/-/eslint-visitor-keys-4.2.1.tgz 22059ms (cache miss)
5228 http fetch GET 200 https://registry.npmjs.org/escape-string-regexp/-/escape-string-regexp-4.0.0.tgz 22062ms (cache miss)
5229 http fetch GET 200 https://registry.npmjs.org/@types/json-schema/-/json-schema-7.0.15.tgz 22191ms (cache miss)
5230 http fetch GET 200 https://registry.npmjs.org/eslint-scope/-/eslint-scope-8.4.0.tgz 22194ms (cache miss)
5231 http fetch GET 200 https://registry.npmjs.org/@swc/helpers/-/helpers-0.5.15.tgz 22523ms (cache miss)
5232 http fetch GET 200 https://registry.npmjs.org/esquery/-/esquery-1.6.0.tgz 22600ms (cache miss)
5233 http fetch GET 200 https://registry.npmjs.org/eslint-plugin-import/-/eslint-plugin-import-2.32.0.tgz 22826ms (cache miss)
5234 http fetch GET 200 https://registry.npmjs.org/eslint-plugin-react/-/eslint-plugin-react-7.37.5.tgz 22889ms (cache miss)
5235 http fetch GET 200 https://registry.npmjs.org/@humanfs/core/-/core-0.19.1.tgz 23044ms (cache miss)
5236 http fetch GET 200 https://registry.npmjs.org/@typescript-eslint/eslint-plugin/-/eslint-plugin-8.46.0.tgz 23444ms (cache miss)
5237 http fetch GET 200 https://registry.npmjs.org/es-abstract/-/es-abstract-1.24.0.tgz 25903ms (cache miss)
5238 http fetch GET 200 https://registry.npmjs.org/@types/estree/-/estree-1.0.8.tgz 26673ms (cache miss)
5239 http fetch GET 200 https://registry.npmjs.org/@humanwhocodes/module-importer/-/module-importer-1.0.1.tgz 26775ms (cache miss)
5240 http fetch GET 200 https://registry.npmjs.org/cross-spawn/-/cross-spawn-7.0.6.tgz 26827ms (cache miss)
5241 http fetch GET 200 https://registry.npmjs.org/is-obj/-/is-obj-2.0.0.tgz 26876ms (cache miss)
5242 http fetch GET 200 https://registry.npmjs.org/@eslint/js/-/js-9.37.0.tgz 26910ms (cache miss)
5243 http fetch GET 200 https://registry.npmjs.org/@humanfs/node/-/node-0.16.7.tgz 26994ms (cache miss)
5244 http fetch GET 200 https://registry.npmjs.org/@humanwhocodes/retry/-/retry-0.4.3.tgz 27013ms (cache miss)
5245 http fetch GET 200 https://registry.npmjs.org/@eslint/plugin-kit/-/plugin-kit-0.4.0.tgz 27113ms (cache miss)
5246 http fetch GET 200 https://registry.npmjs.org/@eslint/config-helpers/-/config-helpers-0.4.0.tgz 27162ms (cache miss)
5247 http fetch GET 200 https://registry.npmjs.org/@eslint/core/-/core-0.16.0.tgz 27193ms (cache miss)
5248 http fetch GET 200 https://registry.npmjs.org/graceful-fs/-/graceful-fs-4.2.11.tgz 27313ms (cache miss)
5249 http fetch GET 200 https://registry.npmjs.org/parse-json/-/parse-json-5.2.0.tgz 27585ms (cache miss)
5250 http fetch GET 200 https://registry.npmjs.org/ms/-/ms-2.1.3.tgz 27586ms (cache miss)
5251 http fetch GET 200 https://registry.npmjs.org/@eslint/config-array/-/config-array-0.21.0.tgz 27595ms (cache miss)
5252 http fetch GET 200 https://registry.npmjs.org/@eslint-community/regexpp/-/regexpp-4.12.1.tgz 27607ms (cache miss)
5253 http fetch GET 200 https://registry.npmjs.org/@eslint-community/eslint-utils/-/eslint-utils-4.9.0.tgz 27611ms (cache miss)
5254 http fetch GET 200 https://registry.npmjs.org/env-paths/-/env-paths-2.2.1.tgz 27694ms (cache miss)
5255 http fetch GET 200 https://registry.npmjs.org/split2/-/split2-4.2.0.tgz 27742ms (cache miss)
5256 http fetch GET 200 https://registry.npmjs.org/meow/-/meow-12.1.1.tgz 27778ms (cache miss)
5257 http fetch GET 200 https://registry.npmjs.org/is-text-path/-/is-text-path-2.0.0.tgz 27843ms (cache miss)
5258 http fetch GET 200 https://registry.npmjs.org/JSONStream/-/JSONStream-1.3.5.tgz 27866ms (cache miss)
5259 http fetch GET 200 https://registry.npmjs.org/dot-prop/-/dot-prop-5.3.0.tgz 27931ms (cache miss)
5260 http fetch GET 200 https://registry.npmjs.org/array-ify/-/array-ify-1.0.0.tgz 28064ms (cache miss)
5261 http fetch GET 200 https://registry.npmjs.org/compare-func/-/compare-func-2.0.0.tgz 28320ms (cache miss)
5262 http fetch GET 200 https://registry.npmjs.org/update-browserslist-db/-/update-browserslist-db-1.1.3.tgz 29614ms (cache miss)
5263 http fetch GET 200 https://registry.npmjs.org/node-releases/-/node-releases-2.0.23.tgz 29658ms (cache miss)
5264 http fetch GET 200 https://registry.npmjs.org/dequal/-/dequal-2.0.3.tgz 29842ms (cache miss)
5265 http fetch GET 200 https://registry.npmjs.org/electron-to-chromium/-/electron-to-chromium-1.5.234.tgz 29911ms (cache miss)
5266 http fetch GET 200 https://registry.npmjs.org/require-from-string/-/require-from-string-2.0.2.tgz 29920ms (cache miss)
5267 http fetch GET 200 https://registry.npmjs.org/@types/babel__traverse/-/babel__traverse-7.28.0.tgz 29967ms (cache miss)
5268 http fetch GET 200 https://registry.npmjs.org/baseline-browser-mapping/-/baseline-browser-mapping-2.8.16.tgz 30012ms (cache miss)
5269 http fetch GET 200 https://registry.npmjs.org/fast-deep-equal/-/fast-deep-equal-3.1.3.tgz 30027ms (cache miss)
5270 http fetch GET 200 https://registry.npmjs.org/fast-uri/-/fast-uri-3.1.0.tgz 30169ms (cache miss)
5271 http fetch GET 200 https://registry.npmjs.org/@types/babel__generator/-/babel__generator-7.27.0.tgz 30188ms (cache miss)
5272 http fetch GET 200 https://registry.npmjs.org/@types/babel__template/-/babel__template-7.4.4.tgz 30646ms (cache miss)
5273 http fetch GET 200 https://registry.npmjs.org/json-schema-traverse/-/json-schema-traverse-1.0.0.tgz 30979ms (cache miss)
5274 http fetch GET 200 https://registry.npmjs.org/tapable/-/tapable-2.3.0.tgz 31142ms (cache miss)
5275 http fetch GET 200 https://registry.npmjs.org/@babel/helper-string-parser/-/helper-string-parser-7.27.1.tgz 31674ms (cache miss)
5276 http fetch GET 200 https://registry.npmjs.org/@babel/helper-globals/-/helper-globals-7.28.0.tgz 31688ms (cache miss)
5277 http fetch GET 200 https://registry.npmjs.org/lru-cache/-/lru-cache-5.1.1.tgz 31770ms (cache miss)
5278 http fetch GET 200 https://registry.npmjs.org/@babel/helper-validator-option/-/helper-validator-option-7.27.1.tgz 31877ms (cache miss)
5279 http fetch GET 200 https://registry.npmjs.org/@babel/helper-plugin-utils/-/helper-plugin-utils-7.27.1.tgz 31885ms (cache miss)
5280 http fetch GET 200 https://registry.npmjs.org/@babel/helper-module-imports/-/helper-module-imports-7.27.1.tgz 31889ms (cache miss)
5281 http fetch GET 200 https://registry.npmjs.org/jsesc/-/jsesc-3.1.0.tgz 31891ms (cache miss)
5282 http fetch GET 200 https://registry.npmjs.org/browserslist/-/browserslist-4.26.3.tgz 31916ms (cache miss)
5283 http fetch GET 200 https://registry.npmjs.org/@babel/compat-data/-/compat-data-7.28.4.tgz 31959ms (cache miss)
5284 http fetch GET 200 https://registry.npmjs.org/json5/-/json5-2.2.3.tgz 31970ms (cache miss)
5285 http fetch GET 200 https://registry.npmjs.org/convert-source-map/-/convert-source-map-2.0.0.tgz 32028ms (cache miss)
5286 http fetch GET 200 https://registry.npmjs.org/@babel/types/-/types-7.28.4.tgz 32245ms (cache miss)
5287 http fetch GET 200 https://registry.npmjs.org/@babel/template/-/template-7.27.2.tgz 32429ms (cache miss)
5288 http fetch GET 200 https://registry.npmjs.org/react-refresh/-/react-refresh-0.17.0.tgz 32724ms (cache miss)
5289 http fetch GET 200 https://registry.npmjs.org/@babel/helper-module-transforms/-/helper-module-transforms-7.28.3.tgz 32729ms (cache miss)
5290 http fetch GET 200 https://registry.npmjs.org/@types/babel__core/-/babel__core-7.20.5.tgz 32755ms (cache miss)
5291 http fetch GET 200 https://registry.npmjs.org/undici-types/-/undici-types-6.21.0.tgz 32910ms (cache miss)
5292 http fetch GET 200 https://registry.npmjs.org/@babel/helper-compilation-targets/-/helper-compilation-targets-7.27.2.tgz 32916ms (cache miss)
5293 http fetch GET 200 https://registry.npmjs.org/csstype/-/csstype-3.1.3.tgz 32915ms (cache miss)
5294 http fetch GET 200 https://registry.npmjs.org/@rolldown/pluginutils/-/pluginutils-1.0.0-beta.38.tgz 32959ms (cache miss)
5295 http fetch GET 200 https://registry.npmjs.org/@babel/traverse/-/traverse-7.28.4.tgz 33216ms (cache miss)
5296 http fetch GET 200 https://registry.npmjs.org/@babel/plugin-transform-react-jsx-source/-/plugin-transform-react-jsx-source-7.27.1.tgz 33237ms (cache miss)
5297 http fetch GET 200 https://registry.npmjs.org/redent/-/redent-3.0.0.tgz 33361ms (cache miss)
5298 http fetch GET 200 https://registry.npmjs.org/@babel/plugin-transform-react-jsx-self/-/plugin-transform-react-jsx-self-7.27.1.tgz 33362ms (cache miss)
5299 http fetch GET 200 https://registry.npmjs.org/@babel/generator/-/generator-7.28.3.tgz 33386ms (cache miss)
5300 http fetch GET 200 https://registry.npmjs.org/css.escape/-/css.escape-1.5.1.tgz 33410ms (cache miss)
5301 http fetch GET 200 https://registry.npmjs.org/@babel/helper-validator-identifier/-/helper-validator-identifier-7.27.1.tgz 33410ms (cache miss)
5302 http fetch GET 200 https://registry.npmjs.org/gensync/-/gensync-1.0.0-beta.2.tgz 33479ms (cache miss)
5303 http fetch GET 200 https://registry.npmjs.org/js-tokens/-/js-tokens-4.0.0.tgz 33475ms (cache miss)
5304 http fetch GET 200 https://registry.npmjs.org/picocolors/-/picocolors-1.1.1.tgz 33495ms (cache miss)
5305 http fetch GET 200 https://registry.npmjs.org/@adobe/css-tools/-/css-tools-4.4.4.tgz 33549ms (cache miss)
5306 http fetch GET 200 https://registry.npmjs.org/@types/aria-query/-/aria-query-5.0.4.tgz 33560ms (cache miss)
5307 http fetch GET 200 https://registry.npmjs.org/detect-libc/-/detect-libc-2.1.2.tgz 33559ms (cache miss)
5308 http fetch GET 200 https://registry.npmjs.org/lz-string/-/lz-string-1.5.0.tgz 33637ms (cache miss)
5309 http fetch GET 200 https://registry.npmjs.org/pretty-format/-/pretty-format-27.5.1.tgz 33643ms (cache miss)
5310 http fetch GET 200 https://registry.npmjs.org/@babel/code-frame/-/code-frame-7.27.1.tgz 33657ms (cache miss)
5311 http fetch GET 200 https://registry.npmjs.org/@jridgewell/resolve-uri/-/resolve-uri-3.1.2.tgz 33716ms (cache miss)
5312 http fetch GET 200 https://registry.npmjs.org/source-map-js/-/source-map-js-1.2.1.tgz 33812ms (cache miss)
5313 http fetch GET 200 https://registry.npmjs.org/magic-string/-/magic-string-0.30.19.tgz 33870ms (cache miss)
5314 http fetch GET 200 https://registry.npmjs.org/@jridgewell/sourcemap-codec/-/sourcemap-codec-1.5.5.tgz 33897ms (cache miss)
5315 http fetch GET 200 https://registry.npmjs.org/@jridgewell/remapping/-/remapping-2.3.5.tgz 33952ms (cache miss)
5316 http fetch GET 200 https://registry.npmjs.org/@jridgewell/gen-mapping/-/gen-mapping-0.3.13.tgz 33955ms (cache miss)
5317 http fetch GET 200 https://registry.npmjs.org/@babel/core/-/core-7.28.4.tgz 33995ms (cache miss)
5318 http fetch GET 200 https://registry.npmjs.org/strip-json-comments/-/strip-json-comments-3.1.1.tgz 34013ms (cache miss)
5319 http fetch GET 200 https://registry.npmjs.org/@alloc/quick-lru/-/quick-lru-5.2.0.tgz 34043ms (cache miss)
5320 http fetch GET 200 https://registry.npmjs.org/dom-accessibility-api/-/dom-accessibility-api-0.5.16.tgz 34067ms (cache miss)
5321 http fetch GET 200 https://registry.npmjs.org/minimatch/-/minimatch-3.1.2.tgz 34059ms (cache miss)
5322 http fetch GET 200 https://registry.npmjs.org/lightningcss/-/lightningcss-1.30.1.tgz 34073ms (cache miss)
5323 http fetch GET 200 https://registry.npmjs.org/@jridgewell/trace-mapping/-/trace-mapping-0.3.31.tgz 34093ms (cache miss)
5324 http fetch GET 200 https://registry.npmjs.org/@tailwindcss/oxide/-/oxide-4.1.14.tgz 34091ms (cache miss)
5325 http fetch GET 200 https://registry.npmjs.org/ignore/-/ignore-5.3.2.tgz 34109ms (cache miss)
5326 http fetch GET 200 https://registry.npmjs.org/@tailwindcss/node/-/node-4.1.14.tgz 34148ms (cache miss)
5327 http fetch GET 200 https://registry.npmjs.org/postcss/-/postcss-8.5.6.tgz 34186ms (cache miss)
5328 http fetch GET 200 https://registry.npmjs.org/globals/-/globals-14.0.0.tgz 34252ms (cache miss)
5329 http fetch GET 200 https://registry.npmjs.org/@types/conventional-commits-parser/-/conventional-commits-parser-5.0.1.tgz 34275ms (cache miss)
5330 http fetch GET 200 https://registry.npmjs.org/debug/-/debug-4.4.3.tgz 34278ms (cache miss)
5331 http fetch GET 200 https://registry.npmjs.org/@babel/helpers/-/helpers-7.28.4.tgz 34303ms (cache miss)
5332 http fetch GET 200 https://registry.npmjs.org/import-fresh/-/import-fresh-3.3.1.tgz 34321ms (cache miss)
5333 http fetch GET 200 https://registry.npmjs.org/find-up/-/find-up-7.0.0.tgz 34325ms (cache miss)
5334 http fetch GET 200 https://registry.npmjs.org/lodash.upperfirst/-/lodash.upperfirst-4.3.1.tgz 34327ms (cache miss)
5335 http fetch GET 200 https://registry.npmjs.org/espree/-/espree-10.4.0.tgz 34349ms (cache miss)
5336 http fetch GET 200 https://registry.npmjs.org/aria-query/-/aria-query-5.3.0.tgz 34373ms (cache miss)
5337 http fetch GET 200 https://registry.npmjs.org/lodash.startcase/-/lodash.startcase-4.4.0.tgz 34397ms (cache miss)
5338 http fetch GET 200 https://registry.npmjs.org/js-yaml/-/js-yaml-4.1.0.tgz 34433ms (cache miss)
5339 http fetch GET 200 https://registry.npmjs.org/@babel/runtime/-/runtime-7.28.4.tgz 34523ms (cache miss)
5340 http fetch GET 200 https://registry.npmjs.org/lodash.snakecase/-/lodash.snakecase-4.1.1.tgz 34511ms (cache miss)
5341 http fetch GET 200 https://registry.npmjs.org/lodash.kebabcase/-/lodash.kebabcase-4.1.1.tgz 34517ms (cache miss)
5342 http fetch GET 200 https://registry.npmjs.org/lodash.camelcase/-/lodash.camelcase-4.3.0.tgz 34527ms (cache miss)
5343 http fetch GET 200 https://registry.npmjs.org/resolve-from/-/resolve-from-5.0.0.tgz 34591ms (cache miss)
5344 http fetch GET 200 https://registry.npmjs.org/enhanced-resolve/-/enhanced-resolve-5.18.3.tgz 34604ms (cache miss)
5345 http fetch GET 200 https://registry.npmjs.org/lodash.mergewith/-/lodash.mergewith-4.6.2.tgz 34593ms (cache miss)
5346 http fetch GET 200 https://registry.npmjs.org/@commitlint/to-lines/-/to-lines-20.0.0.tgz 34600ms (cache miss)
5347 http fetch GET 200 https://registry.npmjs.org/@commitlint/message/-/message-20.0.0.tgz 34645ms (cache miss)
5348 http fetch GET 200 https://registry.npmjs.org/@commitlint/ensure/-/ensure-20.0.0.tgz 34655ms (cache miss)
5349 http fetch GET 200 https://registry.npmjs.org/global-directory/-/global-directory-4.0.1.tgz 34655ms (cache miss)
5350 http fetch GET 200 https://registry.npmjs.org/git-raw-commits/-/git-raw-commits-4.0.0.tgz 34682ms (cache miss)
5351 http fetch GET 200 https://registry.npmjs.org/import-meta-resolve/-/import-meta-resolve-4.2.0.tgz 34690ms (cache miss)
5352 http fetch GET 200 https://registry.npmjs.org/lodash.uniq/-/lodash.uniq-4.5.0.tgz 34726ms (cache miss)
5353 http fetch GET 200 https://registry.npmjs.org/lodash.merge/-/lodash.merge-4.6.2.tgz 34744ms (cache miss)
5354 http fetch GET 200 https://registry.npmjs.org/conventional-commits-parser/-/conventional-commits-parser-5.0.0.tgz 34749ms (cache miss)
5355 http fetch GET 200 https://registry.npmjs.org/conventional-changelog-angular/-/conventional-changelog-angular-7.0.0.tgz 34751ms (cache miss)
5356 http fetch GET 200 https://registry.npmjs.org/lodash.isplainobject/-/lodash.isplainobject-4.0.6.tgz 34770ms (cache miss)
5357 http fetch GET 200 https://registry.npmjs.org/@commitlint/top-level/-/top-level-20.0.0.tgz 34810ms (cache miss)
5358 http fetch GET 200 https://registry.npmjs.org/tar/-/tar-7.5.1.tgz 34854ms (cache miss)
5359 http fetch GET 200 https://registry.npmjs.org/caniuse-lite/-/caniuse-lite-1.0.30001750.tgz 34908ms (cache miss)
5360 http fetch GET 200 https://registry.npmjs.org/cosmiconfig-typescript-loader/-/cosmiconfig-typescript-loader-6.2.0.tgz 34871ms (cache miss)
5361 http fetch GET 200 https://registry.npmjs.org/conventional-changelog-conventionalcommits/-/conventional-changelog-conventionalcommits-7.0.2.tgz 34923ms (cache miss)
5362 http fetch GET 200 https://registry.npmjs.org/@commitlint/execute-rule/-/execute-rule-20.0.0.tgz 34938ms (cache miss)
5363 http fetch GET 200 https://registry.npmjs.org/@tanstack/query-core/-/query-core-5.90.2.tgz 34973ms (cache miss)
5364 http fetch GET 200 https://registry.npmjs.org/@commitlint/resolve-extends/-/resolve-extends-20.1.0.tgz 34955ms (cache miss)
5365 http fetch GET 200 https://registry.npmjs.org/minimist/-/minimist-1.2.8.tgz 34964ms (cache miss)
5366 http fetch GET 200 https://registry.npmjs.org/chalk/-/chalk-5.6.2.tgz 34974ms (cache miss)
5367 http fetch GET 200 https://registry.npmjs.org/cosmiconfig/-/cosmiconfig-9.0.0.tgz 35201ms (cache miss)
5368 http fetch GET 200 https://registry.npmjs.org/semver/-/semver-7.7.3.tgz 35204ms (cache miss)
5369 http fetch GET 200 https://registry.npmjs.org/@babel/parser/-/parser-7.28.4.tgz 35235ms (cache miss)
5370 http fetch GET 200 https://registry.npmjs.org/tinyexec/-/tinyexec-1.0.1.tgz 35280ms (cache miss)
5371 http fetch GET 200 https://registry.npmjs.org/@commitlint/config-validator/-/config-validator-20.0.0.tgz 35291ms (cache miss)
5372 http fetch GET 200 https://registry.npmjs.org/@commitlint/rules/-/rules-20.0.0.tgz 35558ms (cache miss)
5373 http fetch GET 200 https://registry.npmjs.org/yargs/-/yargs-17.7.2.tgz 35650ms (cache miss)
5374 http fetch GET 200 https://registry.npmjs.org/@commitlint/parse/-/parse-20.0.0.tgz 35656ms (cache miss)
5375 http fetch GET 200 https://registry.npmjs.org/@commitlint/is-ignored/-/is-ignored-20.0.0.tgz 35770ms (cache miss)
5376 http fetch GET 200 https://registry.npmjs.org/zustand/-/zustand-5.0.8.tgz 35805ms (cache miss)
5377 http fetch GET 200 https://registry.npmjs.org/@commitlint/types/-/types-20.0.0.tgz 35948ms (cache miss)
5378 http fetch GET 200 https://registry.npmjs.org/@commitlint/read/-/read-20.0.0.tgz 36006ms (cache miss)
5379 http fetch GET 200 https://registry.npmjs.org/@commitlint/lint/-/lint-20.0.0.tgz 36169ms (cache miss)
5380 http fetch GET 200 https://registry.npmjs.org/@commitlint/load/-/load-20.1.0.tgz 36182ms (cache miss)
5381 http fetch GET 200 https://registry.npmjs.org/@commitlint/format/-/format-20.0.0.tgz 36297ms (cache miss)
5382 http fetch GET 200 https://registry.npmjs.org/tailwindcss/-/tailwindcss-4.1.14.tgz 36614ms (cache miss)
5383 http fetch GET 200 https://registry.npmjs.org/lint-staged/-/lint-staged-16.2.4.tgz 36625ms (cache miss)
5384 http fetch GET 200 https://registry.npmjs.org/husky/-/husky-9.1.7.tgz 37608ms (cache miss)
5385 http fetch GET 200 https://registry.npmjs.org/eslint-plugin-prettier/-/eslint-plugin-prettier-5.5.4.tgz 37663ms (cache miss)
5386 http fetch GET 200 https://registry.npmjs.org/ajv/-/ajv-8.17.1.tgz 37811ms (cache miss)
5387 http fetch GET 200 https://registry.npmjs.org/eslint-config-prettier/-/eslint-config-prettier-10.1.8.tgz 37861ms (cache miss)
5388 http fetch GET 200 https://registry.npmjs.org/@vitejs/plugin-react/-/plugin-react-5.0.4.tgz 37958ms (cache miss)
5389 http fetch GET 200 https://registry.npmjs.org/@types/react-dom/-/react-dom-19.2.1.tgz 38662ms (cache miss)
5390 http fetch GET 200 https://registry.npmjs.org/eslint-config-next/-/eslint-config-next-15.5.4.tgz 39183ms (cache miss)
5391 http fetch GET 200 https://registry.npmjs.org/jsdom/-/jsdom-27.0.0.tgz 39426ms (cache miss)
5392 http fetch GET 200 https://registry.npmjs.org/@types/react/-/react-19.2.2.tgz 39476ms (cache miss)
5393 http fetch GET 200 https://registry.npmjs.org/react/-/react-19.1.0.tgz 39596ms (cache miss)
5394 http fetch GET 200 https://registry.npmjs.org/jiti/-/jiti-2.6.1.tgz 39996ms (cache miss)
5395 http fetch GET 200 https://registry.npmjs.org/@testing-library/user-event/-/user-event-14.6.1.tgz 40021ms (cache miss)
5396 http fetch GET 200 https://registry.npmjs.org/typescript/-/typescript-5.9.3.tgz 40078ms (cache miss)
5397 http fetch GET 200 https://registry.npmjs.org/@tailwindcss/postcss/-/postcss-4.1.14.tgz 40188ms (cache miss)
5398 http fetch GET 200 https://registry.npmjs.org/@testing-library/react/-/react-16.3.0.tgz 40200ms (cache miss)
5399 http fetch GET 200 https://registry.npmjs.org/@tanstack/react-query/-/react-query-5.90.2.tgz 40542ms (cache miss)
5400 http fetch GET 200 https://registry.npmjs.org/@eslint/eslintrc/-/eslintrc-3.3.1.tgz 41135ms (cache miss)
5401 http fetch GET 200 https://registry.npmjs.org/wrap-ansi/-/wrap-ansi-7.0.0.tgz 41489ms (cache miss)
5402 http fetch GET 200 https://registry.npmjs.org/vitest/-/vitest-3.2.4.tgz 41792ms (cache miss)
5403 http fetch GET 200 https://registry.npmjs.org/@commitlint/config-conventional/-/config-conventional-20.0.0.tgz 42088ms (cache miss)
5404 http fetch GET 200 https://registry.npmjs.org/@commitlint/cli/-/cli-20.1.0.tgz 42645ms (cache miss)
5405 http fetch GET 200 https://registry.npmjs.org/emoji-regex/-/emoji-regex-8.0.0.tgz 45187ms (cache miss)
5406 http fetch GET 200 https://registry.npmjs.org/@testing-library/jest-dom/-/jest-dom-6.9.1.tgz 45237ms (cache miss)
5407 http fetch GET 200 https://registry.npmjs.org/ansi-styles/-/ansi-styles-4.3.0.tgz 45362ms (cache miss)
5408 http fetch GET 200 https://registry.npmjs.org/strip-ansi/-/strip-ansi-6.0.1.tgz 45437ms (cache miss)
5409 http fetch GET 200 https://registry.npmjs.org/string-width/-/string-width-4.2.3.tgz 45453ms (cache miss)
5410 http fetch GET 200 https://registry.npmjs.org/js-tokens/-/js-tokens-9.0.1.tgz 46287ms (cache miss)
5411 http fetch GET 200 https://registry.npmjs.org/@types/node/-/node-20.19.21.tgz 46758ms (cache miss)
5412 http fetch GET 200 https://registry.npmjs.org/is-fullwidth-code-point/-/is-fullwidth-code-point-3.0.0.tgz 46850ms (cache miss)
5413 http fetch GET 200 https://registry.npmjs.org/ansi-regex/-/ansi-regex-6.2.2.tgz 46880ms (cache miss)
5414 http fetch GET 200 https://registry.npmjs.org/ansi-styles/-/ansi-styles-6.2.3.tgz 47000ms (cache miss)
5415 http fetch GET 200 https://registry.npmjs.org/emoji-regex/-/emoji-regex-10.5.0.tgz 47023ms (cache miss)
5416 http fetch GET 200 https://registry.npmjs.org/string-width/-/string-width-7.2.0.tgz 49248ms (cache miss)
5417 http fetch GET 200 https://registry.npmjs.org/vite/-/vite-7.1.9.tgz 51403ms (cache miss)
5418 http fetch GET 200 https://registry.npmjs.org/react-is/-/react-is-16.13.1.tgz 51410ms (cache miss)
5419 http fetch GET 200 https://registry.npmjs.org/debug/-/debug-3.2.7.tgz 51426ms (cache miss)
5420 http fetch GET 200 https://registry.npmjs.org/json5/-/json5-1.0.2.tgz 51603ms (cache miss)
5421 http fetch GET 200 https://registry.npmjs.org/@testing-library/dom/-/dom-10.4.1.tgz 55142ms (cache miss)
5422 http fetch GET 200 https://registry.npmjs.org/ansi-styles/-/ansi-styles-6.2.3.tgz 55189ms (cache miss)
5423 http fetch GET 200 https://registry.npmjs.org/eslint/-/eslint-9.37.0.tgz 55322ms (cache miss)
5424 http fetch GET 200 https://registry.npmjs.org/brace-expansion/-/brace-expansion-2.0.2.tgz 55826ms (cache miss)
5425 http fetch GET 200 https://registry.npmjs.org/glob-parent/-/glob-parent-5.1.2.tgz 56470ms (cache miss)
5426 http fetch GET 200 https://registry.npmjs.org/lru-cache/-/lru-cache-11.2.2.tgz 56474ms (cache miss)
5427 http fetch GET 200 https://registry.npmjs.org/glob-parent/-/glob-parent-5.1.2.tgz 56474ms (cache miss)
5428 http fetch GET 200 https://registry.npmjs.org/fdir/-/fdir-6.5.0.tgz 56476ms (cache miss)
5429 http fetch GET 200 https://registry.npmjs.org/picomatch/-/picomatch-4.0.3.tgz 56486ms (cache miss)
5430 http fetch GET 200 https://registry.npmjs.org/lru-cache/-/lru-cache-11.2.2.tgz 56494ms (cache miss)
5431 http fetch GET 200 https://registry.npmjs.org/react-dom/-/react-dom-19.1.0.tgz 57392ms (cache miss)
5432 http fetch GET 200 https://registry.npmjs.org/semver/-/semver-6.3.1.tgz 57552ms (cache miss)
5433 http fetch GET 200 https://registry.npmjs.org/eslint-visitor-keys/-/eslint-visitor-keys-3.4.3.tgz 57585ms (cache miss)
5434 http fetch GET 200 https://registry.npmjs.org/minimatch/-/minimatch-9.0.5.tgz 57592ms (cache miss)
5435 http fetch GET 200 https://registry.npmjs.org/ignore/-/ignore-7.0.5.tgz 57638ms (cache miss)
5436 http fetch GET 200 https://registry.npmjs.org/fast-glob/-/fast-glob-3.3.3.tgz 57708ms (cache miss)
5437 http fetch GET 200 https://registry.npmjs.org/debug/-/debug-3.2.7.tgz 57710ms (cache miss)
5438 http fetch GET 200 https://registry.npmjs.org/debug/-/debug-3.2.7.tgz 57764ms (cache miss)
5439 http fetch GET 200 https://registry.npmjs.org/resolve/-/resolve-2.0.0-next.5.tgz 57802ms (cache miss)
5440 http fetch GET 200 https://registry.npmjs.org/aria-query/-/aria-query-5.3.2.tgz 57816ms (cache miss)
5441 http fetch GET 200 https://registry.npmjs.org/semver/-/semver-6.3.1.tgz 58309ms (cache miss)
5442 http fetch GET 200 https://registry.npmjs.org/strip-ansi/-/strip-ansi-6.0.1.tgz 58419ms (cache miss)
5443 http fetch GET 200 https://registry.npmjs.org/tinyexec/-/tinyexec-0.3.2.tgz 58420ms (cache miss)
5444 http fetch GET 200 https://registry.npmjs.org/resolve-from/-/resolve-from-4.0.0.tgz 58420ms (cache miss)
5445 http fetch GET 200 https://registry.npmjs.org/emoji-regex/-/emoji-regex-8.0.0.tgz 58421ms (cache miss)
5446 http fetch GET 200 https://registry.npmjs.org/is-fullwidth-code-point/-/is-fullwidth-code-point-3.0.0.tgz 58422ms (cache miss)
5447 http fetch GET 200 https://registry.npmjs.org/semver/-/semver-6.3.1.tgz 58432ms (cache miss)
5448 http fetch GET 200 https://registry.npmjs.org/yallist/-/yallist-5.0.0.tgz 58448ms (cache miss)
5449 http fetch GET 200 https://registry.npmjs.org/string-width/-/string-width-4.2.3.tgz 58476ms (cache miss)
5450 http fetch GET 200 https://registry.npmjs.org/picomatch/-/picomatch-4.0.3.tgz 58533ms (cache miss)
5451 http fetch GET 200 https://registry.npmjs.org/yocto-queue/-/yocto-queue-0.1.0.tgz 58534ms (cache miss)
5452 http fetch GET 200 https://registry.npmjs.org/locate-path/-/locate-path-6.0.0.tgz 58533ms (cache miss)
5453 http fetch GET 200 https://registry.npmjs.org/ansi-styles/-/ansi-styles-4.3.0.tgz 58551ms (cache miss)
5454 http fetch GET 200 https://registry.npmjs.org/p-limit/-/p-limit-3.1.0.tgz 58575ms (cache miss)
5455 http fetch GET 200 https://registry.npmjs.org/p-locate/-/p-locate-5.0.0.tgz 58576ms (cache miss)
5456 http fetch GET 200 https://registry.npmjs.org/path-exists/-/path-exists-4.0.0.tgz 58579ms (cache miss)
5457 http fetch GET 200 https://registry.npmjs.org/find-up/-/find-up-5.0.0.tgz 58603ms (cache miss)
5458 http fetch GET 200 https://registry.npmjs.org/postcss/-/postcss-8.4.31.tgz 58637ms (cache miss)
5459 http fetch GET 200 https://registry.npmjs.org/json-schema-traverse/-/json-schema-traverse-0.4.1.tgz 59092ms (cache miss)
5460 http fetch GET 200 https://registry.npmjs.org/dom-accessibility-api/-/dom-accessibility-api-0.6.3.tgz 59320ms (cache miss)
5461 http fetch GET 200 https://registry.npmjs.org/picomatch/-/picomatch-4.0.3.tgz 59375ms (cache miss)
5462 http fetch GET 200 https://registry.npmjs.org/@next/swc-win32-x64-msvc/-/swc-win32-x64-msvc-15.5.4.tgz 59547ms (cache miss)
5463 http fetch GET 200 https://registry.npmjs.org/fdir/-/fdir-6.5.0.tgz 59478ms (cache miss)
5464 http fetch GET 200 https://registry.npmjs.org/json-schema-traverse/-/json-schema-traverse-0.4.1.tgz 59560ms (cache miss)
5465 http fetch GET 200 https://registry.npmjs.org/chalk/-/chalk-4.1.2.tgz 59790ms (cache miss)
5466 http fetch GET 200 https://registry.npmjs.org/ajv/-/ajv-6.12.6.tgz 60065ms (cache miss)
5467 http fetch GET 200 https://registry.npmjs.org/semver/-/semver-6.3.1.tgz 60214ms (cache miss)
5468 http fetch GET 200 https://registry.npmjs.org/ajv/-/ajv-6.12.6.tgz 60710ms (cache miss)
5469 http fetch GET 200 https://registry.npmjs.org/prettier/-/prettier-3.6.2.tgz 61861ms (cache miss)
5470 http fetch GET 200 https://registry.npmjs.org/@tailwindcss/oxide-win32-x64-msvc/-/oxide-win32-x64-msvc-4.1.14.tgz 72246ms (cache miss)
5471 http fetch GET 200 https://registry.npmjs.org/next/-/next-15.5.4.tgz 83871ms (cache miss)
5472 info run sharp@0.34.4 install node_modules/sharp node install/check.js
5473 info run sharp@0.34.4 install { code: 0, signal: null }
5474 info run @tailwindcss/oxide@4.1.14 postinstall node_modules/@tailwindcss/oxide node ./scripts/install.js
5475 info run esbuild@0.25.10 postinstall node_modules/esbuild node install.js
5476 info run unrs-resolver@1.11.1 postinstall node_modules/unrs-resolver napi-postinstall unrs-resolver 1.11.1 check
5477 info run unrs-resolver@1.11.1 postinstall { code: 0, signal: null }
5478 info run esbuild@0.25.10 postinstall { code: 0, signal: null }
5479 info run @tailwindcss/oxide@4.1.14 postinstall { code: 0, signal: null }
5480 silly ADD node_modules/has-flag
5481 silly ADD node_modules/supports-color
5482 silly ADD node_modules/color-name
5483 silly ADD node_modules/color-convert
5484 silly ADD node_modules/uri-js
5485 silly ADD node_modules/fast-json-stable-stringify
5486 silly ADD node_modules/yargs-parser
5487 silly ADD node_modules/y18n
5488 silly ADD node_modules/require-directory
5489 silly ADD node_modules/get-caller-file
5490 silly ADD node_modules/cliui
5491 silly ADD node_modules/cliui/node_modules/ansi-styles
5492 silly ADD node_modules/cliui/node_modules/is-fullwidth-code-point
5493 silly ADD node_modules/cliui/node_modules/emoji-regex
5494 silly ADD node_modules/cliui/node_modules/wrap-ansi
5495 silly ADD node_modules/cliui/node_modules/strip-ansi
5496 silly ADD node_modules/cliui/node_modules/string-width
5497 silly ADD node_modules/stackback
5498 silly ADD node_modules/siginfo
5499 silly ADD node_modules/is-weakset
5500 silly ADD node_modules/is-weakmap
5501 silly ADD node_modules/is-map
5502 silly ADD node_modules/generator-function
5503 silly ADD node_modules/async-function
5504 silly ADD node_modules/which-collection
5505 silly ADD node_modules/is-generator-function
5506 silly ADD node_modules/is-finalizationregistry
5507 silly ADD node_modules/is-async-function
5508 silly ADD node_modules/is-number-object
5509 silly ADD node_modules/is-boolean-object
5510 silly ADD node_modules/is-bigint
5511 silly ADD node_modules/isexe
5512 silly ADD node_modules/punycode
5513 silly ADD node_modules/tr46
5514 silly ADD node_modules/safer-buffer
5515 silly ADD node_modules/iconv-lite
5516 silly ADD node_modules/es-module-lexer
5517 silly ADD node_modules/cac
5518 silly ADD node_modules/pathval
5519 silly ADD node_modules/deep-eql
5520 silly ADD node_modules/check-error
5521 silly ADD node_modules/assertion-error
5522 silly ADD node_modules/loupe
5523 silly ADD node_modules/tinyspy
5524 silly ADD node_modules/strip-literal
5525 silly ADD node_modules/strip-literal/node_modules/js-tokens
5526 silly ADD node_modules/estree-walker
5527 silly ADD node_modules/@types/deep-eql
5528 silly ADD node_modules/why-is-node-running
5529 silly ADD node_modules/vite-node
5530 silly ADD node_modules/tinyrainbow
5531 silly ADD node_modules/tinypool
5532 silly ADD node_modules/tinybench
5533 silly ADD node_modules/std-env
5534 silly ADD node_modules/pathe
5535 silly ADD node_modules/expect-type
5536 silly ADD node_modules/chai
5537 silly ADD node_modules/@vitest/utils
5538 silly ADD node_modules/@vitest/spy
5539 silly ADD node_modules/@vitest/snapshot
5540 silly ADD node_modules/@vitest/runner
5541 silly ADD node_modules/@vitest/pretty-format
5542 silly ADD node_modules/@vitest/mocker
5543 silly ADD node_modules/@vitest/expect
5544 silly ADD node_modules/@types/chai
5545 silly ADD node_modules/@rollup/rollup-win32-x64-msvc
5546 silly ADD node_modules/@rollup/rollup-win32-x64-gnu
5547 silly ADD
5548 silly ADD
5549 silly ADD
5550 silly ADD
5551 silly ADD
5552 silly ADD
5553 silly ADD
5554 silly ADD
5555 silly ADD
5556 silly ADD
5557 silly ADD
5558 silly ADD
5559 silly ADD
5560 silly ADD
5561 silly ADD
5562 silly ADD
5563 silly ADD
5564 silly ADD
5565 silly ADD
5566 silly ADD
5567 silly ADD node_modules/@esbuild/win32-x64
5568 silly ADD
5569 silly ADD
5570 silly ADD
5571 silly ADD
5572 silly ADD
5573 silly ADD
5574 silly ADD
5575 silly ADD
5576 silly ADD
5577 silly ADD
5578 silly ADD
5579 silly ADD
5580 silly ADD
5581 silly ADD
5582 silly ADD
5583 silly ADD
5584 silly ADD
5585 silly ADD
5586 silly ADD
5587 silly ADD
5588 silly ADD
5589 silly ADD
5590 silly ADD
5591 silly ADD
5592 silly ADD
5593 silly ADD node_modules/rollup
5594 silly ADD
5595 silly ADD node_modules/esbuild
5596 silly ADD node_modules/escalade
5597 silly ADD node_modules/@emnapi/wasi-threads
5598 silly ADD node_modules/@tybys/wasm-util
5599 silly ADD node_modules/@emnapi/core
5600 silly ADD node_modules/@napi-rs/wasm-runtime
5601 silly ADD node_modules/napi-postinstall
5602 silly ADD node_modules/@unrs/resolver-binding-win32-x64-msvc
5603 silly ADD
5604 silly ADD
5605 silly ADD
5606 silly ADD
5607 silly ADD
5608 silly ADD
5609 silly ADD
5610 silly ADD
5611 silly ADD
5612 silly ADD
5613 silly ADD
5614 silly ADD
5615 silly ADD
5616 silly ADD
5617 silly ADD
5618 silly ADD
5619 silly ADD
5620 silly ADD
5621 silly ADD node_modules/which-boxed-primitive
5622 silly ADD node_modules/has-bigints
5623 silly ADD node_modules/which-builtin-type
5624 silly ADD node_modules/reflect.getprototypeof
5625 silly ADD node_modules/for-each
5626 silly ADD node_modules/strip-bom
5627 silly ADD node_modules/@types/json5
5628 silly ADD node_modules/tldts-core
5629 silly ADD node_modules/tldts
5630 silly ADD node_modules/is-number
5631 silly ADD node_modules/minizlib
5632 silly ADD node_modules/minipass
5633 silly ADD node_modules/chownr
5634 silly ADD node_modules/@isaacs/fs-minipass
5635 silly ADD node_modules/@pkgr/core
5636 silly ADD node_modules/client-only
5637 silly ADD node_modules/min-indent
5638 silly ADD node_modules/get-east-asian-width
5639 silly ADD node_modules/is-fullwidth-code-point
5640 silly ADD node_modules/side-channel-weakmap
5641 silly ADD node_modules/side-channel-map
5642 silly ADD node_modules/side-channel-list
5643 silly ADD node_modules/shebang-regex
5644 silly ADD node_modules/@emnapi/runtime
5645 silly ADD node_modules/@img/sharp-win32-x64
5646 silly ADD
5647 silly ADD
5648 silly ADD
5649 silly ADD
5650 silly ADD
5651 silly ADD
5652 silly ADD
5653 silly ADD
5654 silly ADD
5655 silly ADD
5656 silly ADD
5657 silly ADD
5658 silly ADD
5659 silly ADD
5660 silly ADD
5661 silly ADD
5662 silly ADD
5663 silly ADD
5664 silly ADD
5665 silly ADD
5666 silly ADD
5667 silly ADD node_modules/@img/colour
5668 silly ADD node_modules/xmlchars
5669 silly ADD node_modules/isarray
5670 silly ADD node_modules/queue-microtask
5671 silly ADD node_modules/mimic-function
5672 silly ADD node_modules/signal-exit
5673 silly ADD node_modules/onetime
5674 silly ADD node_modules/supports-preserve-symlinks-flag
5675 silly ADD node_modules/path-parse
5676 silly ADD node_modules/strip-indent
5677 silly ADD node_modules/indent-string
5678 silly ADD node_modules/scheduler
5679 silly ADD node_modules/object-assign
5680 silly ADD node_modules/loose-envify
5681 silly ADD node_modules/react-is
5682 silly ADD node_modules/ansi-styles
5683 silly ADD node_modules/ansi-regex
5684 silly ADD node_modules/fast-diff
5685 silly ADD node_modules/nanoid
5686 silly ADD node_modules/entities
5687 silly ADD node_modules/is-arrayish
5688 silly ADD node_modules/lines-and-columns
5689 silly ADD node_modules/json-parse-even-better-errors
5690 silly ADD node_modules/error-ex
5691 silly ADD node_modules/callsites
5692 silly ADD node_modules/yocto-queue
5693 silly ADD node_modules/p-limit
5694 silly ADD node_modules/word-wrap
5695 silly ADD node_modules/fast-levenshtein
5696 silly ADD node_modules/deep-is
5697 silly ADD node_modules/tslib
5698 silly ADD node_modules/styled-jsx
5699 silly ADD node_modules/sharp
5700 silly ADD node_modules/@swc/helpers
5701 silly ADD node_modules/@next/swc-win32-x64-msvc
5702 silly ADD
5703 silly ADD
5704 silly ADD
5705 silly ADD
5706 silly ADD
5707 silly ADD
5708 silly ADD
5709 silly ADD node_modules/@next/env
5710 silly ADD node_modules/concat-map
5711 silly ADD node_modules/balanced-match
5712 silly ADD node_modules/brace-expansion
5713 silly ADD node_modules/to-regex-range
5714 silly ADD node_modules/fill-range
5715 silly ADD node_modules/picomatch
5716 silly ADD node_modules/braces
5717 silly ADD node_modules/yallist
5718 silly ADD node_modules/restore-cursor
5719 silly ADD node_modules/environment
5720 silly ADD node_modules/strip-ansi
5721 silly ADD node_modules/strip-ansi/node_modules/ansi-regex
5722 silly ADD node_modules/cli-cursor
5723 silly ADD node_modules/ansi-escapes
5724 silly ADD node_modules/p-locate
5725 silly ADD node_modules/string-width
5726 silly ADD node_modules/slice-ansi
5727 silly ADD node_modules/slice-ansi/node_modules/ansi-styles
5728 silly ADD node_modules/wrap-ansi
5729 silly ADD node_modules/wrap-ansi/node_modules/emoji-regex
5730 silly ADD node_modules/wrap-ansi/node_modules/string-width
5731 silly ADD node_modules/wrap-ansi/node_modules/ansi-styles
5732 silly ADD node_modules/rfdc
5733 silly ADD node_modules/log-update
5734 silly ADD node_modules/eventemitter3
5735 silly ADD node_modules/colorette
5736 silly ADD node_modules/cli-truncate
5737 silly ADD node_modules/yaml
5738 silly ADD node_modules/string-argv
5739 silly ADD node_modules/pidtree
5740 silly ADD node_modules/nano-spawn
5741 silly ADD node_modules/listr2
5742 silly ADD node_modules/commander
5743 silly ADD node_modules/lightningcss-win32-x64-msvc
5744 silly ADD
5745 silly ADD
5746 silly ADD
5747 silly ADD
5748 silly ADD
5749 silly ADD
5750 silly ADD
5751 silly ADD
5752 silly ADD
5753 silly ADD node_modules/type-check
5754 silly ADD node_modules/prelude-ls
5755 silly ADD node_modules/language-subtag-registry
5756 silly ADD node_modules/json-buffer
5757 silly ADD node_modules/through
5758 silly ADD node_modules/jsonparse
5759 silly ADD node_modules/agent-base
5760 silly ADD node_modules/@csstools/color-helpers
5761 silly ADD node_modules/@csstools/css-color-parser
5762 silly ADD node_modules/@csstools/css-tokenizer
5763 silly ADD node_modules/@csstools/css-parser-algorithms
5764 silly ADD node_modules/@csstools/css-calc
5765 silly ADD node_modules/@csstools/css-syntax-patches-for-csstree
5766 silly ADD node_modules/@asamuzakjp/css-color
5767 silly ADD node_modules/@asamuzakjp/css-color/node_modules/lru-cache
5768 silly ADD node_modules/mdn-data
5769 silly ADD node_modules/css-tree
5770 silly ADD node_modules/bidi-js
5771 silly ADD node_modules/@asamuzakjp/nwsapi
5772 silly ADD node_modules/xml-name-validator
5773 silly ADD node_modules/ws
5774 silly ADD node_modules/whatwg-url
5775 silly ADD node_modules/whatwg-mimetype
5776 silly ADD node_modules/whatwg-encoding
5777 silly ADD node_modules/webidl-conversions
5778 silly ADD node_modules/w3c-xmlserializer
5779 silly ADD node_modules/tough-cookie
5780 silly ADD node_modules/symbol-tree
5781 silly ADD node_modules/saxes
5782 silly ADD node_modules/rrweb-cssom
5783 silly ADD node_modules/parse5
5784 silly ADD node_modules/is-potential-custom-element-name
5785 silly ADD node_modules/https-proxy-agent
5786 silly ADD node_modules/http-proxy-agent
5787 silly ADD node_modules/html-encoding-sniffer
5788 silly ADD node_modules/decimal.js
5789 silly ADD node_modules/data-urls
5790 silly ADD node_modules/cssstyle
5791 silly ADD node_modules/@asamuzakjp/dom-selector
5792 silly ADD node_modules/@asamuzakjp/dom-selector/node_modules/lru-cache
5793 silly ADD node_modules/argparse
5794 silly ADD node_modules/set-function-name
5795 silly ADD node_modules/text-extensions
5796 silly ADD node_modules/is-extglob
5797 silly ADD node_modules/side-channel
5798 silly ADD node_modules/parent-module
5799 silly ADD node_modules/ini
5800 silly ADD node_modules/dargs
5801 silly ADD node_modules/resolve-pkg-maps
5802 silly ADD node_modules/dunder-proto
5803 silly ADD node_modules/functions-have-names
5804 silly ADD node_modules/keyv
5805 silly ADD node_modules/flatted
5806 silly ADD node_modules/unicorn-magic
5807 silly ADD node_modules/path-exists
5808 silly ADD node_modules/locate-path
5809 silly ADD node_modules/flat-cache
5810 silly ADD node_modules/reusify
5811 silly ADD node_modules/run-parallel
5812 silly ADD node_modules/fastq
5813 silly ADD node_modules/@nodelib/fs.scandir
5814 silly ADD node_modules/micromatch
5815 silly ADD node_modules/merge2
5816 silly ADD node_modules/@nodelib/fs.walk
5817 silly ADD node_modules/@nodelib/fs.stat
5818 silly ADD node_modules/acorn-jsx
5819 silly ADD node_modules/acorn
5820 silly ADD node_modules/esrecurse
5821 silly ADD node_modules/iterator.prototype
5822 silly ADD node_modules/string.prototype.repeat
5823 silly ADD node_modules/string.prototype.matchall
5824 silly ADD node_modules/prop-types
5825 silly ADD node_modules/prop-types/node_modules/react-is
5826 silly ADD node_modules/object.entries
5827 silly ADD node_modules/estraverse
5828 silly ADD node_modules/es-iterator-helpers
5829 silly ADD node_modules/array.prototype.tosorted
5830 silly ADD node_modules/array.prototype.findlast
5831 silly ADD node_modules/synckit
5832 silly ADD node_modules/prettier-linter-helpers
5833 silly ADD node_modules/string.prototype.includes
5834 silly ADD node_modules/language-tags
5835 silly ADD node_modules/jsx-ast-utils
5836 silly ADD node_modules/emoji-regex
5837 silly ADD node_modules/damerau-levenshtein
5838 silly ADD node_modules/axobject-query
5839 silly ADD node_modules/axe-core
5840 silly ADD node_modules/ast-types-flow
5841 silly ADD node_modules/is-symbol
5842 silly ADD node_modules/is-date-object
5843 silly ADD node_modules/has-tostringtag
5844 silly ADD node_modules/possible-typed-array-names
5845 silly ADD node_modules/which-typed-array
5846 silly ADD node_modules/unbox-primitive
5847 silly ADD node_modules/typed-array-length
5848 silly ADD node_modules/typed-array-byte-offset
5849 silly ADD node_modules/typed-array-byte-length
5850 silly ADD node_modules/typed-array-buffer
5851 silly ADD node_modules/string.prototype.trimstart
5852 silly ADD node_modules/string.prototype.trim
5853 silly ADD node_modules/stop-iteration-iterator
5854 silly ADD node_modules/set-proto
5855 silly ADD node_modules/safe-regex-test
5856 silly ADD node_modules/safe-push-apply
5857 silly ADD node_modules/safe-array-concat
5858 silly ADD node_modules/regexp.prototype.flags
5859 silly ADD node_modules/own-keys
5860 silly ADD node_modules/object.assign
5861 silly ADD node_modules/object-inspect
5862 silly ADD node_modules/is-weakref
5863 silly ADD node_modules/is-typed-array
5864 silly ADD node_modules/is-shared-array-buffer
5865 silly ADD node_modules/is-set
5866 silly ADD node_modules/is-regex
5867 silly ADD node_modules/is-negative-zero
5868 silly ADD node_modules/is-data-view
5869 silly ADD node_modules/is-callable
5870 silly ADD node_modules/is-array-buffer
5871 silly ADD node_modules/internal-slot
5872 silly ADD node_modules/has-symbols
5873 silly ADD node_modules/has-proto
5874 silly ADD node_modules/globalthis
5875 silly ADD node_modules/get-symbol-description
5876 silly ADD node_modules/get-proto
5877 silly ADD node_modules/function.prototype.name
5878 silly ADD node_modules/es-to-primitive
5879 silly ADD node_modules/es-set-tostringtag
5880 silly ADD node_modules/data-view-byte-offset
5881 silly ADD node_modules/data-view-byte-length
5882 silly ADD node_modules/data-view-buffer
5883 silly ADD node_modules/available-typed-arrays
5884 silly ADD node_modules/arraybuffer.prototype.slice
5885 silly ADD node_modules/array-buffer-byte-length
5886 silly ADD node_modules/gopd
5887 silly ADD node_modules/object-keys
5888 silly ADD node_modules/has-property-descriptors
5889 silly ADD node_modules/define-data-property
5890 silly ADD node_modules/function-bind
5891 silly ADD node_modules/set-function-length
5892 silly ADD node_modules/es-define-property
5893 silly ADD node_modules/call-bind-apply-helpers
5894 silly ADD node_modules/es-shim-unscopables
5895 silly ADD node_modules/es-errors
5896 silly ADD node_modules/math-intrinsics
5897 silly ADD node_modules/is-string
5898 silly ADD node_modules/get-intrinsic
5899 silly ADD node_modules/es-object-atoms
5900 silly ADD node_modules/es-abstract
5901 silly ADD node_modules/define-properties
5902 silly ADD node_modules/call-bound
5903 silly ADD node_modules/call-bind
5904 silly ADD node_modules/tsconfig-paths
5905 silly ADD node_modules/tsconfig-paths/node_modules/json5
5906 silly ADD node_modules/string.prototype.trimend
5907 silly ADD node_modules/object.values
5908 silly ADD node_modules/object.groupby
5909 silly ADD node_modules/object.fromentries
5910 silly ADD node_modules/hasown
5911 silly ADD node_modules/eslint-module-utils
5912 silly ADD node_modules/eslint-module-utils/node_modules/debug
5913 silly ADD node_modules/doctrine
5914 silly ADD node_modules/array.prototype.flatmap
5915 silly ADD node_modules/array.prototype.flat
5916 silly ADD node_modules/array.prototype.findlastindex
5917 silly ADD node_modules/array-includes
5918 silly ADD node_modules/@rtsao/scc
5919 silly ADD node_modules/unrs-resolver
5920 silly ADD node_modules/tinyglobby
5921 silly ADD node_modules/tinyglobby/node_modules/picomatch
5922 silly ADD node_modules/tinyglobby/node_modules/fdir
5923 silly ADD node_modules/stable-hash
5924 silly ADD node_modules/is-bun-module
5925 silly ADD node_modules/get-tsconfig
5926 silly ADD node_modules/@nolyfill/is-core-module
5927 silly ADD node_modules/resolve
5928 silly ADD node_modules/is-core-module
5929 silly ADD node_modules/@typescript-eslint/tsconfig-utils
5930 silly ADD node_modules/@typescript-eslint/project-service
5931 silly ADD node_modules/@typescript-eslint/typescript-estree
5932 silly ADD node_modules/@typescript-eslint/typescript-estree/node_modules/brace-expansion
5933 silly ADD node_modules/@typescript-eslint/typescript-estree/node_modules/glob-parent
5934 silly ADD node_modules/@typescript-eslint/typescript-estree/node_modules/minimatch
5935 silly ADD node_modules/@typescript-eslint/typescript-estree/node_modules/fast-glob
5936 silly ADD node_modules/@typescript-eslint/types
5937 silly ADD node_modules/ts-api-utils
5938 silly ADD node_modules/graphemer
5939 silly ADD node_modules/@typescript-eslint/visitor-keys
5940 silly ADD node_modules/@typescript-eslint/utils
5941 silly ADD node_modules/@typescript-eslint/type-utils
5942 silly ADD node_modules/@typescript-eslint/scope-manager
5943 silly ADD node_modules/fast-glob
5944 silly ADD node_modules/fast-glob/node_modules/glob-parent
5945 silly ADD node_modules/eslint-plugin-react-hooks
5946 silly ADD node_modules/eslint-plugin-react
5947 silly ADD node_modules/eslint-plugin-react/node_modules/semver
5948 silly ADD node_modules/eslint-plugin-react/node_modules/resolve
5949 silly ADD node_modules/eslint-plugin-jsx-a11y
5950 silly ADD node_modules/eslint-plugin-jsx-a11y/node_modules/aria-query
5951 silly ADD node_modules/eslint-plugin-import
5952 silly ADD node_modules/eslint-plugin-import/node_modules/semver
5953 silly ADD node_modules/eslint-plugin-import/node_modules/debug
5954 silly ADD node_modules/eslint-import-resolver-typescript
5955 silly ADD node_modules/eslint-import-resolver-node
5956 silly ADD node_modules/eslint-import-resolver-node/node_modules/debug
5957 silly ADD node_modules/@typescript-eslint/parser
5958 silly ADD node_modules/@typescript-eslint/eslint-plugin
5959 silly ADD node_modules/@typescript-eslint/eslint-plugin/node_modules/ignore
5960 silly ADD node_modules/@rushstack/eslint-patch
5961 silly ADD node_modules/@next/eslint-plugin-next
5962 silly ADD node_modules/which
5963 silly ADD node_modules/shebang-command
5964 silly ADD node_modules/path-key
5965 silly ADD node_modules/@humanfs/core
5966 silly ADD node_modules/levn
5967 silly ADD node_modules/@eslint/object-schema
5968 silly ADD node_modules/optionator
5969 silly ADD node_modules/natural-compare
5970 silly ADD node_modules/json-stable-stringify-without-jsonify
5971 silly ADD node_modules/is-glob
5972 silly ADD node_modules/imurmurhash
5973 silly ADD node_modules/glob-parent
5974 silly ADD node_modules/file-entry-cache
5975 silly ADD node_modules/esutils
5976 silly ADD node_modules/esquery
5977 silly ADD node_modules/eslint-visitor-keys
5978 silly ADD node_modules/eslint-scope
5979 silly ADD node_modules/escape-string-regexp
5980 silly ADD node_modules/cross-spawn
5981 silly ADD node_modules/@types/json-schema
5982 silly ADD node_modules/@types/estree
5983 silly ADD node_modules/@humanwhocodes/retry
5984 silly ADD node_modules/@humanwhocodes/module-importer
5985 silly ADD node_modules/@humanfs/node
5986 silly ADD node_modules/@eslint/plugin-kit
5987 silly ADD node_modules/@eslint/js
5988 silly ADD node_modules/@eslint/core
5989 silly ADD node_modules/@eslint/config-helpers
5990 silly ADD node_modules/@eslint/config-array
5991 silly ADD node_modules/@eslint-community/regexpp
5992 silly ADD node_modules/@eslint-community/eslint-utils
5993 silly ADD node_modules/@eslint-community/eslint-utils/node_modules/eslint-visitor-keys
5994 silly ADD node_modules/tapable
5995 silly ADD node_modules/graceful-fs
5996 silly ADD node_modules/is-obj
5997 silly ADD node_modules/ms
5998 silly ADD node_modules/parse-json
5999 silly ADD node_modules/env-paths
6000 silly ADD node_modules/split2
6001 silly ADD node_modules/meow
6002 silly ADD node_modules/JSONStream
6003 silly ADD node_modules/is-text-path
6004 silly ADD node_modules/dot-prop
6005 silly ADD node_modules/array-ify
6006 silly ADD node_modules/compare-func
6007 silly ADD node_modules/update-browserslist-db
6008 silly ADD node_modules/node-releases
6009 silly ADD node_modules/electron-to-chromium
6010 silly ADD node_modules/caniuse-lite
6011 silly ADD node_modules/baseline-browser-mapping
6012 silly ADD node_modules/dequal
6013 silly ADD node_modules/require-from-string
6014 silly ADD node_modules/json-schema-traverse
6015 silly ADD node_modules/fast-uri
6016 silly ADD node_modules/fast-deep-equal
6017 silly ADD node_modules/@types/babel__traverse
6018 silly ADD node_modules/@types/babel__template
6019 silly ADD node_modules/@types/babel__generator
6020 silly ADD node_modules/@babel/helper-string-parser
6021 silly ADD node_modules/@babel/helper-globals
6022 silly ADD node_modules/@babel/helper-plugin-utils
6023 silly ADD node_modules/@babel/helper-module-imports
6024 silly ADD node_modules/lru-cache
6025 silly ADD node_modules/browserslist
6026 silly ADD node_modules/@babel/helper-validator-option
6027 silly ADD node_modules/@babel/compat-data
6028 silly ADD node_modules/jsesc
6029 silly ADD node_modules/json5
6030 silly ADD node_modules/gensync
6031 silly ADD node_modules/convert-source-map
6032 silly ADD node_modules/@babel/types
6033 silly ADD node_modules/@babel/traverse
6034 silly ADD node_modules/@babel/template
6035 silly ADD node_modules/@babel/parser
6036 silly ADD node_modules/@babel/helpers
6037 silly ADD node_modules/@babel/helper-module-transforms
6038 silly ADD node_modules/@babel/helper-compilation-targets
6039 silly ADD node_modules/@babel/helper-compilation-targets/node_modules/semver
6040 silly ADD node_modules/@babel/generator
6041 silly ADD node_modules/react-refresh
6042 silly ADD node_modules/@types/babel__core
6043 silly ADD node_modules/@rolldown/pluginutils
6044 silly ADD node_modules/@babel/plugin-transform-react-jsx-source
6045 silly ADD node_modules/@babel/plugin-transform-react-jsx-self
6046 silly ADD node_modules/@babel/core
6047 silly ADD node_modules/@babel/core/node_modules/semver
6048 silly ADD node_modules/csstype
6049 silly ADD node_modules/undici-types
6050 silly ADD node_modules/redent
6051 silly ADD node_modules/css.escape
6052 silly ADD node_modules/@adobe/css-tools
6053 silly ADD node_modules/js-tokens
6054 silly ADD node_modules/@babel/helper-validator-identifier
6055 silly ADD node_modules/pretty-format
6056 silly ADD node_modules/picocolors
6057 silly ADD node_modules/lz-string
6058 silly ADD node_modules/dom-accessibility-api
6059 silly ADD node_modules/aria-query
6060 silly ADD node_modules/@types/aria-query
6061 silly ADD node_modules/@babel/runtime
6062 silly ADD node_modules/@babel/code-frame
6063 silly ADD node_modules/@tanstack/query-core
6064 silly ADD node_modules/tar
6065 silly ADD node_modules/tar/node_modules/yallist
6066 silly ADD node_modules/detect-libc
6067 silly ADD node_modules/@tailwindcss/oxide-win32-x64-msvc
6068 silly ADD
6069 silly ADD
6070 silly ADD
6071 silly ADD
6072 silly ADD
6073 silly ADD
6074 silly ADD
6075 silly ADD
6076 silly ADD
6077 silly ADD
6078 silly ADD
6079 silly ADD node_modules/@jridgewell/resolve-uri
6080 silly ADD node_modules/@jridgewell/sourcemap-codec
6081 silly ADD node_modules/@jridgewell/trace-mapping
6082 silly ADD node_modules/@jridgewell/gen-mapping
6083 silly ADD node_modules/source-map-js
6084 silly ADD node_modules/magic-string
6085 silly ADD node_modules/lightningcss
6086 silly ADD node_modules/jiti
6087 silly ADD node_modules/enhanced-resolve
6088 silly ADD node_modules/@jridgewell/remapping
6089 silly ADD node_modules/postcss
6090 silly ADD node_modules/@tailwindcss/oxide
6091 silly ADD node_modules/@tailwindcss/node
6092 silly ADD node_modules/@alloc/quick-lru
6093 silly ADD node_modules/strip-json-comments
6094 silly ADD node_modules/minimatch
6095 silly ADD node_modules/js-yaml
6096 silly ADD node_modules/import-fresh
6097 silly ADD node_modules/import-fresh/node_modules/resolve-from
6098 silly ADD node_modules/ignore
6099 silly ADD node_modules/globals
6100 silly ADD node_modules/espree
6101 silly ADD node_modules/debug
6102 silly ADD node_modules/@types/conventional-commits-parser
6103 silly ADD node_modules/find-up
6104 silly ADD node_modules/lodash.upperfirst
6105 silly ADD node_modules/lodash.startcase
6106 silly ADD node_modules/lodash.snakecase
6107 silly ADD node_modules/lodash.kebabcase
6108 silly ADD node_modules/lodash.camelcase
6109 silly ADD node_modules/@commitlint/to-lines
6110 silly ADD node_modules/@commitlint/message
6111 silly ADD node_modules/@commitlint/ensure
6112 silly ADD node_modules/resolve-from
6113 silly ADD node_modules/lodash.mergewith
6114 silly ADD node_modules/import-meta-resolve
6115 silly ADD node_modules/global-directory
6116 silly ADD node_modules/minimist
6117 silly ADD node_modules/git-raw-commits
6118 silly ADD node_modules/@commitlint/top-level
6119 silly ADD node_modules/conventional-commits-parser
6120 silly ADD node_modules/conventional-changelog-angular
6121 silly ADD node_modules/ajv
6122 silly ADD node_modules/lodash.uniq
6123 silly ADD node_modules/lodash.merge
6124 silly ADD node_modules/lodash.isplainobject
6125 silly ADD node_modules/cosmiconfig-typescript-loader
6126 silly ADD node_modules/cosmiconfig
6127 silly ADD node_modules/@commitlint/resolve-extends
6128 silly ADD node_modules/@commitlint/execute-rule
6129 silly ADD node_modules/@commitlint/config-validator
6130 silly ADD node_modules/semver
6131 silly ADD node_modules/@commitlint/rules
6132 silly ADD node_modules/@commitlint/parse
6133 silly ADD node_modules/@commitlint/is-ignored
6134 silly ADD node_modules/chalk
6135 silly ADD node_modules/conventional-changelog-conventionalcommits
6136 silly ADD node_modules/yargs
6137 silly ADD node_modules/yargs/node_modules/strip-ansi
6138 silly ADD node_modules/yargs/node_modules/is-fullwidth-code-point
6139 silly ADD node_modules/yargs/node_modules/emoji-regex
6140 silly ADD node_modules/yargs/node_modules/string-width
6141 silly ADD node_modules/tinyexec
6142 silly ADD node_modules/@commitlint/types
6143 silly ADD node_modules/@commitlint/read
6144 silly ADD node_modules/@commitlint/load
6145 silly ADD node_modules/@commitlint/lint
6146 silly ADD node_modules/@commitlint/format
6147 silly ADD node_modules/zustand
6148 silly ADD node_modules/vitest
6149 silly ADD node_modules/vitest/node_modules/tinyexec
6150 silly ADD node_modules/vitest/node_modules/picomatch
6151 silly ADD node_modules/typescript
6152 silly ADD node_modules/tailwindcss
6153 silly ADD node_modules/next
6154 silly ADD node_modules/next/node_modules/postcss
6155 silly ADD node_modules/lint-staged
6156 silly ADD node_modules/jsdom
6157 silly ADD node_modules/husky
6158 silly ADD node_modules/prettier
6159 silly ADD node_modules/eslint-plugin-prettier
6160 silly ADD node_modules/eslint-config-prettier
6161 silly ADD node_modules/eslint-config-next
6162 silly ADD node_modules/eslint
6163 silly ADD node_modules/eslint/node_modules/yocto-queue
6164 silly ADD node_modules/eslint/node_modules/p-limit
6165 silly ADD node_modules/eslint/node_modules/p-locate
6166 silly ADD node_modules/eslint/node_modules/path-exists
6167 silly ADD node_modules/eslint/node_modules/locate-path
6168 silly ADD node_modules/eslint/node_modules/ansi-styles
6169 silly ADD node_modules/eslint/node_modules/json-schema-traverse
6170 silly ADD node_modules/eslint/node_modules/find-up
6171 silly ADD node_modules/eslint/node_modules/chalk
6172 silly ADD node_modules/eslint/node_modules/ajv
6173 silly ADD node_modules/vite
6174 silly ADD node_modules/vite/node_modules/picomatch
6175 silly ADD node_modules/vite/node_modules/fdir
6176 silly ADD node_modules/@vitejs/plugin-react
6177 silly ADD node_modules/@types/react-dom
6178 silly ADD node_modules/@types/react
6179 silly ADD node_modules/@types/node
6180 silly ADD node_modules/@testing-library/user-event
6181 silly ADD node_modules/react-dom
6182 silly ADD node_modules/@testing-library/dom
6183 silly ADD node_modules/@testing-library/react
6184 silly ADD node_modules/@testing-library/jest-dom
6185 silly ADD node_modules/@testing-library/jest-dom/node_modules/dom-accessibility-api
6186 silly ADD node_modules/react
6187 silly ADD node_modules/@tanstack/react-query
6188 silly ADD node_modules/@tailwindcss/postcss
6189 silly ADD node_modules/@eslint/eslintrc
6190 silly ADD node_modules/@eslint/eslintrc/node_modules/json-schema-traverse
6191 silly ADD node_modules/@eslint/eslintrc/node_modules/ajv
6192 silly ADD node_modules/@commitlint/config-conventional
6193 silly ADD node_modules/@commitlint/cli
6194 verbose cwd D:\CMP\frontend
6195 verbose os Windows_NT 10.0.26100
6196 verbose node v22.12.0
6197 verbose npm  v10.9.0
6198 notice
6198 notice New [31mmajor[39m version of npm available! [31m10.9.0[39m -> [34m11.6.2[39m
6198 notice Changelog: [34mhttps://github.com/npm/cli/releases/tag/v11.6.2[39m
6198 notice To update run: [4mnpm install -g npm@11.6.2[24m
6198 notice  { force: true, [Symbol(proc-log.meta)]: true }
6199 verbose exit 0
6200 info ok
