0 verbose cli D:\nodejs\node.exe D:\nodejs\node_modules\npm\bin\npm-cli.js
1 info using npm@10.9.0
2 info using node@v22.12.0
3 silly config load:file:D:\nodejs\node_modules\npm\npmrc
4 silly config load:file:D:\CMP\frontend\.npmrc
5 silly config load:file:C:\Users\Data comp\.npmrc
6 silly config load:file:D:\CMP\frontend\..npm-global\etc\npmrc
7 verbose title npm install @svgr/webpack
8 verbose argv "install" "@svgr/webpack"
9 verbose logfile logs-max:10 dir:D:\CMP\frontend\..npm-cache\_logs\2025-10-14T13_02_10_104Z-
10 verbose logfile D:\CMP\frontend\..npm-cache\_logs\2025-10-14T13_02_10_104Z-debug-0.log
11 silly logfile done cleaning log files
12 silly packumentCache heap:4345298944 maxSize:1086324736 maxEntrySize:543162368
13 silly idealTree buildDeps
14 silly fetch manifest @svgr/webpack@*
15 silly packumentCache full:https://registry.npmjs.org/@svgr%2fwebpack cache-miss
16 http fetch GET 200 https://registry.npmjs.org/@svgr%2fwebpack 810ms (cache miss)
17 silly packumentCache full:https://registry.npmjs.org/@svgr%2fwebpack set size:undefined disposed:false
18 silly placeDep ROOT @svgr/webpack@8.1.0 OK for: hankers-frontend@0.1.0 want: *
19 silly fetch manifest @babel/plugin-transform-react-constant-elements@^7.21.3
20 silly packumentCache full:https://registry.npmjs.org/@babel%2fplugin-transform-react-constant-elements cache-miss
21 silly fetch manifest @babel/preset-env@^7.20.2
22 silly packumentCache full:https://registry.npmjs.org/@babel%2fpreset-env cache-miss
23 silly fetch manifest @babel/preset-react@^7.18.6
24 silly packumentCache full:https://registry.npmjs.org/@babel%2fpreset-react cache-miss
25 silly fetch manifest @babel/preset-typescript@^7.21.0
26 silly packumentCache full:https://registry.npmjs.org/@babel%2fpreset-typescript cache-miss
27 silly fetch manifest @svgr/core@8.1.0
28 silly packumentCache full:https://registry.npmjs.org/@svgr%2fcore cache-miss
29 silly fetch manifest @svgr/plugin-jsx@8.1.0
30 silly packumentCache full:https://registry.npmjs.org/@svgr%2fplugin-jsx cache-miss
31 silly fetch manifest @svgr/plugin-svgo@8.1.0
32 silly packumentCache full:https://registry.npmjs.org/@svgr%2fplugin-svgo cache-miss
33 http fetch GET 200 https://registry.npmjs.org/@babel%2fplugin-transform-react-constant-elements 161ms (cache miss)
34 silly packumentCache full:https://registry.npmjs.org/@babel%2fplugin-transform-react-constant-elements set size:undefined disposed:false
35 http fetch GET 200 https://registry.npmjs.org/@babel%2fpreset-typescript 449ms (cache miss)
36 silly packumentCache full:https://registry.npmjs.org/@babel%2fpreset-typescript set size:undefined disposed:false
37 http fetch GET 200 https://registry.npmjs.org/@babel%2fpreset-env 456ms (cache miss)
38 silly packumentCache full:https://registry.npmjs.org/@babel%2fpreset-env set size:undefined disposed:false
39 http fetch GET 200 https://registry.npmjs.org/@svgr%2fplugin-jsx 480ms (cache miss)
40 silly packumentCache full:https://registry.npmjs.org/@svgr%2fplugin-jsx set size:undefined disposed:false
41 http fetch GET 200 https://registry.npmjs.org/@svgr%2fcore 496ms (cache miss)
42 silly packumentCache full:https://registry.npmjs.org/@svgr%2fcore set size:undefined disposed:false
43 http fetch GET 200 https://registry.npmjs.org/@babel%2fpreset-react 607ms (cache miss)
44 silly packumentCache full:https://registry.npmjs.org/@babel%2fpreset-react set size:undefined disposed:false
45 http fetch GET 200 https://registry.npmjs.org/@svgr%2fplugin-svgo 695ms (cache miss)
46 silly packumentCache full:https://registry.npmjs.org/@svgr%2fplugin-svgo set size:undefined disposed:false
47 silly fetch manifest @babel/core@^7.21.3
48 silly packumentCache full:https://registry.npmjs.org/@babel%2fcore cache-miss
49 http fetch GET 200 https://registry.npmjs.org/@babel%2fcore 172ms (cache revalidated)
50 silly packumentCache full:https://registry.npmjs.org/@babel%2fcore set size:731531 disposed:false
51 silly placeDep ROOT @babel/plugin-transform-react-constant-elements@7.27.1 OK for: @svgr/webpack@8.1.0 want: ^7.21.3
52 silly placeDep ROOT @babel/preset-env@7.28.3 OK for: @svgr/webpack@8.1.0 want: ^7.20.2
53 silly placeDep ROOT @babel/preset-react@7.27.1 OK for: @svgr/webpack@8.1.0 want: ^7.18.6
54 silly placeDep ROOT @babel/preset-typescript@7.27.1 OK for: @svgr/webpack@8.1.0 want: ^7.21.0
55 silly placeDep ROOT @svgr/core@8.1.0 OK for: @svgr/webpack@8.1.0 want: 8.1.0
56 silly placeDep ROOT @svgr/plugin-jsx@8.1.0 OK for: @svgr/webpack@8.1.0 want: 8.1.0
57 silly placeDep ROOT @svgr/plugin-svgo@8.1.0 OK for: @svgr/webpack@8.1.0 want: 8.1.0
58 silly fetch manifest semver@^6.3.1
59 silly packumentCache full:https://registry.npmjs.org/semver cache-miss
60 silly fetch manifest core-js-compat@^3.43.0
61 silly packumentCache full:https://registry.npmjs.org/core-js-compat cache-miss
62 silly fetch manifest @babel/preset-modules@0.1.6-no-external-plugins
63 silly packumentCache full:https://registry.npmjs.org/@babel%2fpreset-modules cache-miss
64 silly fetch manifest babel-plugin-polyfill-corejs2@^0.4.14
65 silly packumentCache full:https://registry.npmjs.org/babel-plugin-polyfill-corejs2 cache-miss
66 silly fetch manifest babel-plugin-polyfill-corejs3@^0.13.0
67 silly packumentCache full:https://registry.npmjs.org/babel-plugin-polyfill-corejs3 cache-miss
68 silly fetch manifest @babel/plugin-transform-for-of@^7.27.1
69 silly packumentCache full:https://registry.npmjs.org/@babel%2fplugin-transform-for-of cache-miss
70 silly fetch manifest @babel/plugin-transform-spread@^7.27.1
71 silly packumentCache full:https://registry.npmjs.org/@babel%2fplugin-transform-spread cache-miss
72 silly fetch manifest @babel/plugin-transform-classes@^7.28.3
73 silly packumentCache full:https://registry.npmjs.org/@babel%2fplugin-transform-classes cache-miss
74 silly fetch manifest @babel/plugin-transform-literals@^7.27.1
75 silly packumentCache full:https://registry.npmjs.org/@babel%2fplugin-transform-literals cache-miss
76 silly fetch manifest babel-plugin-polyfill-regenerator@^0.6.5
77 silly packumentCache full:https://registry.npmjs.org/babel-plugin-polyfill-regenerator cache-miss
78 silly fetch manifest @babel/plugin-transform-new-target@^7.27.1
79 silly packumentCache full:https://registry.npmjs.org/@babel%2fplugin-transform-new-target cache-miss
80 http fetch GET 200 https://registry.npmjs.org/babel-plugin-polyfill-corejs3 149ms (cache miss)
81 silly packumentCache full:https://registry.npmjs.org/babel-plugin-polyfill-corejs3 set size:undefined disposed:false
82 silly fetch manifest @babel/plugin-transform-parameters@^7.27.7
83 silly packumentCache full:https://registry.npmjs.org/@babel%2fplugin-transform-parameters cache-miss
84 http fetch GET 200 https://registry.npmjs.org/babel-plugin-polyfill-corejs2 173ms (cache miss)
85 silly packumentCache full:https://registry.npmjs.org/babel-plugin-polyfill-corejs2 set size:undefined disposed:false
86 silly fetch manifest @babel/plugin-transform-modules-amd@^7.27.1
87 silly packumentCache full:https://registry.npmjs.org/@babel%2fplugin-transform-modules-amd cache-miss
88 http fetch GET 200 https://registry.npmjs.org/@babel%2fplugin-transform-classes 184ms (cache miss)
89 silly packumentCache full:https://registry.npmjs.org/@babel%2fplugin-transform-classes set size:undefined disposed:false
90 silly fetch manifest @babel/plugin-transform-modules-umd@^7.27.1
91 silly packumentCache full:https://registry.npmjs.org/@babel%2fplugin-transform-modules-umd cache-miss
92 http fetch GET 200 https://registry.npmjs.org/@babel%2fplugin-transform-for-of 214ms (cache miss)
93 silly packumentCache full:https://registry.npmjs.org/@babel%2fplugin-transform-for-of set size:undefined disposed:false
94 silly fetch manifest @babel/plugin-transform-regenerator@^7.28.3
95 silly packumentCache full:https://registry.npmjs.org/@babel%2fplugin-transform-regenerator cache-miss
96 http fetch GET 200 https://registry.npmjs.org/core-js-compat 253ms (cache miss)
97 silly packumentCache full:https://registry.npmjs.org/core-js-compat set size:undefined disposed:false
98 silly fetch manifest @babel/plugin-transform-dotall-regex@^7.27.1
99 silly packumentCache full:https://registry.npmjs.org/@babel%2fplugin-transform-dotall-regex cache-miss
100 http fetch GET 200 https://registry.npmjs.org/@babel%2fpreset-modules 258ms (cache miss)
101 silly packumentCache full:https://registry.npmjs.org/@babel%2fpreset-modules set size:undefined disposed:false
102 silly fetch manifest @babel/plugin-transform-json-strings@^7.27.1
103 silly packumentCache full:https://registry.npmjs.org/@babel%2fplugin-transform-json-strings cache-miss
104 http fetch GET 200 https://registry.npmjs.org/@babel%2fplugin-transform-spread 293ms (cache miss)
105 silly packumentCache full:https://registry.npmjs.org/@babel%2fplugin-transform-spread set size:undefined disposed:false
106 silly fetch manifest @babel/plugin-transform-object-super@^7.27.1
107 silly packumentCache full:https://registry.npmjs.org/@babel%2fplugin-transform-object-super cache-miss
108 http fetch GET 200 https://registry.npmjs.org/@babel%2fplugin-transform-modules-amd 179ms (cache miss)
109 silly packumentCache full:https://registry.npmjs.org/@babel%2fplugin-transform-modules-amd set size:undefined disposed:false
110 silly fetch manifest @babel/plugin-transform-sticky-regex@^7.27.1
111 silly packumentCache full:https://registry.npmjs.org/@babel%2fplugin-transform-sticky-regex cache-miss
112 http fetch GET 200 https://registry.npmjs.org/@babel%2fplugin-transform-json-strings 134ms (cache miss)
113 silly packumentCache full:https://registry.npmjs.org/@babel%2fplugin-transform-json-strings set size:undefined disposed:false
114 silly fetch manifest @babel/plugin-transform-block-scoping@^7.28.0
115 silly packumentCache full:https://registry.npmjs.org/@babel%2fplugin-transform-block-scoping cache-miss
116 http fetch GET 200 https://registry.npmjs.org/@babel%2fplugin-transform-dotall-regex 154ms (cache miss)
117 silly packumentCache full:https://registry.npmjs.org/@babel%2fplugin-transform-dotall-regex set size:undefined disposed:false
118 silly fetch manifest @babel/plugin-transform-destructuring@^7.28.0
119 silly packumentCache full:https://registry.npmjs.org/@babel%2fplugin-transform-destructuring cache-miss
120 http fetch GET 200 https://registry.npmjs.org/babel-plugin-polyfill-regenerator 421ms (cache miss)
121 silly packumentCache full:https://registry.npmjs.org/babel-plugin-polyfill-regenerator set size:undefined disposed:false
122 silly fetch manifest @babel/plugin-transform-function-name@^7.27.1
123 silly packumentCache full:https://registry.npmjs.org/@babel%2fplugin-transform-function-name cache-miss
124 http fetch GET 200 https://registry.npmjs.org/@babel%2fplugin-transform-regenerator 225ms (cache miss)
125 silly packumentCache full:https://registry.npmjs.org/@babel%2fplugin-transform-regenerator set size:undefined disposed:false
126 silly fetch manifest @babel/plugin-transform-typeof-symbol@^7.27.1
127 silly packumentCache full:https://registry.npmjs.org/@babel%2fplugin-transform-typeof-symbol cache-miss
128 http fetch GET 200 https://registry.npmjs.org/semver 447ms (cache revalidated)
129 silly packumentCache full:https://registry.npmjs.org/semver set size:226907 disposed:false
130 silly fetch manifest @babel/plugin-transform-unicode-regex@^7.27.1
131 silly packumentCache full:https://registry.npmjs.org/@babel%2fplugin-transform-unicode-regex cache-miss
132 http fetch GET 200 https://registry.npmjs.org/@babel%2fplugin-transform-literals 463ms (cache miss)
133 silly packumentCache full:https://registry.npmjs.org/@babel%2fplugin-transform-literals set size:undefined disposed:false
134 silly fetch manifest @babel/plugin-syntax-import-assertions@^7.27.1
135 silly packumentCache full:https://registry.npmjs.org/@babel%2fplugin-syntax-import-assertions cache-miss
136 http fetch GET 200 https://registry.npmjs.org/@babel%2fplugin-transform-parameters 324ms (cache miss)
137 silly packumentCache full:https://registry.npmjs.org/@babel%2fplugin-transform-parameters set size:undefined disposed:false
138 silly fetch manifest @babel/plugin-syntax-import-attributes@^7.27.1
139 silly packumentCache full:https://registry.npmjs.org/@babel%2fplugin-syntax-import-attributes cache-miss
140 http fetch GET 200 https://registry.npmjs.org/@babel%2fplugin-transform-sticky-regex 145ms (cache miss)
141 silly packumentCache full:https://registry.npmjs.org/@babel%2fplugin-transform-sticky-regex set size:undefined disposed:false
142 silly fetch manifest @babel/plugin-transform-duplicate-keys@^7.27.1
143 silly packumentCache full:https://registry.npmjs.org/@babel%2fplugin-transform-duplicate-keys cache-miss
144 http fetch GET 200 https://registry.npmjs.org/@babel%2fplugin-transform-new-target 525ms (cache miss)
145 silly packumentCache full:https://registry.npmjs.org/@babel%2fplugin-transform-new-target set size:undefined disposed:false
146 silly fetch manifest @babel/plugin-transform-dynamic-import@^7.27.1
147 silly packumentCache full:https://registry.npmjs.org/@babel%2fplugin-transform-dynamic-import cache-miss
148 http fetch GET 200 https://registry.npmjs.org/@babel%2fplugin-transform-block-scoping 147ms (cache miss)
149 silly packumentCache full:https://registry.npmjs.org/@babel%2fplugin-transform-block-scoping set size:undefined disposed:false
150 silly fetch manifest @babel/plugin-transform-reserved-words@^7.27.1
151 silly packumentCache full:https://registry.npmjs.org/@babel%2fplugin-transform-reserved-words cache-miss
152 http fetch GET 200 https://registry.npmjs.org/@babel%2fplugin-transform-modules-umd 379ms (cache miss)
153 silly packumentCache full:https://registry.npmjs.org/@babel%2fplugin-transform-modules-umd set size:undefined disposed:false
154 silly fetch manifest @babel/plugin-syntax-unicode-sets-regex@^7.18.6
155 silly packumentCache full:https://registry.npmjs.org/@babel%2fplugin-syntax-unicode-sets-regex cache-miss
156 http fetch GET 200 https://registry.npmjs.org/@babel%2fplugin-transform-object-super 286ms (cache miss)
157 silly packumentCache full:https://registry.npmjs.org/@babel%2fplugin-transform-object-super set size:undefined disposed:false
158 silly fetch manifest @babel/plugin-transform-arrow-functions@^7.27.1
159 silly packumentCache full:https://registry.npmjs.org/@babel%2fplugin-transform-arrow-functions cache-miss
160 http fetch GET 200 https://registry.npmjs.org/@babel%2fplugin-syntax-import-assertions 145ms (cache miss)
161 silly packumentCache full:https://registry.npmjs.org/@babel%2fplugin-syntax-import-assertions set size:undefined disposed:false
162 silly fetch manifest @babel/plugin-transform-private-methods@^7.27.1
163 silly packumentCache full:https://registry.npmjs.org/@babel%2fplugin-transform-private-methods cache-miss
164 http fetch GET 200 https://registry.npmjs.org/@babel%2fplugin-syntax-import-attributes 140ms (cache miss)
165 silly packumentCache full:https://registry.npmjs.org/@babel%2fplugin-syntax-import-attributes set size:undefined disposed:false
166 silly fetch manifest @babel/plugin-transform-unicode-escapes@^7.27.1
167 silly packumentCache full:https://registry.npmjs.org/@babel%2fplugin-transform-unicode-escapes cache-miss
168 http fetch GET 200 https://registry.npmjs.org/@babel%2fplugin-transform-typeof-symbol 180ms (cache miss)
169 silly packumentCache full:https://registry.npmjs.org/@babel%2fplugin-transform-typeof-symbol set size:undefined disposed:false
170 silly fetch manifest @babel/plugin-transform-class-properties@^7.27.1
171 silly packumentCache full:https://registry.npmjs.org/@babel%2fplugin-transform-class-properties cache-miss
172 http fetch GET 200 https://registry.npmjs.org/@babel%2fplugin-transform-function-name 224ms (cache miss)
173 silly packumentCache full:https://registry.npmjs.org/@babel%2fplugin-transform-function-name set size:undefined disposed:false
174 silly fetch manifest @babel/plugin-transform-modules-commonjs@^7.27.1
175 silly packumentCache full:https://registry.npmjs.org/@babel%2fplugin-transform-modules-commonjs cache-miss
176 http fetch GET 200 https://registry.npmjs.org/@babel%2fplugin-transform-duplicate-keys 170ms (cache miss)
177 silly packumentCache full:https://registry.npmjs.org/@babel%2fplugin-transform-duplicate-keys set size:undefined disposed:false
178 silly fetch manifest @babel/plugin-transform-modules-systemjs@^7.27.1
179 silly packumentCache full:https://registry.npmjs.org/@babel%2fplugin-transform-modules-systemjs cache-miss
180 http fetch GET 200 https://registry.npmjs.org/@babel%2fplugin-transform-unicode-regex 237ms (cache miss)
181 silly packumentCache full:https://registry.npmjs.org/@babel%2fplugin-transform-unicode-regex set size:undefined disposed:false
182 silly fetch manifest @babel/plugin-transform-regexp-modifiers@^7.27.1
183 silly packumentCache full:https://registry.npmjs.org/@babel%2fplugin-transform-regexp-modifiers cache-miss
184 http fetch GET 200 https://registry.npmjs.org/@babel%2fplugin-transform-destructuring 281ms (cache miss)
185 silly packumentCache full:https://registry.npmjs.org/@babel%2fplugin-transform-destructuring set size:undefined disposed:false
186 silly fetch manifest @babel/plugin-transform-numeric-separator@^7.27.1
187 silly packumentCache full:https://registry.npmjs.org/@babel%2fplugin-transform-numeric-separator cache-miss
188 http fetch GET 200 https://registry.npmjs.org/@babel%2fplugin-transform-reserved-words 165ms (cache miss)
189 silly packumentCache full:https://registry.npmjs.org/@babel%2fplugin-transform-reserved-words set size:undefined disposed:false
190 silly fetch manifest @babel/plugin-transform-optional-chaining@^7.27.1
191 silly packumentCache full:https://registry.npmjs.org/@babel%2fplugin-transform-optional-chaining cache-miss
192 http fetch GET 200 https://registry.npmjs.org/@babel%2fplugin-transform-dynamic-import 185ms (cache miss)
193 silly packumentCache full:https://registry.npmjs.org/@babel%2fplugin-transform-dynamic-import set size:undefined disposed:false
194 silly fetch manifest @babel/plugin-transform-property-literals@^7.27.1
195 silly packumentCache full:https://registry.npmjs.org/@babel%2fplugin-transform-property-literals cache-miss
196 http fetch GET 200 https://registry.npmjs.org/@babel%2fplugin-syntax-unicode-sets-regex 158ms (cache miss)
197 silly packumentCache full:https://registry.npmjs.org/@babel%2fplugin-syntax-unicode-sets-regex set size:undefined disposed:false
198 silly fetch manifest @babel/plugin-transform-template-literals@^7.27.1
199 silly packumentCache full:https://registry.npmjs.org/@babel%2fplugin-transform-template-literals cache-miss
200 http fetch GET 200 https://registry.npmjs.org/@babel%2fplugin-transform-class-properties 148ms (cache miss)
201 silly packumentCache full:https://registry.npmjs.org/@babel%2fplugin-transform-class-properties set size:undefined disposed:false
202 silly fetch manifest @babel/plugin-transform-async-to-generator@^7.27.1
203 silly packumentCache full:https://registry.npmjs.org/@babel%2fplugin-transform-async-to-generator cache-miss
204 http fetch GET 200 https://registry.npmjs.org/@babel%2fplugin-transform-unicode-escapes 165ms (cache miss)
205 silly packumentCache full:https://registry.npmjs.org/@babel%2fplugin-transform-unicode-escapes set size:undefined disposed:false
206 silly fetch manifest @babel/plugin-transform-class-static-block@^7.28.3
207 silly packumentCache full:https://registry.npmjs.org/@babel%2fplugin-transform-class-static-block cache-miss
208 http fetch GET 200 https://registry.npmjs.org/@babel%2fplugin-transform-private-methods 187ms (cache miss)
209 silly packumentCache full:https://registry.npmjs.org/@babel%2fplugin-transform-private-methods set size:undefined disposed:false
210 silly fetch manifest @babel/plugin-transform-object-rest-spread@^7.28.0
211 silly packumentCache full:https://registry.npmjs.org/@babel%2fplugin-transform-object-rest-spread cache-miss
212 http fetch GET 200 https://registry.npmjs.org/@babel%2fplugin-transform-modules-commonjs 168ms (cache miss)
213 silly packumentCache full:https://registry.npmjs.org/@babel%2fplugin-transform-modules-commonjs set size:undefined disposed:false
214 silly fetch manifest @babel/plugin-transform-unicode-sets-regex@^7.27.1
215 silly packumentCache full:https://registry.npmjs.org/@babel%2fplugin-transform-unicode-sets-regex cache-miss
216 http fetch GET 200 https://registry.npmjs.org/@babel%2fplugin-transform-numeric-separator 142ms (cache miss)
217 silly packumentCache full:https://registry.npmjs.org/@babel%2fplugin-transform-numeric-separator set size:undefined disposed:false
218 silly fetch manifest @babel/plugin-transform-computed-properties@^7.27.1
219 silly packumentCache full:https://registry.npmjs.org/@babel%2fplugin-transform-computed-properties cache-miss
220 http fetch GET 200 https://registry.npmjs.org/@babel%2fplugin-transform-optional-chaining 133ms (cache miss)
221 silly packumentCache full:https://registry.npmjs.org/@babel%2fplugin-transform-optional-chaining set size:undefined disposed:false
222 silly fetch manifest @babel/plugin-transform-shorthand-properties@^7.27.1
223 silly packumentCache full:https://registry.npmjs.org/@babel%2fplugin-transform-shorthand-properties cache-miss
224 http fetch GET 200 https://registry.npmjs.org/@babel%2fplugin-transform-arrow-functions 268ms (cache miss)
225 silly packumentCache full:https://registry.npmjs.org/@babel%2fplugin-transform-arrow-functions set size:undefined disposed:false
226 silly fetch manifest @babel/plugin-transform-export-namespace-from@^7.27.1
227 silly packumentCache full:https://registry.npmjs.org/@babel%2fplugin-transform-export-namespace-from cache-miss
228 http fetch GET 200 https://registry.npmjs.org/@babel%2fplugin-transform-regexp-modifiers 180ms (cache miss)
229 silly packumentCache full:https://registry.npmjs.org/@babel%2fplugin-transform-regexp-modifiers set size:undefined disposed:false
230 silly fetch manifest @babel/plugin-transform-block-scoped-functions@^7.27.1
231 silly packumentCache full:https://registry.npmjs.org/@babel%2fplugin-transform-block-scoped-functions cache-miss
232 http fetch GET 200 https://registry.npmjs.org/@babel%2fplugin-transform-template-literals 154ms (cache miss)
233 silly packumentCache full:https://registry.npmjs.org/@babel%2fplugin-transform-template-literals set size:undefined disposed:false
234 silly fetch manifest @babel/plugin-transform-optional-catch-binding@^7.27.1
235 silly packumentCache full:https://registry.npmjs.org/@babel%2fplugin-transform-optional-catch-binding cache-miss
236 http fetch GET 200 https://registry.npmjs.org/@babel%2fplugin-transform-property-literals 224ms (cache miss)
237 silly packumentCache full:https://registry.npmjs.org/@babel%2fplugin-transform-property-literals set size:undefined disposed:false
238 silly fetch manifest @babel/plugin-transform-unicode-property-regex@^7.27.1
239 silly packumentCache full:https://registry.npmjs.org/@babel%2fplugin-transform-unicode-property-regex cache-miss
240 http fetch GET 200 https://registry.npmjs.org/@babel%2fplugin-transform-modules-systemjs 270ms (cache miss)
241 silly packumentCache full:https://registry.npmjs.org/@babel%2fplugin-transform-modules-systemjs set size:undefined disposed:false
242 silly fetch manifest @babel/plugin-transform-exponentiation-operator@^7.27.1
243 silly packumentCache full:https://registry.npmjs.org/@babel%2fplugin-transform-exponentiation-operator cache-miss
244 http fetch GET 200 https://registry.npmjs.org/@babel%2fplugin-transform-unicode-sets-regex 153ms (cache miss)
245 silly packumentCache full:https://registry.npmjs.org/@babel%2fplugin-transform-unicode-sets-regex set size:undefined disposed:false
246 silly fetch manifest @babel/plugin-proposal-private-property-in-object@7.21.0-placeholder-for-preset-env.2
247 silly packumentCache full:https://registry.npmjs.org/@babel%2fplugin-proposal-private-property-in-object cache-miss
248 http fetch GET 200 https://registry.npmjs.org/@babel%2fplugin-transform-object-rest-spread 200ms (cache miss)
249 silly packumentCache full:https://registry.npmjs.org/@babel%2fplugin-transform-object-rest-spread set size:undefined disposed:false
250 silly fetch manifest @babel/plugin-transform-async-generator-functions@^7.28.0
251 silly packumentCache full:https://registry.npmjs.org/@babel%2fplugin-transform-async-generator-functions cache-miss
252 http fetch GET 200 https://registry.npmjs.org/@babel%2fplugin-transform-shorthand-properties 168ms (cache miss)
253 silly packumentCache full:https://registry.npmjs.org/@babel%2fplugin-transform-shorthand-properties set size:undefined disposed:false
254 silly fetch manifest @babel/plugin-transform-member-expression-literals@^7.27.1
255 silly packumentCache full:https://registry.npmjs.org/@babel%2fplugin-transform-member-expression-literals cache-miss
256 http fetch GET 200 https://registry.npmjs.org/@babel%2fplugin-transform-computed-properties 180ms (cache miss)
257 silly packumentCache full:https://registry.npmjs.org/@babel%2fplugin-transform-computed-properties set size:undefined disposed:false
258 silly fetch manifest @babel/plugin-transform-private-property-in-object@^7.27.1
259 silly packumentCache full:https://registry.npmjs.org/@babel%2fplugin-transform-private-property-in-object cache-miss
260 http fetch GET 200 https://registry.npmjs.org/@babel%2fplugin-transform-block-scoped-functions 167ms (cache miss)
261 silly packumentCache full:https://registry.npmjs.org/@babel%2fplugin-transform-block-scoped-functions set size:undefined disposed:false
262 silly fetch manifest @babel/plugin-transform-nullish-coalescing-operator@^7.27.1
263 silly packumentCache full:https://registry.npmjs.org/@babel%2fplugin-transform-nullish-coalescing-operator cache-miss
264 http fetch GET 200 https://registry.npmjs.org/@babel%2fplugin-transform-async-to-generator 263ms (cache miss)
265 silly packumentCache full:https://registry.npmjs.org/@babel%2fplugin-transform-async-to-generator set size:undefined disposed:false
266 silly fetch manifest @babel/plugin-transform-explicit-resource-management@^7.28.0
267 silly packumentCache full:https://registry.npmjs.org/@babel%2fplugin-transform-explicit-resource-management cache-miss
268 http fetch GET 200 https://registry.npmjs.org/@babel%2fplugin-transform-exponentiation-operator 143ms (cache miss)
269 silly packumentCache full:https://registry.npmjs.org/@babel%2fplugin-transform-exponentiation-operator set size:undefined disposed:false
270 silly fetch manifest @babel/plugin-transform-logical-assignment-operators@^7.27.1
271 silly packumentCache full:https://registry.npmjs.org/@babel%2fplugin-transform-logical-assignment-operators cache-miss
272 http fetch GET 200 https://registry.npmjs.org/@babel%2fplugin-proposal-private-property-in-object 143ms (cache miss)
273 silly packumentCache full:https://registry.npmjs.org/@babel%2fplugin-proposal-private-property-in-object set size:undefined disposed:false
274 silly fetch manifest @babel/plugin-transform-named-capturing-groups-regex@^7.27.1
275 silly packumentCache full:https://registry.npmjs.org/@babel%2fplugin-transform-named-capturing-groups-regex cache-miss
276 http fetch GET 200 https://registry.npmjs.org/@babel%2fplugin-transform-optional-catch-binding 251ms (cache miss)
277 silly packumentCache full:https://registry.npmjs.org/@babel%2fplugin-transform-optional-catch-binding set size:undefined disposed:false
278 silly fetch manifest @babel/plugin-bugfix-firefox-class-in-computed-class-key@^7.27.1
279 silly packumentCache full:https://registry.npmjs.org/@babel%2fplugin-bugfix-firefox-class-in-computed-class-key cache-miss
280 http fetch GET 200 https://registry.npmjs.org/@babel%2fplugin-transform-async-generator-functions 143ms (cache miss)
281 silly packumentCache full:https://registry.npmjs.org/@babel%2fplugin-transform-async-generator-functions set size:undefined disposed:false
282 silly fetch manifest @babel/plugin-bugfix-safari-class-field-initializer-scope@^7.27.1
283 silly packumentCache full:https://registry.npmjs.org/@babel%2fplugin-bugfix-safari-class-field-initializer-scope cache-miss
284 http fetch GET 200 https://registry.npmjs.org/@babel%2fplugin-transform-private-property-in-object 159ms (cache miss)
285 silly packumentCache full:https://registry.npmjs.org/@babel%2fplugin-transform-private-property-in-object set size:undefined disposed:false
286 silly fetch manifest @babel/plugin-bugfix-v8-static-class-fields-redefine-readonly@^7.28.3
287 silly packumentCache full:https://registry.npmjs.org/@babel%2fplugin-bugfix-v8-static-class-fields-redefine-readonly cache-miss
288 http fetch GET 200 https://registry.npmjs.org/@babel%2fplugin-transform-export-namespace-from 372ms (cache miss)
289 silly packumentCache full:https://registry.npmjs.org/@babel%2fplugin-transform-export-namespace-from set size:undefined disposed:false
290 silly fetch manifest @babel/plugin-bugfix-v8-spread-parameters-in-optional-chaining@^7.27.1
291 silly packumentCache full:https://registry.npmjs.org/@babel%2fplugin-bugfix-v8-spread-parameters-in-optional-chaining cache-miss
292 http fetch GET 200 https://registry.npmjs.org/@babel%2fplugin-transform-unicode-property-regex 289ms (cache miss)
293 silly packumentCache full:https://registry.npmjs.org/@babel%2fplugin-transform-unicode-property-regex set size:undefined disposed:false
294 silly fetch manifest @babel/plugin-transform-duplicate-named-capturing-groups-regex@^7.27.1
295 silly packumentCache full:https://registry.npmjs.org/@babel%2fplugin-transform-duplicate-named-capturing-groups-regex cache-miss
296 http fetch GET 200 https://registry.npmjs.org/@babel%2fplugin-transform-member-expression-literals 227ms (cache miss)
297 silly packumentCache full:https://registry.npmjs.org/@babel%2fplugin-transform-member-expression-literals set size:undefined disposed:false
298 silly fetch manifest @babel/plugin-bugfix-safari-id-destructuring-collision-in-function-expression@^7.27.1
299 silly packumentCache full:https://registry.npmjs.org/@babel%2fplugin-bugfix-safari-id-destructuring-collision-in-function-expression cache-miss
300 http fetch GET 200 https://registry.npmjs.org/@babel%2fplugin-transform-explicit-resource-management 207ms (cache miss)
301 silly packumentCache full:https://registry.npmjs.org/@babel%2fplugin-transform-explicit-resource-management set size:undefined disposed:false
302 silly fetch manifest @babel/plugin-transform-react-jsx@^7.27.1
303 silly packumentCache full:https://registry.npmjs.org/@babel%2fplugin-transform-react-jsx cache-miss
304 http fetch GET 200 https://registry.npmjs.org/@babel%2fplugin-transform-logical-assignment-operators 195ms (cache miss)
305 silly packumentCache full:https://registry.npmjs.org/@babel%2fplugin-transform-logical-assignment-operators set size:undefined disposed:false
306 silly fetch manifest @babel/plugin-transform-react-display-name@^7.27.1
307 silly packumentCache full:https://registry.npmjs.org/@babel%2fplugin-transform-react-display-name cache-miss
308 http fetch GET 200 https://registry.npmjs.org/@babel%2fplugin-transform-nullish-coalescing-operator 254ms (cache miss)
309 silly packumentCache full:https://registry.npmjs.org/@babel%2fplugin-transform-nullish-coalescing-operator set size:undefined disposed:false
310 silly fetch manifest @babel/plugin-transform-react-jsx-development@^7.27.1
311 silly packumentCache full:https://registry.npmjs.org/@babel%2fplugin-transform-react-jsx-development cache-miss
312 http fetch GET 200 https://registry.npmjs.org/@babel%2fplugin-bugfix-safari-class-field-initializer-scope 172ms (cache miss)
313 silly packumentCache full:https://registry.npmjs.org/@babel%2fplugin-bugfix-safari-class-field-initializer-scope set size:undefined disposed:false
314 silly fetch manifest @babel/plugin-transform-react-pure-annotations@^7.27.1
315 silly packumentCache full:https://registry.npmjs.org/@babel%2fplugin-transform-react-pure-annotations cache-miss
316 http fetch GET 200 https://registry.npmjs.org/@babel%2fplugin-bugfix-firefox-class-in-computed-class-key 179ms (cache miss)
317 silly packumentCache full:https://registry.npmjs.org/@babel%2fplugin-bugfix-firefox-class-in-computed-class-key set size:undefined disposed:false
318 silly fetch manifest @babel/plugin-syntax-jsx@^7.27.1
319 silly packumentCache full:https://registry.npmjs.org/@babel%2fplugin-syntax-jsx cache-miss
320 http fetch GET 200 https://registry.npmjs.org/@babel%2fplugin-transform-named-capturing-groups-regex 199ms (cache miss)
321 silly packumentCache full:https://registry.npmjs.org/@babel%2fplugin-transform-named-capturing-groups-regex set size:undefined disposed:false
322 silly fetch manifest @babel/plugin-transform-typescript@^7.27.1
323 silly packumentCache full:https://registry.npmjs.org/@babel%2fplugin-transform-typescript cache-miss
324 http fetch GET 200 https://registry.npmjs.org/@babel%2fplugin-transform-duplicate-named-capturing-groups-regex 138ms (cache miss)
325 silly packumentCache full:https://registry.npmjs.org/@babel%2fplugin-transform-duplicate-named-capturing-groups-regex set size:undefined disposed:false
326 silly fetch manifest @svgr/babel-preset@8.1.0
327 silly packumentCache full:https://registry.npmjs.org/@svgr%2fbabel-preset cache-miss
328 http fetch GET 200 https://registry.npmjs.org/@babel%2fplugin-bugfix-v8-static-class-fields-redefine-readonly 185ms (cache miss)
329 silly packumentCache full:https://registry.npmjs.org/@babel%2fplugin-bugfix-v8-static-class-fields-redefine-readonly set size:undefined disposed:false
330 silly fetch manifest camelcase@^6.2.0
331 silly packumentCache full:https://registry.npmjs.org/camelcase cache-miss
332 http fetch GET 200 https://registry.npmjs.org/@babel%2fplugin-transform-react-jsx 182ms (cache miss)
333 silly packumentCache full:https://registry.npmjs.org/@babel%2fplugin-transform-react-jsx set size:undefined disposed:false
334 silly fetch manifest cosmiconfig@^8.1.3
335 silly packumentCache full:https://registry.npmjs.org/cosmiconfig cache-miss
336 http fetch GET 200 https://registry.npmjs.org/@babel%2fplugin-syntax-jsx 146ms (cache miss)
337 silly packumentCache full:https://registry.npmjs.org/@babel%2fplugin-syntax-jsx set size:undefined disposed:false
338 silly fetch manifest snake-case@^3.0.4
339 silly packumentCache full:https://registry.npmjs.org/snake-case cache-miss
340 http fetch GET 200 https://registry.npmjs.org/@babel%2fplugin-bugfix-v8-spread-parameters-in-optional-chaining 244ms (cache miss)
341 silly packumentCache full:https://registry.npmjs.org/@babel%2fplugin-bugfix-v8-spread-parameters-in-optional-chaining set size:undefined disposed:false
342 silly fetch manifest @svgr/babel-preset@8.1.0
343 silly packumentCache full:https://registry.npmjs.org/@svgr%2fbabel-preset cache-miss
344 http fetch GET 200 https://registry.npmjs.org/@babel%2fplugin-transform-typescript 182ms (cache miss)
345 silly packumentCache full:https://registry.npmjs.org/@babel%2fplugin-transform-typescript set size:undefined disposed:false
346 silly fetch manifest @svgr/hast-util-to-babel-ast@8.0.0
347 silly packumentCache full:https://registry.npmjs.org/@svgr%2fhast-util-to-babel-ast cache-miss
348 http fetch GET 200 https://registry.npmjs.org/camelcase 150ms (cache miss)
349 silly packumentCache full:https://registry.npmjs.org/camelcase set size:undefined disposed:false
350 silly fetch manifest svg-parser@^2.0.4
351 silly packumentCache full:https://registry.npmjs.org/svg-parser cache-miss
352 http fetch GET 200 https://registry.npmjs.org/@babel%2fplugin-bugfix-safari-id-destructuring-collision-in-function-expression 300ms (cache miss)
353 silly packumentCache full:https://registry.npmjs.org/@babel%2fplugin-bugfix-safari-id-destructuring-collision-in-function-expression set size:undefined disposed:false
354 silly fetch manifest cosmiconfig@^8.1.3
355 silly packumentCache full:https://registry.npmjs.org/cosmiconfig cache-miss
356 http fetch GET 200 https://registry.npmjs.org/@babel%2fplugin-transform-react-jsx-development 264ms (cache miss)
357 silly packumentCache full:https://registry.npmjs.org/@babel%2fplugin-transform-react-jsx-development set size:undefined disposed:false
358 silly fetch manifest deepmerge@^4.3.1
359 silly packumentCache full:https://registry.npmjs.org/deepmerge cache-miss
360 http fetch GET 200 https://registry.npmjs.org/@babel%2fplugin-transform-react-display-name 274ms (cache miss)
361 silly packumentCache full:https://registry.npmjs.org/@babel%2fplugin-transform-react-display-name set size:undefined disposed:false
362 silly fetch manifest svgo@^3.0.2
363 silly packumentCache full:https://registry.npmjs.org/svgo cache-miss
364 http fetch GET 200 https://registry.npmjs.org/@babel%2fplugin-transform-react-pure-annotations 261ms (cache miss)
365 silly packumentCache full:https://registry.npmjs.org/@babel%2fplugin-transform-react-pure-annotations set size:undefined disposed:false
366 http fetch GET 200 https://registry.npmjs.org/cosmiconfig 162ms (cache revalidated)
367 silly packumentCache full:https://registry.npmjs.org/cosmiconfig set size:275399 disposed:false
368 http fetch GET 200 https://registry.npmjs.org/snake-case 155ms (cache miss)
369 silly packumentCache full:https://registry.npmjs.org/snake-case set size:undefined disposed:false
370 http fetch GET 200 https://registry.npmjs.org/@svgr%2fhast-util-to-babel-ast 152ms (cache miss)
371 silly packumentCache full:https://registry.npmjs.org/@svgr%2fhast-util-to-babel-ast set size:undefined disposed:false
372 http fetch GET 200 https://registry.npmjs.org/@babel%2fplugin-transform-class-static-block 890ms (cache miss)
373 silly packumentCache full:https://registry.npmjs.org/@babel%2fplugin-transform-class-static-block set size:undefined disposed:false
374 http fetch GET 200 https://registry.npmjs.org/@svgr%2fbabel-preset 209ms (cache miss)
375 silly packumentCache full:https://registry.npmjs.org/@svgr%2fbabel-preset set size:undefined disposed:false
376 http fetch GET 200 https://registry.npmjs.org/svgo 136ms (cache miss)
377 silly packumentCache full:https://registry.npmjs.org/svgo set size:undefined disposed:false
378 http fetch GET 200 https://registry.npmjs.org/svg-parser 199ms (cache miss)
379 silly packumentCache full:https://registry.npmjs.org/svg-parser set size:undefined disposed:false
380 http fetch GET 200 https://registry.npmjs.org/@svgr%2fbabel-preset 357ms (cache miss)
381 silly packumentCache full:https://registry.npmjs.org/@svgr%2fbabel-preset set size:undefined disposed:false
382 http fetch GET 200 https://registry.npmjs.org/cosmiconfig 185ms (cache revalidated)
383 silly packumentCache full:https://registry.npmjs.org/cosmiconfig set size:275399 disposed:false
384 silly packumentCache full:https://registry.npmjs.org/cosmiconfig dispose
385 http fetch GET 200 https://registry.npmjs.org/deepmerge 179ms (cache miss)
386 silly packumentCache full:https://registry.npmjs.org/deepmerge set size:undefined disposed:false
387 silly fetch manifest @babel/core@^7.0.0-0
388 silly packumentCache full:https://registry.npmjs.org/@babel%2fcore cache-hit
389 silly placeDep ROOT @babel/plugin-bugfix-firefox-class-in-computed-class-key@7.27.1 OK for: @babel/preset-env@7.28.3 want: ^7.27.1
390 silly placeDep ROOT @babel/plugin-bugfix-safari-class-field-initializer-scope@7.27.1 OK for: @babel/preset-env@7.28.3 want: ^7.27.1
391 silly placeDep ROOT @babel/plugin-bugfix-safari-id-destructuring-collision-in-function-expression@7.27.1 OK for: @babel/preset-env@7.28.3 want: ^7.27.1
392 silly placeDep ROOT @babel/plugin-bugfix-v8-spread-parameters-in-optional-chaining@7.27.1 OK for: @babel/preset-env@7.28.3 want: ^7.27.1
393 silly placeDep ROOT @babel/plugin-bugfix-v8-static-class-fields-redefine-readonly@7.28.3 OK for: @babel/preset-env@7.28.3 want: ^7.28.3
394 silly placeDep ROOT @babel/plugin-proposal-private-property-in-object@7.21.0-placeholder-for-preset-env.2 OK for: @babel/preset-env@7.28.3 want: 7.21.0-placeholder-for-preset-env.2
395 silly placeDep ROOT @babel/plugin-syntax-import-assertions@7.27.1 OK for: @babel/preset-env@7.28.3 want: ^7.27.1
396 silly placeDep ROOT @babel/plugin-syntax-import-attributes@7.27.1 OK for: @babel/preset-env@7.28.3 want: ^7.27.1
397 silly placeDep ROOT @babel/plugin-syntax-unicode-sets-regex@7.18.6 OK for: @babel/preset-env@7.28.3 want: ^7.18.6
398 silly placeDep ROOT @babel/plugin-transform-arrow-functions@7.27.1 OK for: @babel/preset-env@7.28.3 want: ^7.27.1
399 silly placeDep ROOT @babel/plugin-transform-async-generator-functions@7.28.0 OK for: @babel/preset-env@7.28.3 want: ^7.28.0
400 silly placeDep ROOT @babel/plugin-transform-async-to-generator@7.27.1 OK for: @babel/preset-env@7.28.3 want: ^7.27.1
401 silly placeDep ROOT @babel/plugin-transform-block-scoped-functions@7.27.1 OK for: @babel/preset-env@7.28.3 want: ^7.27.1
402 silly placeDep ROOT @babel/plugin-transform-block-scoping@7.28.4 OK for: @babel/preset-env@7.28.3 want: ^7.28.0
403 silly placeDep ROOT @babel/plugin-transform-class-properties@7.27.1 OK for: @babel/preset-env@7.28.3 want: ^7.27.1
404 silly placeDep ROOT @babel/plugin-transform-class-static-block@7.28.3 OK for: @babel/preset-env@7.28.3 want: ^7.28.3
405 silly placeDep ROOT @babel/plugin-transform-classes@7.28.4 OK for: @babel/preset-env@7.28.3 want: ^7.28.3
406 silly placeDep ROOT @babel/plugin-transform-computed-properties@7.27.1 OK for: @babel/preset-env@7.28.3 want: ^7.27.1
407 silly placeDep ROOT @babel/plugin-transform-destructuring@7.28.0 OK for: @babel/preset-env@7.28.3 want: ^7.28.0
408 silly placeDep ROOT @babel/plugin-transform-dotall-regex@7.27.1 OK for: @babel/preset-env@7.28.3 want: ^7.27.1
409 silly placeDep ROOT @babel/plugin-transform-duplicate-keys@7.27.1 OK for: @babel/preset-env@7.28.3 want: ^7.27.1
410 silly placeDep ROOT @babel/plugin-transform-duplicate-named-capturing-groups-regex@7.27.1 OK for: @babel/preset-env@7.28.3 want: ^7.27.1
411 silly placeDep ROOT @babel/plugin-transform-dynamic-import@7.27.1 OK for: @babel/preset-env@7.28.3 want: ^7.27.1
412 silly placeDep ROOT @babel/plugin-transform-explicit-resource-management@7.28.0 OK for: @babel/preset-env@7.28.3 want: ^7.28.0
413 silly placeDep ROOT @babel/plugin-transform-exponentiation-operator@7.27.1 OK for: @babel/preset-env@7.28.3 want: ^7.27.1
414 silly placeDep ROOT @babel/plugin-transform-export-namespace-from@7.27.1 OK for: @babel/preset-env@7.28.3 want: ^7.27.1
415 silly placeDep ROOT @babel/plugin-transform-for-of@7.27.1 OK for: @babel/preset-env@7.28.3 want: ^7.27.1
416 silly placeDep ROOT @babel/plugin-transform-function-name@7.27.1 OK for: @babel/preset-env@7.28.3 want: ^7.27.1
417 silly placeDep ROOT @babel/plugin-transform-json-strings@7.27.1 OK for: @babel/preset-env@7.28.3 want: ^7.27.1
418 silly placeDep ROOT @babel/plugin-transform-literals@7.27.1 OK for: @babel/preset-env@7.28.3 want: ^7.27.1
419 silly placeDep ROOT @babel/plugin-transform-logical-assignment-operators@7.27.1 OK for: @babel/preset-env@7.28.3 want: ^7.27.1
420 silly placeDep ROOT @babel/plugin-transform-member-expression-literals@7.27.1 OK for: @babel/preset-env@7.28.3 want: ^7.27.1
421 silly placeDep ROOT @babel/plugin-transform-modules-amd@7.27.1 OK for: @babel/preset-env@7.28.3 want: ^7.27.1
422 silly placeDep ROOT @babel/plugin-transform-modules-commonjs@7.27.1 OK for: @babel/preset-env@7.28.3 want: ^7.27.1
423 silly placeDep ROOT @babel/plugin-transform-modules-systemjs@7.27.1 OK for: @babel/preset-env@7.28.3 want: ^7.27.1
424 silly placeDep ROOT @babel/plugin-transform-modules-umd@7.27.1 OK for: @babel/preset-env@7.28.3 want: ^7.27.1
425 silly placeDep ROOT @babel/plugin-transform-named-capturing-groups-regex@7.27.1 OK for: @babel/preset-env@7.28.3 want: ^7.27.1
426 silly placeDep ROOT @babel/plugin-transform-new-target@7.27.1 OK for: @babel/preset-env@7.28.3 want: ^7.27.1
427 silly placeDep ROOT @babel/plugin-transform-nullish-coalescing-operator@7.27.1 OK for: @babel/preset-env@7.28.3 want: ^7.27.1
428 silly placeDep ROOT @babel/plugin-transform-numeric-separator@7.27.1 OK for: @babel/preset-env@7.28.3 want: ^7.27.1
429 silly placeDep ROOT @babel/plugin-transform-object-rest-spread@7.28.4 OK for: @babel/preset-env@7.28.3 want: ^7.28.0
430 silly placeDep ROOT @babel/plugin-transform-object-super@7.27.1 OK for: @babel/preset-env@7.28.3 want: ^7.27.1
431 silly placeDep ROOT @babel/plugin-transform-optional-catch-binding@7.27.1 OK for: @babel/preset-env@7.28.3 want: ^7.27.1
432 silly placeDep ROOT @babel/plugin-transform-optional-chaining@7.27.1 OK for: @babel/preset-env@7.28.3 want: ^7.27.1
433 silly placeDep ROOT @babel/plugin-transform-parameters@7.27.7 OK for: @babel/preset-env@7.28.3 want: ^7.27.7
434 silly placeDep ROOT @babel/plugin-transform-private-methods@7.27.1 OK for: @babel/preset-env@7.28.3 want: ^7.27.1
435 silly placeDep ROOT @babel/plugin-transform-private-property-in-object@7.27.1 OK for: @babel/preset-env@7.28.3 want: ^7.27.1
436 silly placeDep ROOT @babel/plugin-transform-property-literals@7.27.1 OK for: @babel/preset-env@7.28.3 want: ^7.27.1
437 silly placeDep ROOT @babel/plugin-transform-regenerator@7.28.4 OK for: @babel/preset-env@7.28.3 want: ^7.28.3
438 silly placeDep ROOT @babel/plugin-transform-regexp-modifiers@7.27.1 OK for: @babel/preset-env@7.28.3 want: ^7.27.1
439 silly placeDep ROOT @babel/plugin-transform-reserved-words@7.27.1 OK for: @babel/preset-env@7.28.3 want: ^7.27.1
440 silly placeDep ROOT @babel/plugin-transform-shorthand-properties@7.27.1 OK for: @babel/preset-env@7.28.3 want: ^7.27.1
441 silly placeDep ROOT @babel/plugin-transform-spread@7.27.1 OK for: @babel/preset-env@7.28.3 want: ^7.27.1
442 silly placeDep ROOT @babel/plugin-transform-sticky-regex@7.27.1 OK for: @babel/preset-env@7.28.3 want: ^7.27.1
443 silly placeDep ROOT @babel/plugin-transform-template-literals@7.27.1 OK for: @babel/preset-env@7.28.3 want: ^7.27.1
444 silly placeDep ROOT @babel/plugin-transform-typeof-symbol@7.27.1 OK for: @babel/preset-env@7.28.3 want: ^7.27.1
445 silly placeDep ROOT @babel/plugin-transform-unicode-escapes@7.27.1 OK for: @babel/preset-env@7.28.3 want: ^7.27.1
446 silly placeDep ROOT @babel/plugin-transform-unicode-property-regex@7.27.1 OK for: @babel/preset-env@7.28.3 want: ^7.27.1
447 silly placeDep ROOT @babel/plugin-transform-unicode-regex@7.27.1 OK for: @babel/preset-env@7.28.3 want: ^7.27.1
448 silly placeDep ROOT @babel/plugin-transform-unicode-sets-regex@7.27.1 OK for: @babel/preset-env@7.28.3 want: ^7.27.1
449 silly placeDep ROOT @babel/preset-modules@0.1.6-no-external-plugins OK for: @babel/preset-env@7.28.3 want: 0.1.6-no-external-plugins
450 silly placeDep ROOT babel-plugin-polyfill-corejs2@0.4.14 OK for: @babel/preset-env@7.28.3 want: ^0.4.14
451 silly placeDep ROOT babel-plugin-polyfill-corejs3@0.13.0 OK for: @babel/preset-env@7.28.3 want: ^0.13.0
452 silly placeDep ROOT babel-plugin-polyfill-regenerator@0.6.5 OK for: @babel/preset-env@7.28.3 want: ^0.6.5
453 silly placeDep ROOT core-js-compat@3.46.0 OK for: @babel/preset-env@7.28.3 want: ^3.43.0
454 silly placeDep node_modules/@babel/preset-env semver@6.3.1 OK for: @babel/preset-env@7.28.3 want: ^6.3.1
455 silly fetch manifest @babel/helper-skip-transparent-expression-wrappers@^7.27.1
456 silly packumentCache full:https://registry.npmjs.org/@babel%2fhelper-skip-transparent-expression-wrappers cache-miss
457 silly fetch manifest @babel/helper-create-regexp-features-plugin@^7.18.6
458 silly packumentCache full:https://registry.npmjs.org/@babel%2fhelper-create-regexp-features-plugin cache-miss
459 silly fetch manifest @babel/helper-remap-async-to-generator@^7.27.1
460 silly packumentCache full:https://registry.npmjs.org/@babel%2fhelper-remap-async-to-generator cache-miss
461 silly fetch manifest @babel/helper-remap-async-to-generator@^7.27.1
462 silly packumentCache full:https://registry.npmjs.org/@babel%2fhelper-remap-async-to-generator cache-miss
463 silly fetch manifest @babel/helper-create-class-features-plugin@^7.27.1
464 silly packumentCache full:https://registry.npmjs.org/@babel%2fhelper-create-class-features-plugin cache-miss
465 silly fetch manifest @babel/helper-create-class-features-plugin@^7.28.3
466 silly packumentCache full:https://registry.npmjs.org/@babel%2fhelper-create-class-features-plugin cache-miss
467 silly fetch manifest @babel/helper-replace-supers@^7.27.1
468 silly packumentCache full:https://registry.npmjs.org/@babel%2fhelper-replace-supers cache-miss
469 silly fetch manifest @babel/helper-annotate-as-pure@^7.27.3
470 silly packumentCache full:https://registry.npmjs.org/@babel%2fhelper-annotate-as-pure cache-miss
471 silly fetch manifest @babel/helper-create-regexp-features-plugin@^7.27.1
472 silly packumentCache full:https://registry.npmjs.org/@babel%2fhelper-create-regexp-features-plugin cache-miss
473 silly fetch manifest @babel/helper-create-regexp-features-plugin@^7.27.1
474 silly packumentCache full:https://registry.npmjs.org/@babel%2fhelper-create-regexp-features-plugin cache-miss
475 silly fetch manifest @babel/helper-skip-transparent-expression-wrappers@^7.27.1
476 silly packumentCache full:https://registry.npmjs.org/@babel%2fhelper-skip-transparent-expression-wrappers cache-miss
477 http fetch GET 200 https://registry.npmjs.org/@babel%2fhelper-skip-transparent-expression-wrappers 144ms (cache miss)
478 silly packumentCache full:https://registry.npmjs.org/@babel%2fhelper-skip-transparent-expression-wrappers set size:undefined disposed:false
479 silly fetch manifest @babel/helper-create-regexp-features-plugin@^7.27.1
480 silly packumentCache full:https://registry.npmjs.org/@babel%2fhelper-create-regexp-features-plugin cache-miss
481 http fetch GET 200 https://registry.npmjs.org/@babel%2fhelper-create-regexp-features-plugin 150ms (cache miss)
482 silly packumentCache full:https://registry.npmjs.org/@babel%2fhelper-create-regexp-features-plugin set size:undefined disposed:false
483 silly fetch manifest @babel/helper-replace-supers@^7.27.1
484 silly packumentCache full:https://registry.npmjs.org/@babel%2fhelper-replace-supers cache-miss
485 http fetch GET 200 https://registry.npmjs.org/@babel%2fhelper-annotate-as-pure 156ms (cache miss)
486 silly packumentCache full:https://registry.npmjs.org/@babel%2fhelper-annotate-as-pure set size:undefined disposed:false
487 silly fetch manifest @babel/helper-create-class-features-plugin@^7.27.1
488 silly packumentCache full:https://registry.npmjs.org/@babel%2fhelper-create-class-features-plugin cache-miss
489 http fetch GET 200 https://registry.npmjs.org/@babel%2fhelper-skip-transparent-expression-wrappers 184ms (cache miss)
490 silly packumentCache full:https://registry.npmjs.org/@babel%2fhelper-skip-transparent-expression-wrappers set size:undefined disposed:false
491 silly fetch manifest @babel/helper-annotate-as-pure@^7.27.1
492 silly packumentCache full:https://registry.npmjs.org/@babel%2fhelper-annotate-as-pure cache-miss
493 http fetch GET 200 https://registry.npmjs.org/@babel%2fhelper-replace-supers 188ms (cache miss)
494 silly packumentCache full:https://registry.npmjs.org/@babel%2fhelper-replace-supers set size:undefined disposed:false
495 silly fetch manifest @babel/helper-create-class-features-plugin@^7.27.1
496 silly packumentCache full:https://registry.npmjs.org/@babel%2fhelper-create-class-features-plugin cache-miss
497 http fetch GET 200 https://registry.npmjs.org/@babel%2fhelper-annotate-as-pure 10ms (cache hit)
498 silly packumentCache full:https://registry.npmjs.org/@babel%2fhelper-annotate-as-pure set size:161934 disposed:false
499 silly fetch manifest @babel/helper-define-polyfill-provider@^0.6.5
500 silly packumentCache full:https://registry.npmjs.org/@babel%2fhelper-define-polyfill-provider cache-miss
501 http fetch GET 200 https://registry.npmjs.org/@babel%2fhelper-create-regexp-features-plugin 228ms (cache miss)
502 silly packumentCache full:https://registry.npmjs.org/@babel%2fhelper-create-regexp-features-plugin set size:undefined disposed:false
503 silly fetch manifest @babel/helper-define-polyfill-provider@^0.6.5
504 silly packumentCache full:https://registry.npmjs.org/@babel%2fhelper-define-polyfill-provider cache-miss
505 http fetch GET 200 https://registry.npmjs.org/@babel%2fhelper-remap-async-to-generator 236ms (cache miss)
506 silly packumentCache full:https://registry.npmjs.org/@babel%2fhelper-remap-async-to-generator set size:undefined disposed:false
507 silly fetch manifest @babel/helper-define-polyfill-provider@^0.6.5
508 silly packumentCache full:https://registry.npmjs.org/@babel%2fhelper-define-polyfill-provider cache-miss
509 http fetch GET 200 https://registry.npmjs.org/@babel%2fhelper-create-regexp-features-plugin 248ms (cache miss)
510 silly packumentCache full:https://registry.npmjs.org/@babel%2fhelper-create-regexp-features-plugin set size:undefined disposed:false
511 http fetch GET 200 https://registry.npmjs.org/@babel%2fhelper-remap-async-to-generator 256ms (cache miss)
512 silly packumentCache full:https://registry.npmjs.org/@babel%2fhelper-remap-async-to-generator set size:undefined disposed:false
513 http fetch GET 200 https://registry.npmjs.org/@babel%2fhelper-replace-supers 134ms (cache miss)
514 silly packumentCache full:https://registry.npmjs.org/@babel%2fhelper-replace-supers set size:undefined disposed:false
515 http fetch GET 200 https://registry.npmjs.org/@babel%2fhelper-create-regexp-features-plugin 155ms (cache miss)
516 silly packumentCache full:https://registry.npmjs.org/@babel%2fhelper-create-regexp-features-plugin set size:undefined disposed:false
517 http fetch GET 200 https://registry.npmjs.org/@babel%2fhelper-create-class-features-plugin 303ms (cache miss)
518 silly packumentCache full:https://registry.npmjs.org/@babel%2fhelper-create-class-features-plugin set size:undefined disposed:false
519 http fetch GET 200 https://registry.npmjs.org/@babel%2fhelper-create-class-features-plugin 350ms (cache miss)
520 silly packumentCache full:https://registry.npmjs.org/@babel%2fhelper-create-class-features-plugin set size:undefined disposed:false
521 http fetch GET 200 https://registry.npmjs.org/@babel%2fhelper-create-class-features-plugin 168ms (cache miss)
522 silly packumentCache full:https://registry.npmjs.org/@babel%2fhelper-create-class-features-plugin set size:undefined disposed:false
523 http fetch GET 200 https://registry.npmjs.org/@babel%2fhelper-define-polyfill-provider 139ms (cache miss)
524 silly packumentCache full:https://registry.npmjs.org/@babel%2fhelper-define-polyfill-provider set size:undefined disposed:false
525 http fetch GET 200 https://registry.npmjs.org/@babel%2fhelper-define-polyfill-provider 171ms (cache miss)
526 silly packumentCache full:https://registry.npmjs.org/@babel%2fhelper-define-polyfill-provider set size:undefined disposed:false
527 http fetch GET 200 https://registry.npmjs.org/@babel%2fhelper-create-class-features-plugin 241ms (cache miss)
528 silly packumentCache full:https://registry.npmjs.org/@babel%2fhelper-create-class-features-plugin set size:undefined disposed:false
529 http fetch GET 200 https://registry.npmjs.org/@babel%2fhelper-define-polyfill-provider 202ms (cache miss)
530 silly packumentCache full:https://registry.npmjs.org/@babel%2fhelper-define-polyfill-provider set size:undefined disposed:false
531 silly placeDep ROOT @babel/helper-skip-transparent-expression-wrappers@7.27.1 OK for: @babel/plugin-bugfix-v8-spread-parameters-in-optional-chaining@7.27.1 want: ^7.27.1
532 silly fetch manifest @babel/core@^7.0.0
533 silly packumentCache full:https://registry.npmjs.org/@babel%2fcore cache-hit
534 silly placeDep ROOT @babel/helper-create-regexp-features-plugin@7.27.1 OK for: @babel/plugin-syntax-unicode-sets-regex@7.18.6 want: ^7.18.6
535 silly fetch manifest regexpu-core@^6.2.0
536 silly packumentCache full:https://registry.npmjs.org/regexpu-core cache-miss
537 http fetch GET 200 https://registry.npmjs.org/regexpu-core 123ms (cache miss)
538 silly packumentCache full:https://registry.npmjs.org/regexpu-core set size:undefined disposed:false
539 silly placeDep ROOT @babel/helper-annotate-as-pure@7.27.3 OK for: @babel/helper-create-regexp-features-plugin@7.27.1 want: ^7.27.1
540 silly placeDep ROOT regexpu-core@6.4.0 OK for: @babel/helper-create-regexp-features-plugin@7.27.1 want: ^6.2.0
541 silly placeDep node_modules/@babel/helper-create-regexp-features-plugin semver@6.3.1 OK for: @babel/helper-create-regexp-features-plugin@7.27.1 want: ^6.3.1
542 silly fetch manifest regenerate@^1.4.2
543 silly packumentCache full:https://registry.npmjs.org/regenerate cache-miss
544 silly fetch manifest regenerate-unicode-properties@^10.2.2
545 silly packumentCache full:https://registry.npmjs.org/regenerate-unicode-properties cache-miss
546 silly fetch manifest regjsgen@^0.8.0
547 silly packumentCache full:https://registry.npmjs.org/regjsgen cache-miss
548 silly fetch manifest regjsparser@^0.13.0
549 silly packumentCache full:https://registry.npmjs.org/regjsparser cache-miss
550 silly fetch manifest unicode-match-property-ecmascript@^2.0.0
551 silly packumentCache full:https://registry.npmjs.org/unicode-match-property-ecmascript cache-miss
552 silly fetch manifest unicode-match-property-value-ecmascript@^2.2.1
553 silly packumentCache full:https://registry.npmjs.org/unicode-match-property-value-ecmascript cache-miss
554 http fetch GET 200 https://registry.npmjs.org/unicode-match-property-value-ecmascript 133ms (cache miss)
555 silly packumentCache full:https://registry.npmjs.org/unicode-match-property-value-ecmascript set size:undefined disposed:false
556 http fetch GET 200 https://registry.npmjs.org/unicode-match-property-ecmascript 144ms (cache miss)
557 silly packumentCache full:https://registry.npmjs.org/unicode-match-property-ecmascript set size:undefined disposed:false
558 http fetch GET 200 https://registry.npmjs.org/regjsparser 151ms (cache miss)
559 silly packumentCache full:https://registry.npmjs.org/regjsparser set size:undefined disposed:false
560 http fetch GET 200 https://registry.npmjs.org/regenerate 157ms (cache miss)
561 silly packumentCache full:https://registry.npmjs.org/regenerate set size:undefined disposed:false
562 http fetch GET 200 https://registry.npmjs.org/regjsgen 183ms (cache miss)
563 silly packumentCache full:https://registry.npmjs.org/regjsgen set size:undefined disposed:false
564 http fetch GET 200 https://registry.npmjs.org/regenerate-unicode-properties 233ms (cache miss)
565 silly packumentCache full:https://registry.npmjs.org/regenerate-unicode-properties set size:undefined disposed:false
566 silly placeDep ROOT @babel/helper-remap-async-to-generator@7.27.1 OK for: @babel/plugin-transform-async-generator-functions@7.28.0 want: ^7.27.1
567 silly fetch manifest @babel/helper-wrap-function@^7.27.1
568 silly packumentCache full:https://registry.npmjs.org/@babel%2fhelper-wrap-function cache-miss
569 http fetch GET 200 https://registry.npmjs.org/@babel%2fhelper-wrap-function 276ms (cache miss)
570 silly packumentCache full:https://registry.npmjs.org/@babel%2fhelper-wrap-function set size:undefined disposed:false
571 silly placeDep ROOT @babel/helper-wrap-function@7.28.3 OK for: @babel/helper-remap-async-to-generator@7.27.1 want: ^7.27.1
572 silly placeDep ROOT @babel/helper-create-class-features-plugin@7.28.3 OK for: @babel/plugin-transform-class-properties@7.27.1 want: ^7.27.1
573 silly fetch manifest @babel/helper-optimise-call-expression@^7.27.1
574 silly packumentCache full:https://registry.npmjs.org/@babel%2fhelper-optimise-call-expression cache-miss
575 silly fetch manifest @babel/helper-member-expression-to-functions@^7.27.1
576 silly packumentCache full:https://registry.npmjs.org/@babel%2fhelper-member-expression-to-functions cache-miss
577 http fetch GET 200 https://registry.npmjs.org/@babel%2fhelper-optimise-call-expression 156ms (cache miss)
578 silly packumentCache full:https://registry.npmjs.org/@babel%2fhelper-optimise-call-expression set size:undefined disposed:false
579 http fetch GET 200 https://registry.npmjs.org/@babel%2fhelper-member-expression-to-functions 264ms (cache miss)
580 silly packumentCache full:https://registry.npmjs.org/@babel%2fhelper-member-expression-to-functions set size:undefined disposed:false
581 silly placeDep ROOT @babel/helper-member-expression-to-functions@7.27.1 OK for: @babel/helper-create-class-features-plugin@7.28.3 want: ^7.27.1
582 silly placeDep ROOT @babel/helper-optimise-call-expression@7.27.1 OK for: @babel/helper-create-class-features-plugin@7.28.3 want: ^7.27.1
583 silly placeDep ROOT @babel/helper-replace-supers@7.27.1 OK for: @babel/helper-create-class-features-plugin@7.28.3 want: ^7.27.1
584 silly placeDep node_modules/@babel/helper-create-class-features-plugin semver@6.3.1 OK for: @babel/helper-create-class-features-plugin@7.28.3 want: ^6.3.1
585 silly placeDep ROOT @babel/plugin-transform-react-display-name@7.28.0 OK for: @babel/preset-react@7.27.1 want: ^7.27.1
586 silly placeDep ROOT @babel/plugin-transform-react-jsx@7.27.1 OK for: @babel/preset-react@7.27.1 want: ^7.27.1
587 silly placeDep ROOT @babel/plugin-transform-react-jsx-development@7.27.1 OK for: @babel/preset-react@7.27.1 want: ^7.27.1
588 silly placeDep ROOT @babel/plugin-transform-react-pure-annotations@7.27.1 OK for: @babel/preset-react@7.27.1 want: ^7.27.1
589 silly placeDep ROOT @babel/plugin-syntax-jsx@7.27.1 OK for: @babel/plugin-transform-react-jsx@7.27.1 want: ^7.27.1
590 silly placeDep ROOT @babel/plugin-transform-typescript@7.28.0 OK for: @babel/preset-typescript@7.27.1 want: ^7.27.1
591 silly fetch manifest @babel/plugin-syntax-typescript@^7.27.1
592 silly packumentCache full:https://registry.npmjs.org/@babel%2fplugin-syntax-typescript cache-miss
593 http fetch GET 200 https://registry.npmjs.org/@babel%2fplugin-syntax-typescript 162ms (cache miss)
594 silly packumentCache full:https://registry.npmjs.org/@babel%2fplugin-syntax-typescript set size:undefined disposed:false
595 silly placeDep ROOT @babel/plugin-syntax-typescript@7.27.1 OK for: @babel/plugin-transform-typescript@7.28.0 want: ^7.27.1
596 silly fetch manifest typescript@>=4.9.5
597 silly packumentCache full:https://registry.npmjs.org/typescript cache-miss
598 http fetch GET 200 https://registry.npmjs.org/typescript 656ms (cache updated)
599 silly packumentCache full:https://registry.npmjs.org/typescript set size:undefined disposed:false
600 silly placeDep ROOT @svgr/babel-preset@8.1.0 OK for: @svgr/core@8.1.0 want: 8.1.0
601 silly placeDep ROOT camelcase@6.3.0 OK for: @svgr/core@8.1.0 want: ^6.2.0
602 silly placeDep node_modules/@svgr/core cosmiconfig@8.3.6 OK for: @svgr/core@8.1.0 want: ^8.1.3
603 silly placeDep ROOT snake-case@3.0.4 OK for: @svgr/core@8.1.0 want: ^3.0.4
604 silly fetch manifest @svgr/babel-plugin-add-jsx-attribute@8.0.0
605 silly packumentCache full:https://registry.npmjs.org/@svgr%2fbabel-plugin-add-jsx-attribute cache-miss
606 silly fetch manifest @svgr/babel-plugin-remove-jsx-attribute@8.0.0
607 silly packumentCache full:https://registry.npmjs.org/@svgr%2fbabel-plugin-remove-jsx-attribute cache-miss
608 silly fetch manifest @svgr/babel-plugin-remove-jsx-empty-expression@8.0.0
609 silly packumentCache full:https://registry.npmjs.org/@svgr%2fbabel-plugin-remove-jsx-empty-expression cache-miss
610 silly fetch manifest @svgr/babel-plugin-replace-jsx-attribute-value@8.0.0
611 silly packumentCache full:https://registry.npmjs.org/@svgr%2fbabel-plugin-replace-jsx-attribute-value cache-miss
612 silly fetch manifest @svgr/babel-plugin-svg-dynamic-title@8.0.0
613 silly packumentCache full:https://registry.npmjs.org/@svgr%2fbabel-plugin-svg-dynamic-title cache-miss
614 silly fetch manifest @svgr/babel-plugin-svg-em-dimensions@8.0.0
615 silly packumentCache full:https://registry.npmjs.org/@svgr%2fbabel-plugin-svg-em-dimensions cache-miss
616 silly fetch manifest @svgr/babel-plugin-transform-react-native-svg@8.1.0
617 silly packumentCache full:https://registry.npmjs.org/@svgr%2fbabel-plugin-transform-react-native-svg cache-miss
618 silly fetch manifest @svgr/babel-plugin-transform-svg-component@8.0.0
619 silly packumentCache full:https://registry.npmjs.org/@svgr%2fbabel-plugin-transform-svg-component cache-miss
620 silly fetch manifest path-type@^4.0.0
621 silly packumentCache full:https://registry.npmjs.org/path-type cache-miss
622 silly fetch manifest dot-case@^3.0.4
623 silly packumentCache full:https://registry.npmjs.org/dot-case cache-miss
624 http fetch GET 200 https://registry.npmjs.org/path-type 156ms (cache miss)
625 silly packumentCache full:https://registry.npmjs.org/path-type set size:undefined disposed:false
626 http fetch GET 200 https://registry.npmjs.org/dot-case 182ms (cache miss)
627 silly packumentCache full:https://registry.npmjs.org/dot-case set size:undefined disposed:false
628 http fetch GET 200 https://registry.npmjs.org/@svgr%2fbabel-plugin-replace-jsx-attribute-value 246ms (cache miss)
629 silly packumentCache full:https://registry.npmjs.org/@svgr%2fbabel-plugin-replace-jsx-attribute-value set size:undefined disposed:false
630 http fetch GET 200 https://registry.npmjs.org/@svgr%2fbabel-plugin-remove-jsx-attribute 306ms (cache miss)
631 silly packumentCache full:https://registry.npmjs.org/@svgr%2fbabel-plugin-remove-jsx-attribute set size:undefined disposed:false
632 http fetch GET 200 https://registry.npmjs.org/@svgr%2fbabel-plugin-transform-react-native-svg 326ms (cache miss)
633 silly packumentCache full:https://registry.npmjs.org/@svgr%2fbabel-plugin-transform-react-native-svg set size:undefined disposed:false
634 http fetch GET 200 https://registry.npmjs.org/@svgr%2fbabel-plugin-svg-em-dimensions 335ms (cache miss)
635 silly packumentCache full:https://registry.npmjs.org/@svgr%2fbabel-plugin-svg-em-dimensions set size:undefined disposed:false
636 http fetch GET 200 https://registry.npmjs.org/@svgr%2fbabel-plugin-svg-dynamic-title 336ms (cache miss)
637 silly packumentCache full:https://registry.npmjs.org/@svgr%2fbabel-plugin-svg-dynamic-title set size:undefined disposed:false
638 http fetch GET 200 https://registry.npmjs.org/@svgr%2fbabel-plugin-transform-svg-component 341ms (cache miss)
639 silly packumentCache full:https://registry.npmjs.org/@svgr%2fbabel-plugin-transform-svg-component set size:undefined disposed:false
640 http fetch GET 200 https://registry.npmjs.org/@svgr%2fbabel-plugin-add-jsx-attribute 357ms (cache miss)
641 silly packumentCache full:https://registry.npmjs.org/@svgr%2fbabel-plugin-add-jsx-attribute set size:undefined disposed:false
642 http fetch GET 200 https://registry.npmjs.org/@svgr%2fbabel-plugin-remove-jsx-empty-expression 425ms (cache miss)
643 silly packumentCache full:https://registry.npmjs.org/@svgr%2fbabel-plugin-remove-jsx-empty-expression set size:undefined disposed:false
644 silly placeDep ROOT @svgr/babel-plugin-add-jsx-attribute@8.0.0 OK for: @svgr/babel-preset@8.1.0 want: 8.0.0
645 silly placeDep ROOT @svgr/babel-plugin-remove-jsx-attribute@8.0.0 OK for: @svgr/babel-preset@8.1.0 want: 8.0.0
646 silly placeDep ROOT @svgr/babel-plugin-remove-jsx-empty-expression@8.0.0 OK for: @svgr/babel-preset@8.1.0 want: 8.0.0
647 silly placeDep ROOT @svgr/babel-plugin-replace-jsx-attribute-value@8.0.0 OK for: @svgr/babel-preset@8.1.0 want: 8.0.0
648 silly placeDep ROOT @svgr/babel-plugin-svg-dynamic-title@8.0.0 OK for: @svgr/babel-preset@8.1.0 want: 8.0.0
649 silly placeDep ROOT @svgr/babel-plugin-svg-em-dimensions@8.0.0 OK for: @svgr/babel-preset@8.1.0 want: 8.0.0
650 silly placeDep ROOT @svgr/babel-plugin-transform-react-native-svg@8.1.0 OK for: @svgr/babel-preset@8.1.0 want: 8.1.0
651 silly placeDep ROOT @svgr/babel-plugin-transform-svg-component@8.0.0 OK for: @svgr/babel-preset@8.1.0 want: 8.0.0
652 silly placeDep ROOT @svgr/hast-util-to-babel-ast@8.0.0 OK for: @svgr/plugin-jsx@8.1.0 want: 8.0.0
653 silly placeDep ROOT svg-parser@2.0.4 OK for: @svgr/plugin-jsx@8.1.0 want: ^2.0.4
654 silly fetch manifest entities@^4.4.0
655 silly packumentCache full:https://registry.npmjs.org/entities cache-miss
656 http fetch GET 200 https://registry.npmjs.org/entities 179ms (cache revalidated)
657 silly packumentCache full:https://registry.npmjs.org/entities set size:94747 disposed:false
658 silly placeDep node_modules/@svgr/hast-util-to-babel-ast entities@4.5.0 OK for: @svgr/hast-util-to-babel-ast@8.0.0 want: ^4.4.0
659 silly placeDep node_modules/@svgr/plugin-svgo cosmiconfig@8.3.6 OK for: @svgr/plugin-svgo@8.1.0 want: ^8.1.3
660 silly placeDep ROOT deepmerge@4.3.1 OK for: @svgr/plugin-svgo@8.1.0 want: ^4.3.1
661 silly placeDep ROOT svgo@3.3.2 OK for: @svgr/plugin-svgo@8.1.0 want: ^3.0.2
662 silly fetch manifest csso@^5.0.5
663 silly packumentCache full:https://registry.npmjs.org/csso cache-miss
664 silly fetch manifest css-tree@^2.3.1
665 silly packumentCache full:https://registry.npmjs.org/css-tree cache-miss
666 silly fetch manifest css-what@^6.1.0
667 silly packumentCache full:https://registry.npmjs.org/css-what cache-miss
668 silly fetch manifest commander@^7.2.0
669 silly packumentCache full:https://registry.npmjs.org/commander cache-miss
670 silly fetch manifest css-select@^5.1.0
671 silly packumentCache full:https://registry.npmjs.org/css-select cache-miss
672 silly fetch manifest @trysound/sax@0.2.0
673 silly packumentCache full:https://registry.npmjs.org/@trysound%2fsax cache-miss
674 http fetch GET 200 https://registry.npmjs.org/commander 143ms (cache revalidated)
675 silly packumentCache full:https://registry.npmjs.org/commander set size:342763 disposed:false
676 http fetch GET 200 https://registry.npmjs.org/css-select 154ms (cache miss)
677 silly packumentCache full:https://registry.npmjs.org/css-select set size:undefined disposed:false
678 http fetch GET 200 https://registry.npmjs.org/css-what 159ms (cache miss)
679 silly packumentCache full:https://registry.npmjs.org/css-what set size:undefined disposed:false
680 http fetch GET 200 https://registry.npmjs.org/css-tree 193ms (cache revalidated)
681 silly packumentCache full:https://registry.npmjs.org/css-tree set size:221018 disposed:false
682 http fetch GET 200 https://registry.npmjs.org/@trysound%2fsax 196ms (cache miss)
683 silly packumentCache full:https://registry.npmjs.org/@trysound%2fsax set size:undefined disposed:false
684 http fetch GET 200 https://registry.npmjs.org/csso 214ms (cache miss)
685 silly packumentCache full:https://registry.npmjs.org/csso set size:undefined disposed:false
686 silly fetch manifest @babel/core@^7.4.0 || ^8.0.0-0 <8.0.0
687 silly packumentCache full:https://registry.npmjs.org/@babel%2fcore cache-hit
688 silly placeDep ROOT @babel/helper-define-polyfill-provider@0.6.5 OK for: babel-plugin-polyfill-corejs2@0.4.14 want: ^0.6.5
689 silly placeDep node_modules/babel-plugin-polyfill-corejs2 semver@6.3.1 OK for: babel-plugin-polyfill-corejs2@0.4.14 want: ^6.3.1
690 silly fetch manifest lodash.debounce@^4.0.8
691 silly packumentCache full:https://registry.npmjs.org/lodash.debounce cache-miss
692 http fetch GET 200 https://registry.npmjs.org/lodash.debounce 141ms (cache miss)
693 silly packumentCache full:https://registry.npmjs.org/lodash.debounce set size:undefined disposed:false
694 silly placeDep ROOT lodash.debounce@4.0.8 OK for: @babel/helper-define-polyfill-provider@0.6.5 want: ^4.0.8
695 silly placeDep ROOT regenerate@1.4.2 OK for: regexpu-core@6.4.0 want: ^1.4.2
696 silly placeDep ROOT regenerate-unicode-properties@10.2.2 OK for: regexpu-core@6.4.0 want: ^10.2.2
697 silly placeDep ROOT regjsgen@0.8.0 OK for: regexpu-core@6.4.0 want: ^0.8.0
698 silly placeDep ROOT regjsparser@0.13.0 OK for: regexpu-core@6.4.0 want: ^0.13.0
699 silly placeDep ROOT unicode-match-property-ecmascript@2.0.0 OK for: regexpu-core@6.4.0 want: ^2.0.0
700 silly placeDep ROOT unicode-match-property-value-ecmascript@2.2.1 OK for: regexpu-core@6.4.0 want: ^2.2.1
701 silly fetch manifest unicode-canonical-property-names-ecmascript@^2.0.0
702 silly packumentCache full:https://registry.npmjs.org/unicode-canonical-property-names-ecmascript cache-miss
703 silly fetch manifest unicode-property-aliases-ecmascript@^2.0.0
704 silly packumentCache full:https://registry.npmjs.org/unicode-property-aliases-ecmascript cache-miss
705 http fetch GET 200 https://registry.npmjs.org/unicode-property-aliases-ecmascript 212ms (cache miss)
706 silly packumentCache full:https://registry.npmjs.org/unicode-property-aliases-ecmascript set size:undefined disposed:false
707 http fetch GET 200 https://registry.npmjs.org/unicode-canonical-property-names-ecmascript 225ms (cache miss)
708 silly packumentCache full:https://registry.npmjs.org/unicode-canonical-property-names-ecmascript set size:undefined disposed:false
709 silly placeDep ROOT dot-case@3.0.4 OK for: snake-case@3.0.4 want: ^3.0.4
710 silly fetch manifest no-case@^3.0.4
711 silly packumentCache full:https://registry.npmjs.org/no-case cache-miss
712 http fetch GET 200 https://registry.npmjs.org/no-case 138ms (cache miss)
713 silly packumentCache full:https://registry.npmjs.org/no-case set size:undefined disposed:false
714 silly placeDep ROOT no-case@3.0.4 OK for: dot-case@3.0.4 want: ^3.0.4
715 silly fetch manifest lower-case@^2.0.2
716 silly packumentCache full:https://registry.npmjs.org/lower-case cache-miss
717 http fetch GET 200 https://registry.npmjs.org/lower-case 205ms (cache miss)
718 silly packumentCache full:https://registry.npmjs.org/lower-case set size:undefined disposed:false
719 silly placeDep ROOT lower-case@2.0.2 OK for: no-case@3.0.4 want: ^2.0.2
720 silly placeDep ROOT @trysound/sax@0.2.0 OK for: svgo@3.3.2 want: 0.2.0
721 silly placeDep node_modules/svgo commander@7.2.0 OK for: svgo@3.3.2 want: ^7.2.0
722 silly placeDep ROOT css-select@5.2.2 OK for: svgo@3.3.2 want: ^5.1.0
723 silly placeDep node_modules/svgo css-tree@2.3.1 OK for: svgo@3.3.2 want: ^2.3.1
724 silly placeDep ROOT css-what@6.2.2 OK for: svgo@3.3.2 want: ^6.1.0
725 silly placeDep ROOT csso@5.0.5 OK for: svgo@3.3.2 want: ^5.0.5
726 silly fetch manifest boolbase@^1.0.0
727 silly packumentCache full:https://registry.npmjs.org/boolbase cache-miss
728 silly fetch manifest domutils@^3.0.1
729 silly packumentCache full:https://registry.npmjs.org/domutils cache-miss
730 silly fetch manifest nth-check@^2.0.1
731 silly packumentCache full:https://registry.npmjs.org/nth-check cache-miss
732 silly fetch manifest domhandler@^5.0.2
733 silly packumentCache full:https://registry.npmjs.org/domhandler cache-miss
734 silly fetch manifest mdn-data@2.0.30
735 silly packumentCache full:https://registry.npmjs.org/mdn-data cache-miss
736 silly fetch manifest css-tree@~2.2.0
737 silly packumentCache full:https://registry.npmjs.org/css-tree cache-hit
738 http fetch GET 200 https://registry.npmjs.org/mdn-data 145ms (cache revalidated)
739 silly packumentCache full:https://registry.npmjs.org/mdn-data set size:165116 disposed:false
740 http fetch GET 200 https://registry.npmjs.org/nth-check 151ms (cache miss)
741 silly packumentCache full:https://registry.npmjs.org/nth-check set size:undefined disposed:false
742 http fetch GET 200 https://registry.npmjs.org/domutils 166ms (cache miss)
743 silly packumentCache full:https://registry.npmjs.org/domutils set size:undefined disposed:false
744 http fetch GET 200 https://registry.npmjs.org/boolbase 191ms (cache miss)
745 silly packumentCache full:https://registry.npmjs.org/boolbase set size:undefined disposed:false
746 http fetch GET 200 https://registry.npmjs.org/domhandler 226ms (cache miss)
747 silly packumentCache full:https://registry.npmjs.org/domhandler set size:undefined disposed:false
748 silly placeDep ROOT boolbase@1.0.0 OK for: css-select@5.2.2 want: ^1.0.0
749 silly placeDep ROOT domhandler@5.0.3 OK for: css-select@5.2.2 want: ^5.0.2
750 silly placeDep ROOT domutils@3.2.2 OK for: css-select@5.2.2 want: ^3.0.1
751 silly placeDep ROOT nth-check@2.1.1 OK for: css-select@5.2.2 want: ^2.0.1
752 silly fetch manifest domelementtype@^2.3.0
753 silly packumentCache full:https://registry.npmjs.org/domelementtype cache-miss
754 silly fetch manifest dom-serializer@^2.0.0
755 silly packumentCache full:https://registry.npmjs.org/dom-serializer cache-miss
756 silly fetch manifest domelementtype@^2.3.0
757 silly packumentCache full:https://registry.npmjs.org/domelementtype cache-miss
758 http fetch GET 200 https://registry.npmjs.org/dom-serializer 141ms (cache miss)
759 silly packumentCache full:https://registry.npmjs.org/dom-serializer set size:undefined disposed:false
760 http fetch GET 200 https://registry.npmjs.org/domelementtype 145ms (cache miss)
761 silly packumentCache full:https://registry.npmjs.org/domelementtype set size:undefined disposed:false
762 http fetch GET 200 https://registry.npmjs.org/domelementtype 145ms (cache miss)
763 silly packumentCache full:https://registry.npmjs.org/domelementtype set size:undefined disposed:false
764 silly placeDep node_modules/csso css-tree@2.2.1 OK for: csso@5.0.5 want: ~2.2.0
765 silly fetch manifest mdn-data@2.0.28
766 silly packumentCache full:https://registry.npmjs.org/mdn-data cache-hit
767 silly placeDep ROOT domelementtype@2.3.0 OK for: domhandler@5.0.3 want: ^2.3.0
768 silly placeDep ROOT dom-serializer@2.0.0 OK for: domutils@3.2.2 want: ^2.0.0
769 silly fetch manifest entities@^4.2.0
770 silly packumentCache full:https://registry.npmjs.org/entities cache-hit
771 silly placeDep node_modules/dom-serializer entities@4.5.0 OK for: dom-serializer@2.0.0 want: ^4.2.0
772 silly placeDep ROOT unicode-canonical-property-names-ecmascript@2.0.1 OK for: unicode-match-property-ecmascript@2.0.0 want: ^2.0.0
773 silly placeDep ROOT unicode-property-aliases-ecmascript@2.2.0 OK for: unicode-match-property-ecmascript@2.0.0 want: ^2.0.0
774 silly placeDep ROOT path-type@4.0.0 OK for: cosmiconfig@8.3.6 want: ^4.0.0
775 silly placeDep node_modules/csso mdn-data@2.0.28 OK for: css-tree@2.2.1 want: 2.0.28
776 silly placeDep node_modules/svgo mdn-data@2.0.30 OK for: css-tree@2.3.1 want: 2.0.30
777 silly reify moves {}
778 verbose reify failed optional dependency D:\CMP\frontend\node_modules\@tailwindcss\oxide-wasm32-wasi
779 silly reify mark deleted [ 'D:\\CMP\\frontend\\node_modules\\@tailwindcss\\oxide-wasm32-wasi' ]
780 silly audit bulk request {
780 silly audit   '@adobe/css-tools': [ '4.4.4' ],
780 silly audit   '@alloc/quick-lru': [ '5.2.0' ],
780 silly audit   '@asamuzakjp/css-color': [ '4.0.5' ],
780 silly audit   'lru-cache': [ '11.2.2', '5.1.1' ],
780 silly audit   '@asamuzakjp/dom-selector': [ '6.6.2' ],
780 silly audit   '@asamuzakjp/nwsapi': [ '2.3.9' ],
780 silly audit   '@babel/code-frame': [ '7.27.1' ],
780 silly audit   '@babel/compat-data': [ '7.28.4' ],
780 silly audit   '@babel/core': [ '7.28.4' ],
780 silly audit   semver: [ '6.3.1', '7.7.3' ],
780 silly audit   '@babel/generator': [ '7.28.3' ],
780 silly audit   '@babel/helper-compilation-targets': [ '7.27.2' ],
780 silly audit   '@babel/helper-globals': [ '7.28.0' ],
780 silly audit   '@babel/helper-module-imports': [ '7.27.1' ],
780 silly audit   '@babel/helper-module-transforms': [ '7.28.3' ],
780 silly audit   '@babel/helper-plugin-utils': [ '7.27.1' ],
780 silly audit   '@babel/helper-string-parser': [ '7.27.1' ],
780 silly audit   '@babel/helper-validator-identifier': [ '7.27.1' ],
780 silly audit   '@babel/helper-validator-option': [ '7.27.1' ],
780 silly audit   '@babel/helpers': [ '7.28.4' ],
780 silly audit   '@babel/parser': [ '7.28.4' ],
780 silly audit   '@babel/plugin-transform-react-jsx-self': [ '7.27.1' ],
780 silly audit   '@babel/plugin-transform-react-jsx-source': [ '7.27.1' ],
780 silly audit   '@babel/runtime': [ '7.28.4' ],
780 silly audit   '@babel/template': [ '7.27.2' ],
780 silly audit   '@babel/traverse': [ '7.28.4' ],
780 silly audit   '@babel/types': [ '7.28.4' ],
780 silly audit   '@commitlint/cli': [ '20.1.0' ],
780 silly audit   '@commitlint/config-conventional': [ '20.0.0' ],
780 silly audit   '@commitlint/config-validator': [ '20.0.0' ],
780 silly audit   '@commitlint/ensure': [ '20.0.0' ],
780 silly audit   '@commitlint/execute-rule': [ '20.0.0' ],
780 silly audit   '@commitlint/format': [ '20.0.0' ],
780 silly audit   '@commitlint/is-ignored': [ '20.0.0' ],
780 silly audit   '@commitlint/lint': [ '20.0.0' ],
780 silly audit   '@commitlint/load': [ '20.1.0' ],
780 silly audit   '@commitlint/message': [ '20.0.0' ],
780 silly audit   '@commitlint/parse': [ '20.0.0' ],
780 silly audit   '@commitlint/read': [ '20.0.0' ],
780 silly audit   '@commitlint/resolve-extends': [ '20.1.0' ],
780 silly audit   '@commitlint/rules': [ '20.0.0' ],
780 silly audit   '@commitlint/to-lines': [ '20.0.0' ],
780 silly audit   '@commitlint/top-level': [ '20.0.0' ],
780 silly audit   '@commitlint/types': [ '20.0.0' ],
780 silly audit   '@csstools/color-helpers': [ '5.1.0' ],
780 silly audit   '@csstools/css-calc': [ '2.1.4' ],
780 silly audit   '@csstools/css-color-parser': [ '3.1.0' ],
780 silly audit   '@csstools/css-parser-algorithms': [ '3.0.5' ],
780 silly audit   '@csstools/css-syntax-patches-for-csstree': [ '1.0.14' ],
780 silly audit   '@csstools/css-tokenizer': [ '3.0.4' ],
780 silly audit   '@emnapi/core': [ '1.5.0' ],
780 silly audit   '@emnapi/runtime': [ '1.5.0' ],
780 silly audit   '@emnapi/wasi-threads': [ '1.1.0' ],
780 silly audit   '@esbuild/aix-ppc64': [ '0.25.10' ],
780 silly audit   '@esbuild/android-arm': [ '0.25.10' ],
780 silly audit   '@esbuild/android-arm64': [ '0.25.10' ],
780 silly audit   '@esbuild/android-x64': [ '0.25.10' ],
780 silly audit   '@esbuild/darwin-arm64': [ '0.25.10' ],
780 silly audit   '@esbuild/darwin-x64': [ '0.25.10' ],
780 silly audit   '@esbuild/freebsd-arm64': [ '0.25.10' ],
780 silly audit   '@esbuild/freebsd-x64': [ '0.25.10' ],
780 silly audit   '@esbuild/linux-arm': [ '0.25.10' ],
780 silly audit   '@esbuild/linux-arm64': [ '0.25.10' ],
780 silly audit   '@esbuild/linux-ia32': [ '0.25.10' ],
780 silly audit   '@esbuild/linux-loong64': [ '0.25.10' ],
780 silly audit   '@esbuild/linux-mips64el': [ '0.25.10' ],
780 silly audit   '@esbuild/linux-ppc64': [ '0.25.10' ],
780 silly audit   '@esbuild/linux-riscv64': [ '0.25.10' ],
780 silly audit   '@esbuild/linux-s390x': [ '0.25.10' ],
780 silly audit   '@esbuild/linux-x64': [ '0.25.10' ],
780 silly audit   '@esbuild/netbsd-arm64': [ '0.25.10' ],
780 silly audit   '@esbuild/netbsd-x64': [ '0.25.10' ],
780 silly audit   '@esbuild/openbsd-arm64': [ '0.25.10' ],
780 silly audit   '@esbuild/openbsd-x64': [ '0.25.10' ],
780 silly audit   '@esbuild/openharmony-arm64': [ '0.25.10' ],
780 silly audit   '@esbuild/sunos-x64': [ '0.25.10' ],
780 silly audit   '@esbuild/win32-arm64': [ '0.25.10' ],
780 silly audit   '@esbuild/win32-ia32': [ '0.25.10' ],
780 silly audit   '@esbuild/win32-x64': [ '0.25.10' ],
780 silly audit   '@eslint-community/eslint-utils': [ '4.9.0' ],
780 silly audit   'eslint-visitor-keys': [ '3.4.3', '4.2.1' ],
780 silly audit   '@eslint-community/regexpp': [ '4.12.1' ],
780 silly audit   '@eslint/config-array': [ '0.21.0' ],
780 silly audit   '@eslint/config-helpers': [ '0.4.0' ],
780 silly audit   '@eslint/core': [ '0.16.0' ],
780 silly audit   '@eslint/eslintrc': [ '3.3.1' ],
780 silly audit   ajv: [ '6.12.6', '8.17.1' ],
780 silly audit   'json-schema-traverse': [ '0.4.1', '1.0.0' ],
780 silly audit   '@eslint/js': [ '9.37.0' ],
780 silly audit   '@eslint/object-schema': [ '2.1.6' ],
780 silly audit   '@eslint/plugin-kit': [ '0.4.0' ],
780 silly audit   '@humanfs/core': [ '0.19.1' ],
780 silly audit   '@humanfs/node': [ '0.16.7' ],
780 silly audit   '@humanwhocodes/module-importer': [ '1.0.1' ],
780 silly audit   '@humanwhocodes/retry': [ '0.4.3' ],
780 silly audit   '@img/colour': [ '1.0.0' ],
780 silly audit   '@img/sharp-darwin-arm64': [ '0.34.4' ],
780 silly audit   '@img/sharp-darwin-x64': [ '0.34.4' ],
780 silly audit   '@img/sharp-libvips-darwin-arm64': [ '1.2.3' ],
780 silly audit   '@img/sharp-libvips-darwin-x64': [ '1.2.3' ],
780 silly audit   '@img/sharp-libvips-linux-arm': [ '1.2.3' ],
780 silly audit   '@img/sharp-libvips-linux-arm64': [ '1.2.3' ],
780 silly audit   '@img/sharp-libvips-linux-ppc64': [ '1.2.3' ],
780 silly audit   '@img/sharp-libvips-linux-s390x': [ '1.2.3' ],
780 silly audit   '@img/sharp-libvips-linux-x64': [ '1.2.3' ],
780 silly audit   '@img/sharp-libvips-linuxmusl-arm64': [ '1.2.3' ],
780 silly audit   '@img/sharp-libvips-linuxmusl-x64': [ '1.2.3' ],
780 silly audit   '@img/sharp-linux-arm': [ '0.34.4' ],
780 silly audit   '@img/sharp-linux-arm64': [ '0.34.4' ],
780 silly audit   '@img/sharp-linux-ppc64': [ '0.34.4' ],
780 silly audit   '@img/sharp-linux-s390x': [ '0.34.4' ],
780 silly audit   '@img/sharp-linux-x64': [ '0.34.4' ],
780 silly audit   '@img/sharp-linuxmusl-arm64': [ '0.34.4' ],
780 silly audit   '@img/sharp-linuxmusl-x64': [ '0.34.4' ],
780 silly audit   '@img/sharp-wasm32': [ '0.34.4' ],
780 silly audit   '@img/sharp-win32-arm64': [ '0.34.4' ],
780 silly audit   '@img/sharp-win32-ia32': [ '0.34.4' ],
780 silly audit   '@img/sharp-win32-x64': [ '0.34.4' ],
780 silly audit   '@isaacs/fs-minipass': [ '4.0.1' ],
780 silly audit   '@jridgewell/gen-mapping': [ '0.3.13' ],
780 silly audit   '@jridgewell/remapping': [ '2.3.5' ],
780 silly audit   '@jridgewell/resolve-uri': [ '3.1.2' ],
780 silly audit   '@jridgewell/sourcemap-codec': [ '1.5.5' ],
780 silly audit   '@jridgewell/trace-mapping': [ '0.3.31' ],
780 silly audit   '@napi-rs/wasm-runtime': [ '0.2.12' ],
780 silly audit   '@next/env': [ '15.5.4' ],
780 silly audit   '@next/eslint-plugin-next': [ '15.5.4' ],
780 silly audit   '@next/swc-darwin-arm64': [ '15.5.4' ],
780 silly audit   '@next/swc-darwin-x64': [ '15.5.4' ],
780 silly audit   '@next/swc-linux-arm64-gnu': [ '15.5.4' ],
780 silly audit   '@next/swc-linux-arm64-musl': [ '15.5.4' ],
780 silly audit   '@next/swc-linux-x64-gnu': [ '15.5.4' ],
780 silly audit   '@next/swc-linux-x64-musl': [ '15.5.4' ],
780 silly audit   '@next/swc-win32-arm64-msvc': [ '15.5.4' ],
780 silly audit   '@next/swc-win32-x64-msvc': [ '15.5.4' ],
780 silly audit   '@nodelib/fs.scandir': [ '2.1.5' ],
780 silly audit   '@nodelib/fs.stat': [ '2.0.5' ],
780 silly audit   '@nodelib/fs.walk': [ '1.2.8' ],
780 silly audit   '@nolyfill/is-core-module': [ '1.0.39' ],
780 silly audit   '@pkgr/core': [ '0.2.9' ],
780 silly audit   '@rolldown/pluginutils': [ '1.0.0-beta.38' ],
780 silly audit   '@rollup/rollup-android-arm-eabi': [ '4.52.4' ],
780 silly audit   '@rollup/rollup-android-arm64': [ '4.52.4' ],
780 silly audit   '@rollup/rollup-darwin-arm64': [ '4.52.4' ],
780 silly audit   '@rollup/rollup-darwin-x64': [ '4.52.4' ],
780 silly audit   '@rollup/rollup-freebsd-arm64': [ '4.52.4' ],
780 silly audit   '@rollup/rollup-freebsd-x64': [ '4.52.4' ],
780 silly audit   '@rollup/rollup-linux-arm-gnueabihf': [ '4.52.4' ],
780 silly audit   '@rollup/rollup-linux-arm-musleabihf': [ '4.52.4' ],
780 silly audit   '@rollup/rollup-linux-arm64-gnu': [ '4.52.4' ],
780 silly audit   '@rollup/rollup-linux-arm64-musl': [ '4.52.4' ],
780 silly audit   '@rollup/rollup-linux-loong64-gnu': [ '4.52.4' ],
780 silly audit   '@rollup/rollup-linux-ppc64-gnu': [ '4.52.4' ],
780 silly audit   '@rollup/rollup-linux-riscv64-gnu': [ '4.52.4' ],
780 silly audit   '@rollup/rollup-linux-riscv64-musl': [ '4.52.4' ],
780 silly audit   '@rollup/rollup-linux-s390x-gnu': [ '4.52.4' ],
780 silly audit   '@rollup/rollup-linux-x64-gnu': [ '4.52.4' ],
780 silly audit   '@rollup/rollup-linux-x64-musl': [ '4.52.4' ],
780 silly audit   '@rollup/rollup-openharmony-arm64': [ '4.52.4' ],
780 silly audit   '@rollup/rollup-win32-arm64-msvc': [ '4.52.4' ],
780 silly audit   '@rollup/rollup-win32-ia32-msvc': [ '4.52.4' ],
780 silly audit   '@rollup/rollup-win32-x64-gnu': [ '4.52.4' ],
780 silly audit   '@rollup/rollup-win32-x64-msvc': [ '4.52.4' ],
780 silly audit   '@rtsao/scc': [ '1.1.0' ],
780 silly audit   '@rushstack/eslint-patch': [ '1.13.0' ],
780 silly audit   '@swc/helpers': [ '0.5.15' ],
780 silly audit   '@tailwindcss/node': [ '4.1.14' ],
780 silly audit   '@tailwindcss/oxide': [ '4.1.14' ],
780 silly audit   '@tailwindcss/oxide-android-arm64': [ '4.1.14' ],
780 silly audit   '@tailwindcss/oxide-darwin-arm64': [ '4.1.14' ],
780 silly audit   '@tailwindcss/oxide-darwin-x64': [ '4.1.14' ],
780 silly audit   '@tailwindcss/oxide-freebsd-x64': [ '4.1.14' ],
780 silly audit   '@tailwindcss/oxide-linux-arm-gnueabihf': [ '4.1.14' ],
780 silly audit   '@tailwindcss/oxide-linux-arm64-gnu': [ '4.1.14' ],
780 silly audit   '@tailwindcss/oxide-linux-arm64-musl': [ '4.1.14' ],
780 silly audit   '@tailwindcss/oxide-linux-x64-gnu': [ '4.1.14' ],
780 silly audit   '@tailwindcss/oxide-linux-x64-musl': [ '4.1.14' ],
780 silly audit   '@tailwindcss/oxide-win32-arm64-msvc': [ '4.1.14' ],
780 silly audit   '@tailwindcss/oxide-win32-x64-msvc': [ '4.1.14' ],
780 silly audit   '@tailwindcss/postcss': [ '4.1.14' ],
780 silly audit   '@tanstack/query-core': [ '5.90.2' ],
780 silly audit   '@tanstack/react-query': [ '5.90.2' ],
780 silly audit   '@testing-library/dom': [ '10.4.1' ],
780 silly audit   '@testing-library/jest-dom': [ '6.9.1' ],
780 silly audit   'dom-accessibility-api': [ '0.6.3', '0.5.16' ],
780 silly audit   '@testing-library/react': [ '16.3.0' ],
780 silly audit   '@testing-library/user-event': [ '14.6.1' ],
780 silly audit   '@tybys/wasm-util': [ '0.10.1' ],
780 silly audit   '@types/aria-query': [ '5.0.4' ],
780 silly audit   '@types/babel__core': [ '7.20.5' ],
780 silly audit   '@types/babel__generator': [ '7.27.0' ],
780 silly audit   '@types/babel__template': [ '7.4.4' ],
780 silly audit   '@types/babel__traverse': [ '7.28.0' ],
780 silly audit   '@types/chai': [ '5.2.2' ],
780 silly audit   '@types/conventional-commits-parser': [ '5.0.1' ],
780 silly audit   '@types/deep-eql': [ '4.0.2' ],
780 silly audit   '@types/estree': [ '1.0.8' ],
780 silly audit   '@types/json-schema': [ '7.0.15' ],
780 silly audit   '@types/json5': [ '0.0.29' ],
780 silly audit   '@types/node': [ '20.19.21' ],
780 silly audit   '@types/react': [ '19.2.2' ],
780 silly audit   '@types/react-dom': [ '19.2.1' ],
780 silly audit   '@typescript-eslint/eslint-plugin': [ '8.46.0' ],
780 silly audit   ignore: [ '7.0.5', '5.3.2' ],
780 silly audit   '@typescript-eslint/parser': [ '8.46.0' ],
780 silly audit   '@typescript-eslint/project-service': [ '8.46.0' ],
780 silly audit   '@typescript-eslint/scope-manager': [ '8.46.0' ],
780 silly audit   '@typescript-eslint/tsconfig-utils': [ '8.46.0' ],
780 silly audit   '@typescript-eslint/type-utils': [ '8.46.0' ],
780 silly audit   '@typescript-eslint/types': [ '8.46.0' ],
780 silly audit   '@typescript-eslint/typescript-estree': [ '8.46.0' ],
780 silly audit   'brace-expansion': [ '2.0.2', '1.1.12' ],
780 silly audit   'fast-glob': [ '3.3.3', '3.3.1' ],
780 silly audit   'glob-parent': [ '5.1.2', '6.0.2' ],
780 silly audit   minimatch: [ '9.0.5', '3.1.2' ],
780 silly audit   '@typescript-eslint/utils': [ '8.46.0' ],
780 silly audit   '@typescript-eslint/visitor-keys': [ '8.46.0' ],
780 silly audit   '@unrs/resolver-binding-android-arm-eabi': [ '1.11.1' ],
780 silly audit   '@unrs/resolver-binding-android-arm64': [ '1.11.1' ],
780 silly audit   '@unrs/resolver-binding-darwin-arm64': [ '1.11.1' ],
780 silly audit   '@unrs/resolver-binding-darwin-x64': [ '1.11.1' ],
780 silly audit   '@unrs/resolver-binding-freebsd-x64': [ '1.11.1' ],
780 silly audit   '@unrs/resolver-binding-linux-arm-gnueabihf': [ '1.11.1' ],
780 silly audit   '@unrs/resolver-binding-linux-arm-musleabihf': [ '1.11.1' ],
780 silly audit   '@unrs/resolver-binding-linux-arm64-gnu': [ '1.11.1' ],
780 silly audit   '@unrs/resolver-binding-linux-arm64-musl': [ '1.11.1' ],
780 silly audit   '@unrs/resolver-binding-linux-ppc64-gnu': [ '1.11.1' ],
780 silly audit   '@unrs/resolver-binding-linux-riscv64-gnu': [ '1.11.1' ],
780 silly audit   '@unrs/resolver-binding-linux-riscv64-musl': [ '1.11.1' ],
780 silly audit   '@unrs/resolver-binding-linux-s390x-gnu': [ '1.11.1' ],
780 silly audit   '@unrs/resolver-binding-linux-x64-gnu': [ '1.11.1' ],
780 silly audit   '@unrs/resolver-binding-linux-x64-musl': [ '1.11.1' ],
780 silly audit   '@unrs/resolver-binding-wasm32-wasi': [ '1.11.1' ],
780 silly audit   '@unrs/resolver-binding-win32-arm64-msvc': [ '1.11.1' ],
780 silly audit   '@unrs/resolver-binding-win32-ia32-msvc': [ '1.11.1' ],
780 silly audit   '@unrs/resolver-binding-win32-x64-msvc': [ '1.11.1' ],
780 silly audit   '@vitejs/plugin-react': [ '5.0.4' ],
780 silly audit   '@vitest/expect': [ '3.2.4' ],
780 silly audit   '@vitest/mocker': [ '3.2.4' ],
780 silly audit   '@vitest/pretty-format': [ '3.2.4' ],
780 silly audit   '@vitest/runner': [ '3.2.4' ],
780 silly audit   '@vitest/snapshot': [ '3.2.4' ],
780 silly audit   '@vitest/spy': [ '3.2.4' ],
780 silly audit   '@vitest/utils': [ '3.2.4' ],
780 silly audit   acorn: [ '8.15.0' ],
780 silly audit   'acorn-jsx': [ '5.3.2' ],
780 silly audit   'agent-base': [ '7.1.4' ],
780 silly audit   'ansi-escapes': [ '7.1.1' ],
780 silly audit   'ansi-regex': [ '5.0.1', '6.2.2' ],
780 silly audit   'ansi-styles': [ '5.2.0', '4.3.0', '6.2.3' ],
780 silly audit   argparse: [ '2.0.1' ],
780 silly audit   'aria-query': [ '5.3.0', '5.3.2' ],
780 silly audit   'array-buffer-byte-length': [ '1.0.2' ],
780 silly audit   'array-ify': [ '1.0.0' ],
780 silly audit   'array-includes': [ '3.1.9' ],
780 silly audit   'array.prototype.findlast': [ '1.2.5' ],
780 silly audit   'array.prototype.findlastindex': [ '1.2.6' ],
780 silly audit   'array.prototype.flat': [ '1.3.3' ],
780 silly audit   'array.prototype.flatmap': [ '1.3.3' ],
780 silly audit   'array.prototype.tosorted': [ '1.1.4' ],
780 silly audit   'arraybuffer.prototype.slice': [ '1.0.4' ],
780 silly audit   'assertion-error': [ '2.0.1' ],
780 silly audit   'ast-types-flow': [ '0.0.8' ],
780 silly audit   'async-function': [ '1.0.0' ],
780 silly audit   'available-typed-arrays': [ '1.0.7' ],
780 silly audit   'axe-core': [ '4.11.0' ],
780 silly audit   'axobject-query': [ '4.1.0' ],
780 silly audit   'balanced-match': [ '1.0.2' ],
780 silly audit   'baseline-browser-mapping': [ '2.8.16' ],
780 silly audit   'bidi-js': [ '1.0.3' ],
780 silly audit   braces: [ '3.0.3' ],
780 silly audit   browserslist: [ '4.26.3' ],
780 silly audit   cac: [ '6.7.14' ],
780 silly audit   'call-bind': [ '1.0.8' ],
780 silly audit   'call-bind-apply-helpers': [ '1.0.2' ],
780 silly audit   'call-bound': [ '1.0.4' ],
780 silly audit   callsites: [ '3.1.0' ],
780 silly audit   'caniuse-lite': [ '1.0.30001750' ],
780 silly audit   chai: [ '5.3.3' ],
780 silly audit   chalk: [ '5.6.2', '4.1.2' ],
780 silly audit   'check-error': [ '2.1.1' ],
780 silly audit   chownr: [ '3.0.0' ],
780 silly audit   'cli-cursor': [ '5.0.0' ],
780 silly audit   'cli-truncate': [ '5.1.0' ],
780 silly audit   'client-only': [ '0.0.1' ],
780 silly audit   cliui: [ '8.0.1' ],
780 silly audit   'emoji-regex': [ '8.0.0', '9.2.2', '10.5.0' ],
780 silly audit   'is-fullwidth-code-point': [ '3.0.0', '5.1.0' ],
780 silly audit   'string-width': [ '4.2.3', '8.1.0', '7.2.0' ],
780 silly audit   'strip-ansi': [ '6.0.1', '7.1.2' ],
780 silly audit   'wrap-ansi': [ '7.0.0', '9.0.2' ],
780 silly audit   'color-convert': [ '2.0.1' ],
780 silly audit   'color-name': [ '1.1.4' ],
780 silly audit   colorette: [ '2.0.20' ],
780 silly audit   commander: [ '14.0.1', '7.2.0' ],
780 silly audit   'compare-func': [ '2.0.0' ],
780 silly audit   'concat-map': [ '0.0.1' ],
780 silly audit   'conventional-changelog-angular': [ '7.0.0' ],
780 silly audit   'conventional-changelog-conventionalcommits': [ '7.0.2' ],
780 silly audit   'conventional-commits-parser': [ '5.0.0' ],
780 silly audit   'convert-source-map': [ '2.0.0' ],
780 silly audit   cosmiconfig: [ '9.0.0', '8.3.6' ],
780 silly audit   'cosmiconfig-typescript-loader': [ '6.2.0' ],
780 silly audit   'cross-spawn': [ '7.0.6' ],
780 silly audit   'css-tree': [ '3.1.0', '2.3.1', '2.2.1' ],
780 silly audit   'css.escape': [ '1.5.1' ],
780 silly audit   cssstyle: [ '5.3.1' ],
780 silly audit   csstype: [ '3.1.3' ],
780 silly audit   'damerau-levenshtein': [ '1.0.8' ],
780 silly audit   dargs: [ '8.1.0' ],
780 silly audit   'data-urls': [ '6.0.0' ],
780 silly audit   'data-view-buffer': [ '1.0.2' ],
780 silly audit   'data-view-byte-length': [ '1.0.2' ],
780 silly audit   'data-view-byte-offset': [ '1.0.1' ],
780 silly audit   debug: [ '4.4.3', '3.2.7' ],
780 silly audit   'decimal.js': [ '10.6.0' ],
780 silly audit   'deep-eql': [ '5.0.2' ],
780 silly audit   'deep-is': [ '0.1.4' ],
780 silly audit   'define-data-property': [ '1.1.4' ],
780 silly audit   'define-properties': [ '1.2.1' ],
780 silly audit   dequal: [ '2.0.3' ],
780 silly audit   'detect-libc': [ '2.1.2' ],
780 silly audit   doctrine: [ '2.1.0' ],
780 silly audit   'dot-prop': [ '5.3.0' ],
780 silly audit   'dunder-proto': [ '1.0.1' ],
780 silly audit   'electron-to-chromium': [ '1.5.234' ],
780 silly audit   'enhanced-resolve': [ '5.18.3' ],
780 silly audit   entities: [ '6.0.1', '4.5.0' ],
780 silly audit   'env-paths': [ '2.2.1' ],
780 silly audit   environment: [ '1.1.0' ],
780 silly audit   'error-ex': [ '1.3.4' ],
780 silly audit   'es-abstract': [ '1.24.0' ],
780 silly audit   'es-define-property': [ '1.0.1' ],
780 silly audit   'es-errors': [ '1.3.0' ],
780 silly audit   'es-iterator-helpers': [ '1.2.1' ],
780 silly audit   'es-module-lexer': [ '1.7.0' ],
780 silly audit   'es-object-atoms': [ '1.1.1' ],
780 silly audit   'es-set-tostringtag': [ '2.1.0' ],
780 silly audit   'es-shim-unscopables': [ '1.1.0' ],
780 silly audit   'es-to-primitive': [ '1.3.0' ],
780 silly audit   esbuild: [ '0.25.10' ],
780 silly audit   escalade: [ '3.2.0' ],
780 silly audit   'escape-string-regexp': [ '4.0.0' ],
780 silly audit   eslint: [ '9.37.0' ],
780 silly audit   'eslint-config-next': [ '15.5.4' ],
780 silly audit   'eslint-config-prettier': [ '10.1.8' ],
780 silly audit   'eslint-import-resolver-node': [ '0.3.9' ],
780 silly audit   'eslint-import-resolver-typescript': [ '3.10.1' ],
780 silly audit   'eslint-module-utils': [ '2.12.1' ],
780 silly audit   'eslint-plugin-import': [ '2.32.0' ],
780 silly audit   'eslint-plugin-jsx-a11y': [ '6.10.2' ],
780 silly audit   'eslint-plugin-prettier': [ '5.5.4' ],
780 silly audit   'eslint-plugin-react': [ '7.37.5' ],
780 silly audit   'eslint-plugin-react-hooks': [ '5.2.0' ],
780 silly audit   resolve: [ '2.0.0-next.5', '1.22.10' ],
780 silly audit   'eslint-scope': [ '8.4.0' ],
780 silly audit   'find-up': [ '5.0.0', '7.0.0' ],
780 silly audit   'locate-path': [ '6.0.0', '7.2.0' ],
780 silly audit   'p-limit': [ '3.1.0', '4.0.0' ],
780 silly audit   'p-locate': [ '5.0.0', '6.0.0' ],
780 silly audit   'path-exists': [ '4.0.0', '5.0.0' ],
780 silly audit   'yocto-queue': [ '0.1.0', '1.2.1' ],
780 silly audit   espree: [ '10.4.0' ],
780 silly audit   esquery: [ '1.6.0' ],
780 silly audit   esrecurse: [ '4.3.0' ],
780 silly audit   estraverse: [ '5.3.0' ],
780 silly audit   'estree-walker': [ '3.0.3' ],
780 silly audit   esutils: [ '2.0.3' ],
780 silly audit   eventemitter3: [ '5.0.1' ],
780 silly audit   'expect-type': [ '1.2.2' ],
780 silly audit   'fast-deep-equal': [ '3.1.3' ],
780 silly audit   'fast-diff': [ '1.3.0' ],
780 silly audit   'fast-json-stable-stringify': [ '2.1.0' ],
780 silly audit   'fast-levenshtein': [ '2.0.6' ],
780 silly audit   'fast-uri': [ '3.1.0' ],
780 silly audit   fastq: [ '1.19.1' ],
780 silly audit   'file-entry-cache': [ '8.0.0' ],
780 silly audit   'fill-range': [ '7.1.1' ],
780 silly audit   'flat-cache': [ '4.0.1' ],
780 silly audit   flatted: [ '3.3.3' ],
780 silly audit   'for-each': [ '0.3.5' ],
780 silly audit   fsevents: [ '2.3.3' ],
780 silly audit   'function-bind': [ '1.1.2' ],
780 silly audit   'function.prototype.name': [ '1.1.8' ],
780 silly audit   'functions-have-names': [ '1.2.3' ],
780 silly audit   'generator-function': [ '2.0.1' ],
780 silly audit   gensync: [ '1.0.0-beta.2' ],
780 silly audit   'get-caller-file': [ '2.0.5' ],
780 silly audit   'get-east-asian-width': [ '1.4.0' ],
780 silly audit   'get-intrinsic': [ '1.3.0' ],
780 silly audit   'get-proto': [ '1.0.1' ],
780 silly audit   'get-symbol-description': [ '1.1.0' ],
780 silly audit   'get-tsconfig': [ '4.12.0' ],
780 silly audit   'git-raw-commits': [ '4.0.0' ],
780 silly audit   'global-directory': [ '4.0.1' ],
780 silly audit   globals: [ '14.0.0' ],
780 silly audit   globalthis: [ '1.0.4' ],
780 silly audit   gopd: [ '1.2.0' ],
780 silly audit   'graceful-fs': [ '4.2.11' ],
780 silly audit   graphemer: [ '1.4.0' ],
780 silly audit   'has-bigints': [ '1.1.0' ],
780 silly audit   'has-flag': [ '4.0.0' ],
780 silly audit   'has-property-descriptors': [ '1.0.2' ],
780 silly audit   'has-proto': [ '1.2.0' ],
780 silly audit   'has-symbols': [ '1.1.0' ],
780 silly audit   'has-tostringtag': [ '1.0.2' ],
780 silly audit   hasown: [ '2.0.2' ],
780 silly audit   'html-encoding-sniffer': [ '4.0.0' ],
780 silly audit   'http-proxy-agent': [ '7.0.2' ],
780 silly audit   'https-proxy-agent': [ '7.0.6' ],
780 silly audit   husky: [ '9.1.7' ],
780 silly audit   'iconv-lite': [ '0.6.3' ],
780 silly audit   'import-fresh': [ '3.3.1' ],
780 silly audit   'resolve-from': [ '4.0.0', '5.0.0' ],
780 silly audit   'import-meta-resolve': [ '4.2.0' ],
780 silly audit   imurmurhash: [ '0.1.4' ],
780 silly audit   'indent-string': [ '4.0.0' ],
780 silly audit   ini: [ '4.1.1' ],
780 silly audit   'internal-slot': [ '1.1.0' ],
780 silly audit   'is-array-buffer': [ '3.0.5' ],
780 silly audit   'is-arrayish': [ '0.2.1' ],
780 silly audit   'is-async-function': [ '2.1.1' ],
780 silly audit   'is-bigint': [ '1.1.0' ],
780 silly audit   'is-boolean-object': [ '1.2.2' ],
780 silly audit   'is-bun-module': [ '2.0.0' ],
780 silly audit   'is-callable': [ '1.2.7' ],
780 silly audit   'is-core-module': [ '2.16.1' ],
780 silly audit   'is-data-view': [ '1.0.2' ],
780 silly audit   'is-date-object': [ '1.1.0' ],
780 silly audit   'is-extglob': [ '2.1.1' ],
780 silly audit   'is-finalizationregistry': [ '1.1.1' ],
780 silly audit   'is-generator-function': [ '1.1.2' ],
780 silly audit   'is-glob': [ '4.0.3' ],
780 silly audit   'is-map': [ '2.0.3' ],
780 silly audit   'is-negative-zero': [ '2.0.3' ],
780 silly audit   'is-number': [ '7.0.0' ],
780 silly audit   'is-number-object': [ '1.1.1' ],
780 silly audit   'is-obj': [ '2.0.0' ],
780 silly audit   'is-potential-custom-element-name': [ '1.0.1' ],
780 silly audit   'is-regex': [ '1.2.1' ],
780 silly audit   'is-set': [ '2.0.3' ],
780 silly audit   'is-shared-array-buffer': [ '1.0.4' ],
780 silly audit   'is-string': [ '1.1.1' ],
780 silly audit   'is-symbol': [ '1.1.1' ],
780 silly audit   'is-text-path': [ '2.0.0' ],
780 silly audit   'is-typed-array': [ '1.1.15' ],
780 silly audit   'is-weakmap': [ '2.0.2' ],
780 silly audit   'is-weakref': [ '1.1.1' ],
780 silly audit   'is-weakset': [ '2.0.4' ],
780 silly audit   isarray: [ '2.0.5' ],
780 silly audit   isexe: [ '2.0.0' ],
780 silly audit   'iterator.prototype': [ '1.1.5' ],
780 silly audit   jiti: [ '2.6.1' ],
780 silly audit   'js-tokens': [ '4.0.0', '9.0.1' ],
780 silly audit   'js-yaml': [ '4.1.0' ],
780 silly audit   jsdom: [ '27.0.0' ],
780 silly audit   jsesc: [ '3.1.0' ],
780 silly audit   'json-buffer': [ '3.0.1' ],
780 silly audit   'json-parse-even-better-errors': [ '2.3.1' ],
780 silly audit   'json-stable-stringify-without-jsonify': [ '1.0.1' ],
780 silly audit   json5: [ '2.2.3', '1.0.2' ],
780 silly audit   jsonparse: [ '1.3.1' ],
780 silly audit   JSONStream: [ '1.3.5' ],
780 silly audit   'jsx-ast-utils': [ '3.3.5' ],
780 silly audit   keyv: [ '4.5.4' ],
780 silly audit   'language-subtag-registry': [ '0.3.23' ],
780 silly audit   'language-tags': [ '1.0.9' ],
780 silly audit   levn: [ '0.4.1' ],
780 silly audit   lightningcss: [ '1.30.1' ],
780 silly audit   'lightningcss-darwin-arm64': [ '1.30.1' ],
780 silly audit   'lightningcss-darwin-x64': [ '1.30.1' ],
780 silly audit   'lightningcss-freebsd-x64': [ '1.30.1' ],
780 silly audit   'lightningcss-linux-arm-gnueabihf': [ '1.30.1' ],
780 silly audit   'lightningcss-linux-arm64-gnu': [ '1.30.1' ],
780 silly audit   'lightningcss-linux-arm64-musl': [ '1.30.1' ],
780 silly audit   'lightningcss-linux-x64-gnu': [ '1.30.1' ],
780 silly audit   'lightningcss-linux-x64-musl': [ '1.30.1' ],
780 silly audit   'lightningcss-win32-arm64-msvc': [ '1.30.1' ],
780 silly audit   'lightningcss-win32-x64-msvc': [ '1.30.1' ],
780 silly audit   'lines-and-columns': [ '1.2.4' ],
780 silly audit   'lint-staged': [ '16.2.4' ],
780 silly audit   listr2: [ '9.0.4' ],
780 silly audit   'lodash.camelcase': [ '4.3.0' ],
780 silly audit   'lodash.isplainobject': [ '4.0.6' ],
780 silly audit   'lodash.kebabcase': [ '4.1.1' ],
780 silly audit   'lodash.merge': [ '4.6.2' ],
780 silly audit   'lodash.mergewith': [ '4.6.2' ],
780 silly audit   'lodash.snakecase': [ '4.1.1' ],
780 silly audit   'lodash.startcase': [ '4.4.0' ],
780 silly audit   'lodash.uniq': [ '4.5.0' ],
780 silly audit   'lodash.upperfirst': [ '4.3.1' ],
780 silly audit   'log-update': [ '6.1.0' ],
780 silly audit   'loose-envify': [ '1.4.0' ],
780 silly audit   loupe: [ '3.2.1' ],
780 silly audit   'lz-string': [ '1.5.0' ],
780 silly audit   'magic-string': [ '0.30.19' ],
780 silly audit   'math-intrinsics': [ '1.1.0' ],
780 silly audit   'mdn-data': [ '2.12.2', '2.0.28', '2.0.30' ],
780 silly audit   meow: [ '12.1.1' ],
780 silly audit   merge2: [ '1.4.1' ],
780 silly audit   micromatch: [ '4.0.8' ],
780 silly audit   'mimic-function': [ '5.0.1' ],
780 silly audit   'min-indent': [ '1.0.1' ],
780 silly audit   minimist: [ '1.2.8' ],
780 silly audit   minipass: [ '7.1.2' ],
780 silly audit   minizlib: [ '3.1.0' ],
780 silly audit   ms: [ '2.1.3' ],
780 silly audit   'nano-spawn': [ '2.0.0' ],
780 silly audit   nanoid: [ '3.3.11' ],
780 silly audit   'napi-postinstall': [ '0.3.4' ],
780 silly audit   'natural-compare': [ '1.4.0' ],
780 silly audit   next: [ '15.5.4' ],
780 silly audit   postcss: [ '8.4.31', '8.5.6' ],
780 silly audit   'node-releases': [ '2.0.23' ],
780 silly audit   'object-assign': [ '4.1.1' ],
780 silly audit   'object-inspect': [ '1.13.4' ],
780 silly audit   'object-keys': [ '1.1.1' ],
780 silly audit   'object.assign': [ '4.1.7' ],
780 silly audit   'object.entries': [ '1.1.9' ],
780 silly audit   'object.fromentries': [ '2.0.8' ],
780 silly audit   'object.groupby': [ '1.0.3' ],
780 silly audit   'object.values': [ '1.2.1' ],
780 silly audit   onetime: [ '7.0.0' ],
780 silly audit   optionator: [ '0.9.4' ],
780 silly audit   'own-keys': [ '1.0.1' ],
780 silly audit   'parent-module': [ '1.0.1' ],
780 silly audit   'parse-json': [ '5.2.0' ],
780 silly audit   parse5: [ '7.3.0' ],
780 silly audit   'path-key': [ '3.1.1' ],
780 silly audit   'path-parse': [ '1.0.7' ],
780 silly audit   pathe: [ '2.0.3' ],
780 silly audit   pathval: [ '2.0.1' ],
780 silly audit   picocolors: [ '1.1.1' ],
780 silly audit   picomatch: [ '2.3.1', '4.0.3' ],
780 silly audit   pidtree: [ '0.6.0' ],
780 silly audit   'possible-typed-array-names': [ '1.1.0' ],
780 silly audit   'prelude-ls': [ '1.2.1' ],
780 silly audit   prettier: [ '3.6.2' ],
780 silly audit   'prettier-linter-helpers': [ '1.0.0' ],
780 silly audit   'pretty-format': [ '27.5.1' ],
780 silly audit   'prop-types': [ '15.8.1' ],
780 silly audit   'react-is': [ '16.13.1', '17.0.2' ],
780 silly audit   punycode: [ '2.3.1' ],
780 silly audit   'queue-microtask': [ '1.2.3' ],
780 silly audit   react: [ '19.1.0' ],
780 silly audit   'react-dom': [ '19.1.0' ],
780 silly audit   'react-refresh': [ '0.17.0' ],
780 silly audit   redent: [ '3.0.0' ],
780 silly audit   'reflect.getprototypeof': [ '1.0.10' ],
780 silly audit   'regexp.prototype.flags': [ '1.5.4' ],
780 silly audit   'require-directory': [ '2.1.1' ],
780 silly audit   'require-from-string': [ '2.0.2' ],
780 silly audit   'resolve-pkg-maps': [ '1.0.0' ],
780 silly audit   'restore-cursor': [ '5.1.0' ],
780 silly audit   reusify: [ '1.1.0' ],
780 silly audit   rfdc: [ '1.4.1' ],
780 silly audit   rollup: [ '4.52.4' ],
780 silly audit   'rrweb-cssom': [ '0.8.0' ],
780 silly audit   'run-parallel': [ '1.2.0' ],
780 silly audit   'safe-array-concat': [ '1.1.3' ],
780 silly audit   'safe-push-apply': [ '1.0.0' ],
780 silly audit   'safe-regex-test': [ '1.1.0' ],
780 silly audit   'safer-buffer': [ '2.1.2' ],
780 silly audit   saxes: [ '6.0.0' ],
780 silly audit   scheduler: [ '0.26.0' ],
780 silly audit   'set-function-length': [ '1.2.2' ],
780 silly audit   'set-function-name': [ '2.0.2' ],
780 silly audit   'set-proto': [ '1.0.0' ],
780 silly audit   sharp: [ '0.34.4' ],
780 silly audit   'shebang-command': [ '2.0.0' ],
780 silly audit   'shebang-regex': [ '3.0.0' ],
780 silly audit   'side-channel': [ '1.1.0' ],
780 silly audit   'side-channel-list': [ '1.0.0' ],
780 silly audit   'side-channel-map': [ '1.0.1' ],
780 silly audit   'side-channel-weakmap': [ '1.0.2' ],
780 silly audit   siginfo: [ '2.0.0' ],
780 silly audit   'signal-exit': [ '4.1.0' ],
780 silly audit   'slice-ansi': [ '7.1.2' ],
780 silly audit   'source-map-js': [ '1.2.1' ],
780 silly audit   split2: [ '4.2.0' ],
780 silly audit   'stable-hash': [ '0.0.5' ],
780 silly audit   stackback: [ '0.0.2' ],
780 silly audit   'std-env': [ '3.9.0' ],
780 silly audit   'stop-iteration-iterator': [ '1.1.0' ],
780 silly audit   'string-argv': [ '0.3.2' ],
780 silly audit   'string.prototype.includes': [ '2.0.1' ],
780 silly audit   'string.prototype.matchall': [ '4.0.12' ],
780 silly audit   'string.prototype.repeat': [ '1.0.0' ],
780 silly audit   'string.prototype.trim': [ '1.2.10' ],
780 silly audit   'string.prototype.trimend': [ '1.0.9' ],
780 silly audit   'string.prototype.trimstart': [ '1.0.8' ],
780 silly audit   'strip-bom': [ '3.0.0' ],
780 silly audit   'strip-indent': [ '3.0.0' ],
780 silly audit   'strip-json-comments': [ '3.1.1' ],
780 silly audit   'strip-literal': [ '3.1.0' ],
780 silly audit   'styled-jsx': [ '5.1.6' ],
780 silly audit   'supports-color': [ '7.2.0' ],
780 silly audit   'supports-preserve-symlinks-flag': [ '1.0.0' ],
780 silly audit   'symbol-tree': [ '3.2.4' ],
780 silly audit   synckit: [ '0.11.11' ],
780 silly audit   tailwindcss: [ '4.1.14' ],
780 silly audit   tapable: [ '2.3.0' ],
780 silly audit   tar: [ '7.5.1' ],
780 silly audit   yallist: [ '5.0.0', '3.1.1' ],
780 silly audit   'text-extensions': [ '2.4.0' ],
780 silly audit   through: [ '2.3.8' ],
780 silly audit   tinybench: [ '2.9.0' ],
780 silly audit   tinyexec: [ '1.0.1', '0.3.2' ],
780 silly audit   tinyglobby: [ '0.2.15' ],
780 silly audit   fdir: [ '6.5.0' ],
780 silly audit   tinypool: [ '1.1.1' ],
780 silly audit   tinyrainbow: [ '2.0.0' ],
780 silly audit   tinyspy: [ '4.0.4' ],
780 silly audit   tldts: [ '7.0.17' ],
780 silly audit   'tldts-core': [ '7.0.17' ],
780 silly audit   'to-regex-range': [ '5.0.1' ],
780 silly audit   'tough-cookie': [ '6.0.0' ],
780 silly audit   tr46: [ '6.0.0' ],
780 silly audit   'ts-api-utils': [ '2.1.0' ],
780 silly audit   'tsconfig-paths': [ '3.15.0' ],
780 silly audit   tslib: [ '2.8.1' ],
780 silly audit   'type-check': [ '0.4.0' ],
780 silly audit   'typed-array-buffer': [ '1.0.3' ],
780 silly audit   'typed-array-byte-length': [ '1.0.3' ],
780 silly audit   'typed-array-byte-offset': [ '1.0.4' ],
780 silly audit   'typed-array-length': [ '1.0.7' ],
780 silly audit   typescript: [ '5.9.3' ],
780 silly audit   'unbox-primitive': [ '1.1.0' ],
780 silly audit   'undici-types': [ '6.21.0' ],
780 silly audit   'unicorn-magic': [ '0.1.0' ],
780 silly audit   'unrs-resolver': [ '1.11.1' ],
780 silly audit   'update-browserslist-db': [ '1.1.3' ],
780 silly audit   'uri-js': [ '4.4.1' ],
780 silly audit   vite: [ '7.1.9' ],
780 silly audit   'vite-node': [ '3.2.4' ],
780 silly audit   vitest: [ '3.2.4' ],
780 silly audit   'w3c-xmlserializer': [ '5.0.0' ],
780 silly audit   'webidl-conversions': [ '8.0.0' ],
780 silly audit   'whatwg-encoding': [ '3.1.1' ],
780 silly audit   'whatwg-mimetype': [ '4.0.0' ],
780 silly audit   'whatwg-url': [ '15.1.0' ],
780 silly audit   which: [ '2.0.2' ],
780 silly audit   'which-boxed-primitive': [ '1.1.1' ],
780 silly audit   'which-builtin-type': [ '1.2.1' ],
780 silly audit   'which-collection': [ '1.0.2' ],
780 silly audit   'which-typed-array': [ '1.1.19' ],
780 silly audit   'why-is-node-running': [ '2.3.0' ],
780 silly audit   'word-wrap': [ '1.2.5' ],
780 silly audit   ws: [ '8.18.3' ],
780 silly audit   'xml-name-validator': [ '5.0.0' ],
780 silly audit   xmlchars: [ '2.2.0' ],
780 silly audit   y18n: [ '5.0.8' ],
780 silly audit   yaml: [ '2.8.1' ],
780 silly audit   yargs: [ '17.7.2' ],
780 silly audit   'yargs-parser': [ '21.1.1' ],
780 silly audit   zustand: [ '5.0.8' ],
780 silly audit   '@svgr/webpack': [ '8.1.0' ],
780 silly audit   '@babel/plugin-transform-react-constant-elements': [ '7.27.1' ],
780 silly audit   '@babel/preset-env': [ '7.28.3' ],
780 silly audit   '@babel/preset-react': [ '7.27.1' ],
780 silly audit   '@babel/preset-typescript': [ '7.27.1' ],
780 silly audit   '@svgr/core': [ '8.1.0' ],
780 silly audit   '@svgr/plugin-jsx': [ '8.1.0' ],
780 silly audit   '@svgr/plugin-svgo': [ '8.1.0' ],
780 silly audit   '@babel/plugin-bugfix-firefox-class-in-computed-class-key': [ '7.27.1' ],
780 silly audit   '@babel/plugin-bugfix-safari-class-field-initializer-scope': [ '7.27.1' ],
780 silly audit   '@babel/plugin-bugfix-safari-id-destructuring-collision-in-function-expression': [ '7.27.1' ],
780 silly audit   '@babel/plugin-bugfix-v8-spread-parameters-in-optional-chaining': [ '7.27.1' ],
780 silly audit   '@babel/plugin-bugfix-v8-static-class-fields-redefine-readonly': [ '7.28.3' ],
780 silly audit   '@babel/plugin-proposal-private-property-in-object': [ '7.21.0-placeholder-for-preset-env.2' ],
780 silly audit   '@babel/plugin-syntax-import-assertions': [ '7.27.1' ],
780 silly audit   '@babel/plugin-syntax-import-attributes': [ '7.27.1' ],
780 silly audit   '@babel/plugin-syntax-unicode-sets-regex': [ '7.18.6' ],
780 silly audit   '@babel/plugin-transform-arrow-functions': [ '7.27.1' ],
780 silly audit   '@babel/plugin-transform-async-generator-functions': [ '7.28.0' ],
780 silly audit   '@babel/plugin-transform-async-to-generator': [ '7.27.1' ],
780 silly audit   '@babel/plugin-transform-block-scoped-functions': [ '7.27.1' ],
780 silly audit   '@babel/plugin-transform-block-scoping': [ '7.28.4' ],
780 silly audit   '@babel/plugin-transform-class-properties': [ '7.27.1' ],
780 silly audit   '@babel/plugin-transform-class-static-block': [ '7.28.3' ],
780 silly audit   '@babel/plugin-transform-classes': [ '7.28.4' ],
780 silly audit   '@babel/plugin-transform-computed-properties': [ '7.27.1' ],
780 silly audit   '@babel/plugin-transform-destructuring': [ '7.28.0' ],
780 silly audit   '@babel/plugin-transform-dotall-regex': [ '7.27.1' ],
780 silly audit   '@babel/plugin-transform-duplicate-keys': [ '7.27.1' ],
780 silly audit   '@babel/plugin-transform-duplicate-named-capturing-groups-regex': [ '7.27.1' ],
780 silly audit   '@babel/plugin-transform-dynamic-import': [ '7.27.1' ],
780 silly audit   '@babel/plugin-transform-explicit-resource-management': [ '7.28.0' ],
780 silly audit   '@babel/plugin-transform-exponentiation-operator': [ '7.27.1' ],
780 silly audit   '@babel/plugin-transform-export-namespace-from': [ '7.27.1' ],
780 silly audit   '@babel/plugin-transform-for-of': [ '7.27.1' ],
780 silly audit   '@babel/plugin-transform-function-name': [ '7.27.1' ],
780 silly audit   '@babel/plugin-transform-json-strings': [ '7.27.1' ],
780 silly audit   '@babel/plugin-transform-literals': [ '7.27.1' ],
780 silly audit   '@babel/plugin-transform-logical-assignment-operators': [ '7.27.1' ],
780 silly audit   '@babel/plugin-transform-member-expression-literals': [ '7.27.1' ],
780 silly audit   '@babel/plugin-transform-modules-amd': [ '7.27.1' ],
780 silly audit   '@babel/plugin-transform-modules-commonjs': [ '7.27.1' ],
780 silly audit   '@babel/plugin-transform-modules-systemjs': [ '7.27.1' ],
780 silly audit   '@babel/plugin-transform-modules-umd': [ '7.27.1' ],
780 silly audit   '@babel/plugin-transform-named-capturing-groups-regex': [ '7.27.1' ],
780 silly audit   '@babel/plugin-transform-new-target': [ '7.27.1' ],
780 silly audit   '@babel/plugin-transform-nullish-coalescing-operator': [ '7.27.1' ],
780 silly audit   '@babel/plugin-transform-numeric-separator': [ '7.27.1' ],
780 silly audit   '@babel/plugin-transform-object-rest-spread': [ '7.28.4' ],
780 silly audit   '@babel/plugin-transform-object-super': [ '7.27.1' ],
780 silly audit   '@babel/plugin-transform-optional-catch-binding': [ '7.27.1' ],
780 silly audit   '@babel/plugin-transform-optional-chaining': [ '7.27.1' ],
780 silly audit   '@babel/plugin-transform-parameters': [ '7.27.7' ],
780 silly audit   '@babel/plugin-transform-private-methods': [ '7.27.1' ],
780 silly audit   '@babel/plugin-transform-private-property-in-object': [ '7.27.1' ],
780 silly audit   '@babel/plugin-transform-property-literals': [ '7.27.1' ],
780 silly audit   '@babel/plugin-transform-regenerator': [ '7.28.4' ],
780 silly audit   '@babel/plugin-transform-regexp-modifiers': [ '7.27.1' ],
780 silly audit   '@babel/plugin-transform-reserved-words': [ '7.27.1' ],
780 silly audit   '@babel/plugin-transform-shorthand-properties': [ '7.27.1' ],
780 silly audit   '@babel/plugin-transform-spread': [ '7.27.1' ],
780 silly audit   '@babel/plugin-transform-sticky-regex': [ '7.27.1' ],
780 silly audit   '@babel/plugin-transform-template-literals': [ '7.27.1' ],
780 silly audit   '@babel/plugin-transform-typeof-symbol': [ '7.27.1' ],
780 silly audit   '@babel/plugin-transform-unicode-escapes': [ '7.27.1' ],
780 silly audit   '@babel/plugin-transform-unicode-property-regex': [ '7.27.1' ],
780 silly audit   '@babel/plugin-transform-unicode-regex': [ '7.27.1' ],
780 silly audit   '@babel/plugin-transform-unicode-sets-regex': [ '7.27.1' ],
780 silly audit   '@babel/preset-modules': [ '0.1.6-no-external-plugins' ],
780 silly audit   'babel-plugin-polyfill-corejs2': [ '0.4.14' ],
780 silly audit   'babel-plugin-polyfill-corejs3': [ '0.13.0' ],
780 silly audit   'babel-plugin-polyfill-regenerator': [ '0.6.5' ],
780 silly audit   'core-js-compat': [ '3.46.0' ],
780 silly audit   '@babel/helper-skip-transparent-expression-wrappers': [ '7.27.1' ],
780 silly audit   '@babel/helper-create-regexp-features-plugin': [ '7.27.1' ],
780 silly audit   '@babel/helper-annotate-as-pure': [ '7.27.3' ],
780 silly audit   'regexpu-core': [ '6.4.0' ],
780 silly audit   '@babel/helper-remap-async-to-generator': [ '7.27.1' ],
780 silly audit   '@babel/helper-wrap-function': [ '7.28.3' ],
780 silly audit   '@babel/helper-create-class-features-plugin': [ '7.28.3' ],
780 silly audit   '@babel/helper-member-expression-to-functions': [ '7.27.1' ],
780 silly audit   '@babel/helper-optimise-call-expression': [ '7.27.1' ],
780 silly audit   '@babel/helper-replace-supers': [ '7.27.1' ],
780 silly audit   '@babel/plugin-transform-react-display-name': [ '7.28.0' ],
780 silly audit   '@babel/plugin-transform-react-jsx': [ '7.27.1' ],
780 silly audit   '@babel/plugin-transform-react-jsx-development': [ '7.27.1' ],
780 silly audit   '@babel/plugin-transform-react-pure-annotations': [ '7.27.1' ],
780 silly audit   '@babel/plugin-syntax-jsx': [ '7.27.1' ],
780 silly audit   '@babel/plugin-transform-typescript': [ '7.28.0' ],
780 silly audit   '@babel/plugin-syntax-typescript': [ '7.27.1' ],
780 silly audit   '@svgr/babel-preset': [ '8.1.0' ],
780 silly audit   camelcase: [ '6.3.0' ],
780 silly audit   'snake-case': [ '3.0.4' ],
780 silly audit   '@svgr/babel-plugin-add-jsx-attribute': [ '8.0.0' ],
780 silly audit   '@svgr/babel-plugin-remove-jsx-attribute': [ '8.0.0' ],
780 silly audit   '@svgr/babel-plugin-remove-jsx-empty-expression': [ '8.0.0' ],
780 silly audit   '@svgr/babel-plugin-replace-jsx-attribute-value': [ '8.0.0' ],
780 silly audit   '@svgr/babel-plugin-svg-dynamic-title': [ '8.0.0' ],
780 silly audit   '@svgr/babel-plugin-svg-em-dimensions': [ '8.0.0' ],
780 silly audit   '@svgr/babel-plugin-transform-react-native-svg': [ '8.1.0' ],
780 silly audit   '@svgr/babel-plugin-transform-svg-component': [ '8.0.0' ],
780 silly audit   '@svgr/hast-util-to-babel-ast': [ '8.0.0' ],
780 silly audit   'svg-parser': [ '2.0.4' ],
780 silly audit   deepmerge: [ '4.3.1' ],
780 silly audit   svgo: [ '3.3.2' ],
780 silly audit   '@babel/helper-define-polyfill-provider': [ '0.6.5' ],
780 silly audit   'lodash.debounce': [ '4.0.8' ],
780 silly audit   regenerate: [ '1.4.2' ],
780 silly audit   'regenerate-unicode-properties': [ '10.2.2' ],
780 silly audit   regjsgen: [ '0.8.0' ],
780 silly audit   regjsparser: [ '0.13.0' ],
780 silly audit   'unicode-match-property-ecmascript': [ '2.0.0' ],
780 silly audit   'unicode-match-property-value-ecmascript': [ '2.2.1' ],
780 silly audit   'dot-case': [ '3.0.4' ],
780 silly audit   'no-case': [ '3.0.4' ],
780 silly audit   'lower-case': [ '2.0.2' ],
780 silly audit   '@trysound/sax': [ '0.2.0' ],
780 silly audit   'css-select': [ '5.2.2' ],
780 silly audit   'css-what': [ '6.2.2' ],
780 silly audit   csso: [ '5.0.5' ],
780 silly audit   boolbase: [ '1.0.0' ],
780 silly audit   domhandler: [ '5.0.3' ],
780 silly audit   domutils: [ '3.2.2' ],
780 silly audit   'nth-check': [ '2.1.1' ],
780 silly audit   domelementtype: [ '2.3.0' ],
780 silly audit   'dom-serializer': [ '2.0.0' ],
780 silly audit   'unicode-canonical-property-names-ecmascript': [ '2.0.1' ],
780 silly audit   'unicode-property-aliases-ecmascript': [ '2.2.0' ],
780 silly audit   'path-type': [ '4.0.0' ],
780 silly audit   '@tailwindcss/oxide-wasm32-wasi': [ '4.1.14' ]
780 silly audit }
781 verbose reify failed optional dependency D:\CMP\frontend\node_modules\lightningcss-win32-arm64-msvc
782 silly reify mark deleted [ 'D:\\CMP\\frontend\\node_modules\\lightningcss-win32-arm64-msvc' ]
783 verbose reify failed optional dependency D:\CMP\frontend\node_modules\lightningcss-linux-x64-musl
784 silly reify mark deleted [ 'D:\\CMP\\frontend\\node_modules\\lightningcss-linux-x64-musl' ]
785 verbose reify failed optional dependency D:\CMP\frontend\node_modules\lightningcss-linux-x64-gnu
786 silly reify mark deleted [ 'D:\\CMP\\frontend\\node_modules\\lightningcss-linux-x64-gnu' ]
787 verbose reify failed optional dependency D:\CMP\frontend\node_modules\lightningcss-linux-arm64-musl
788 silly reify mark deleted [ 'D:\\CMP\\frontend\\node_modules\\lightningcss-linux-arm64-musl' ]
789 verbose reify failed optional dependency D:\CMP\frontend\node_modules\lightningcss-linux-arm64-gnu
790 silly reify mark deleted [ 'D:\\CMP\\frontend\\node_modules\\lightningcss-linux-arm64-gnu' ]
791 verbose reify failed optional dependency D:\CMP\frontend\node_modules\lightningcss-linux-arm-gnueabihf
792 silly reify mark deleted [ 'D:\\CMP\\frontend\\node_modules\\lightningcss-linux-arm-gnueabihf' ]
793 verbose reify failed optional dependency D:\CMP\frontend\node_modules\lightningcss-freebsd-x64
794 silly reify mark deleted [ 'D:\\CMP\\frontend\\node_modules\\lightningcss-freebsd-x64' ]
795 verbose reify failed optional dependency D:\CMP\frontend\node_modules\lightningcss-darwin-x64
796 silly reify mark deleted [ 'D:\\CMP\\frontend\\node_modules\\lightningcss-darwin-x64' ]
797 verbose reify failed optional dependency D:\CMP\frontend\node_modules\lightningcss-darwin-arm64
798 silly reify mark deleted [ 'D:\\CMP\\frontend\\node_modules\\lightningcss-darwin-arm64' ]
799 verbose reify failed optional dependency D:\CMP\frontend\node_modules\fsevents
800 silly reify mark deleted [ 'D:\\CMP\\frontend\\node_modules\\fsevents' ]
801 verbose reify failed optional dependency D:\CMP\frontend\node_modules\@unrs\resolver-binding-win32-ia32-msvc
802 silly reify mark deleted [
802 silly reify   'D:\\CMP\\frontend\\node_modules\\@unrs\\resolver-binding-win32-ia32-msvc'
802 silly reify ]
803 verbose reify failed optional dependency D:\CMP\frontend\node_modules\@unrs\resolver-binding-win32-arm64-msvc
804 silly reify mark deleted [
804 silly reify   'D:\\CMP\\frontend\\node_modules\\@unrs\\resolver-binding-win32-arm64-msvc'
804 silly reify ]
805 verbose reify failed optional dependency D:\CMP\frontend\node_modules\@unrs\resolver-binding-wasm32-wasi
806 silly reify mark deleted [
806 silly reify   'D:\\CMP\\frontend\\node_modules\\@unrs\\resolver-binding-wasm32-wasi'
806 silly reify ]
807 verbose reify failed optional dependency D:\CMP\frontend\node_modules\@unrs\resolver-binding-linux-x64-musl
808 silly reify mark deleted [
808 silly reify   'D:\\CMP\\frontend\\node_modules\\@unrs\\resolver-binding-linux-x64-musl'
808 silly reify ]
809 verbose reify failed optional dependency D:\CMP\frontend\node_modules\@unrs\resolver-binding-linux-x64-gnu
810 silly reify mark deleted [
810 silly reify   'D:\\CMP\\frontend\\node_modules\\@unrs\\resolver-binding-linux-x64-gnu'
810 silly reify ]
811 verbose reify failed optional dependency D:\CMP\frontend\node_modules\@unrs\resolver-binding-linux-s390x-gnu
812 silly reify mark deleted [
812 silly reify   'D:\\CMP\\frontend\\node_modules\\@unrs\\resolver-binding-linux-s390x-gnu'
812 silly reify ]
813 verbose reify failed optional dependency D:\CMP\frontend\node_modules\@unrs\resolver-binding-linux-riscv64-musl
814 silly reify mark deleted [
814 silly reify   'D:\\CMP\\frontend\\node_modules\\@unrs\\resolver-binding-linux-riscv64-musl'
814 silly reify ]
815 verbose reify failed optional dependency D:\CMP\frontend\node_modules\@unrs\resolver-binding-linux-riscv64-gnu
816 silly reify mark deleted [
816 silly reify   'D:\\CMP\\frontend\\node_modules\\@unrs\\resolver-binding-linux-riscv64-gnu'
816 silly reify ]
817 verbose reify failed optional dependency D:\CMP\frontend\node_modules\@unrs\resolver-binding-linux-ppc64-gnu
818 silly reify mark deleted [
818 silly reify   'D:\\CMP\\frontend\\node_modules\\@unrs\\resolver-binding-linux-ppc64-gnu'
818 silly reify ]
819 verbose reify failed optional dependency D:\CMP\frontend\node_modules\@unrs\resolver-binding-linux-arm64-musl
820 silly reify mark deleted [
820 silly reify   'D:\\CMP\\frontend\\node_modules\\@unrs\\resolver-binding-linux-arm64-musl'
820 silly reify ]
821 verbose reify failed optional dependency D:\CMP\frontend\node_modules\@unrs\resolver-binding-linux-arm64-gnu
822 silly reify mark deleted [
822 silly reify   'D:\\CMP\\frontend\\node_modules\\@unrs\\resolver-binding-linux-arm64-gnu'
822 silly reify ]
823 verbose reify failed optional dependency D:\CMP\frontend\node_modules\@unrs\resolver-binding-linux-arm-musleabihf
824 silly reify mark deleted [
824 silly reify   'D:\\CMP\\frontend\\node_modules\\@unrs\\resolver-binding-linux-arm-musleabihf'
824 silly reify ]
825 verbose reify failed optional dependency D:\CMP\frontend\node_modules\@unrs\resolver-binding-linux-arm-gnueabihf
826 silly reify mark deleted [
826 silly reify   'D:\\CMP\\frontend\\node_modules\\@unrs\\resolver-binding-linux-arm-gnueabihf'
826 silly reify ]
827 verbose reify failed optional dependency D:\CMP\frontend\node_modules\@unrs\resolver-binding-freebsd-x64
828 silly reify mark deleted [
828 silly reify   'D:\\CMP\\frontend\\node_modules\\@unrs\\resolver-binding-freebsd-x64'
828 silly reify ]
829 verbose reify failed optional dependency D:\CMP\frontend\node_modules\@unrs\resolver-binding-darwin-x64
830 silly reify mark deleted [
830 silly reify   'D:\\CMP\\frontend\\node_modules\\@unrs\\resolver-binding-darwin-x64'
830 silly reify ]
831 verbose reify failed optional dependency D:\CMP\frontend\node_modules\@unrs\resolver-binding-darwin-arm64
832 silly reify mark deleted [
832 silly reify   'D:\\CMP\\frontend\\node_modules\\@unrs\\resolver-binding-darwin-arm64'
832 silly reify ]
833 verbose reify failed optional dependency D:\CMP\frontend\node_modules\@unrs\resolver-binding-android-arm64
834 silly reify mark deleted [
834 silly reify   'D:\\CMP\\frontend\\node_modules\\@unrs\\resolver-binding-android-arm64'
834 silly reify ]
835 verbose reify failed optional dependency D:\CMP\frontend\node_modules\@unrs\resolver-binding-android-arm-eabi
836 silly reify mark deleted [
836 silly reify   'D:\\CMP\\frontend\\node_modules\\@unrs\\resolver-binding-android-arm-eabi'
836 silly reify ]
837 verbose reify failed optional dependency D:\CMP\frontend\node_modules\@tailwindcss\oxide-win32-arm64-msvc
838 silly reify mark deleted [
838 silly reify   'D:\\CMP\\frontend\\node_modules\\@tailwindcss\\oxide-win32-arm64-msvc'
838 silly reify ]
839 verbose reify failed optional dependency D:\CMP\frontend\node_modules\@tailwindcss\oxide-linux-x64-musl
840 silly reify mark deleted [
840 silly reify   'D:\\CMP\\frontend\\node_modules\\@tailwindcss\\oxide-linux-x64-musl'
840 silly reify ]
841 verbose reify failed optional dependency D:\CMP\frontend\node_modules\@tailwindcss\oxide-linux-x64-gnu
842 silly reify mark deleted [
842 silly reify   'D:\\CMP\\frontend\\node_modules\\@tailwindcss\\oxide-linux-x64-gnu'
842 silly reify ]
843 verbose reify failed optional dependency D:\CMP\frontend\node_modules\@tailwindcss\oxide-linux-arm64-musl
844 silly reify mark deleted [
844 silly reify   'D:\\CMP\\frontend\\node_modules\\@tailwindcss\\oxide-linux-arm64-musl'
844 silly reify ]
845 verbose reify failed optional dependency D:\CMP\frontend\node_modules\@tailwindcss\oxide-linux-arm64-gnu
846 silly reify mark deleted [
846 silly reify   'D:\\CMP\\frontend\\node_modules\\@tailwindcss\\oxide-linux-arm64-gnu'
846 silly reify ]
847 verbose reify failed optional dependency D:\CMP\frontend\node_modules\@tailwindcss\oxide-linux-arm-gnueabihf
848 silly reify mark deleted [
848 silly reify   'D:\\CMP\\frontend\\node_modules\\@tailwindcss\\oxide-linux-arm-gnueabihf'
848 silly reify ]
849 verbose reify failed optional dependency D:\CMP\frontend\node_modules\@tailwindcss\oxide-freebsd-x64
850 silly reify mark deleted [ 'D:\\CMP\\frontend\\node_modules\\@tailwindcss\\oxide-freebsd-x64' ]
851 verbose reify failed optional dependency D:\CMP\frontend\node_modules\@tailwindcss\oxide-darwin-x64
852 silly reify mark deleted [ 'D:\\CMP\\frontend\\node_modules\\@tailwindcss\\oxide-darwin-x64' ]
853 verbose reify failed optional dependency D:\CMP\frontend\node_modules\@tailwindcss\oxide-darwin-arm64
854 silly reify mark deleted [ 'D:\\CMP\\frontend\\node_modules\\@tailwindcss\\oxide-darwin-arm64' ]
855 verbose reify failed optional dependency D:\CMP\frontend\node_modules\@tailwindcss\oxide-android-arm64
856 silly reify mark deleted [
856 silly reify   'D:\\CMP\\frontend\\node_modules\\@tailwindcss\\oxide-android-arm64'
856 silly reify ]
857 verbose reify failed optional dependency D:\CMP\frontend\node_modules\@rollup\rollup-win32-ia32-msvc
858 silly reify mark deleted [ 'D:\\CMP\\frontend\\node_modules\\@rollup\\rollup-win32-ia32-msvc' ]
859 verbose reify failed optional dependency D:\CMP\frontend\node_modules\@rollup\rollup-win32-arm64-msvc
860 silly reify mark deleted [ 'D:\\CMP\\frontend\\node_modules\\@rollup\\rollup-win32-arm64-msvc' ]
861 verbose reify failed optional dependency D:\CMP\frontend\node_modules\@rollup\rollup-openharmony-arm64
862 silly reify mark deleted [
862 silly reify   'D:\\CMP\\frontend\\node_modules\\@rollup\\rollup-openharmony-arm64'
862 silly reify ]
863 verbose reify failed optional dependency D:\CMP\frontend\node_modules\@rollup\rollup-linux-x64-musl
864 silly reify mark deleted [ 'D:\\CMP\\frontend\\node_modules\\@rollup\\rollup-linux-x64-musl' ]
865 verbose reify failed optional dependency D:\CMP\frontend\node_modules\@rollup\rollup-linux-x64-gnu
866 silly reify mark deleted [ 'D:\\CMP\\frontend\\node_modules\\@rollup\\rollup-linux-x64-gnu' ]
867 verbose reify failed optional dependency D:\CMP\frontend\node_modules\@rollup\rollup-linux-s390x-gnu
868 silly reify mark deleted [ 'D:\\CMP\\frontend\\node_modules\\@rollup\\rollup-linux-s390x-gnu' ]
869 verbose reify failed optional dependency D:\CMP\frontend\node_modules\@rollup\rollup-linux-riscv64-musl
870 silly reify mark deleted [
870 silly reify   'D:\\CMP\\frontend\\node_modules\\@rollup\\rollup-linux-riscv64-musl'
870 silly reify ]
871 verbose reify failed optional dependency D:\CMP\frontend\node_modules\@rollup\rollup-linux-riscv64-gnu
872 silly reify mark deleted [
872 silly reify   'D:\\CMP\\frontend\\node_modules\\@rollup\\rollup-linux-riscv64-gnu'
872 silly reify ]
873 verbose reify failed optional dependency D:\CMP\frontend\node_modules\@rollup\rollup-linux-ppc64-gnu
874 silly reify mark deleted [ 'D:\\CMP\\frontend\\node_modules\\@rollup\\rollup-linux-ppc64-gnu' ]
875 verbose reify failed optional dependency D:\CMP\frontend\node_modules\@rollup\rollup-linux-loong64-gnu
876 silly reify mark deleted [
876 silly reify   'D:\\CMP\\frontend\\node_modules\\@rollup\\rollup-linux-loong64-gnu'
876 silly reify ]
877 verbose reify failed optional dependency D:\CMP\frontend\node_modules\@rollup\rollup-linux-arm64-musl
878 silly reify mark deleted [ 'D:\\CMP\\frontend\\node_modules\\@rollup\\rollup-linux-arm64-musl' ]
879 verbose reify failed optional dependency D:\CMP\frontend\node_modules\@rollup\rollup-linux-arm64-gnu
880 silly reify mark deleted [ 'D:\\CMP\\frontend\\node_modules\\@rollup\\rollup-linux-arm64-gnu' ]
881 verbose reify failed optional dependency D:\CMP\frontend\node_modules\@rollup\rollup-linux-arm-musleabihf
882 silly reify mark deleted [
882 silly reify   'D:\\CMP\\frontend\\node_modules\\@rollup\\rollup-linux-arm-musleabihf'
882 silly reify ]
883 verbose reify failed optional dependency D:\CMP\frontend\node_modules\@rollup\rollup-linux-arm-gnueabihf
884 silly reify mark deleted [
884 silly reify   'D:\\CMP\\frontend\\node_modules\\@rollup\\rollup-linux-arm-gnueabihf'
884 silly reify ]
885 verbose reify failed optional dependency D:\CMP\frontend\node_modules\@rollup\rollup-freebsd-x64
886 silly reify mark deleted [ 'D:\\CMP\\frontend\\node_modules\\@rollup\\rollup-freebsd-x64' ]
887 verbose reify failed optional dependency D:\CMP\frontend\node_modules\@rollup\rollup-freebsd-arm64
888 silly reify mark deleted [ 'D:\\CMP\\frontend\\node_modules\\@rollup\\rollup-freebsd-arm64' ]
889 verbose reify failed optional dependency D:\CMP\frontend\node_modules\@rollup\rollup-darwin-x64
890 silly reify mark deleted [ 'D:\\CMP\\frontend\\node_modules\\@rollup\\rollup-darwin-x64' ]
891 verbose reify failed optional dependency D:\CMP\frontend\node_modules\@rollup\rollup-darwin-arm64
892 silly reify mark deleted [ 'D:\\CMP\\frontend\\node_modules\\@rollup\\rollup-darwin-arm64' ]
893 verbose reify failed optional dependency D:\CMP\frontend\node_modules\@rollup\rollup-android-arm64
894 silly reify mark deleted [ 'D:\\CMP\\frontend\\node_modules\\@rollup\\rollup-android-arm64' ]
895 verbose reify failed optional dependency D:\CMP\frontend\node_modules\@rollup\rollup-android-arm-eabi
896 silly reify mark deleted [ 'D:\\CMP\\frontend\\node_modules\\@rollup\\rollup-android-arm-eabi' ]
897 verbose reify failed optional dependency D:\CMP\frontend\node_modules\@next\swc-win32-arm64-msvc
898 silly reify mark deleted [ 'D:\\CMP\\frontend\\node_modules\\@next\\swc-win32-arm64-msvc' ]
899 verbose reify failed optional dependency D:\CMP\frontend\node_modules\@next\swc-linux-x64-musl
900 silly reify mark deleted [ 'D:\\CMP\\frontend\\node_modules\\@next\\swc-linux-x64-musl' ]
901 verbose reify failed optional dependency D:\CMP\frontend\node_modules\@next\swc-linux-x64-gnu
902 silly reify mark deleted [ 'D:\\CMP\\frontend\\node_modules\\@next\\swc-linux-x64-gnu' ]
903 verbose reify failed optional dependency D:\CMP\frontend\node_modules\@next\swc-linux-arm64-musl
904 silly reify mark deleted [ 'D:\\CMP\\frontend\\node_modules\\@next\\swc-linux-arm64-musl' ]
905 verbose reify failed optional dependency D:\CMP\frontend\node_modules\@next\swc-linux-arm64-gnu
906 silly reify mark deleted [ 'D:\\CMP\\frontend\\node_modules\\@next\\swc-linux-arm64-gnu' ]
907 verbose reify failed optional dependency D:\CMP\frontend\node_modules\@next\swc-darwin-x64
908 silly reify mark deleted [ 'D:\\CMP\\frontend\\node_modules\\@next\\swc-darwin-x64' ]
909 verbose reify failed optional dependency D:\CMP\frontend\node_modules\@next\swc-darwin-arm64
910 silly reify mark deleted [ 'D:\\CMP\\frontend\\node_modules\\@next\\swc-darwin-arm64' ]
911 verbose reify failed optional dependency D:\CMP\frontend\node_modules\@img\sharp-win32-ia32
912 silly reify mark deleted [ 'D:\\CMP\\frontend\\node_modules\\@img\\sharp-win32-ia32' ]
913 verbose reify failed optional dependency D:\CMP\frontend\node_modules\@img\sharp-win32-arm64
914 silly reify mark deleted [ 'D:\\CMP\\frontend\\node_modules\\@img\\sharp-win32-arm64' ]
915 verbose reify failed optional dependency D:\CMP\frontend\node_modules\@img\sharp-wasm32
916 silly reify mark deleted [ 'D:\\CMP\\frontend\\node_modules\\@img\\sharp-wasm32' ]
917 verbose reify failed optional dependency D:\CMP\frontend\node_modules\@img\sharp-linuxmusl-x64
918 silly reify mark deleted [ 'D:\\CMP\\frontend\\node_modules\\@img\\sharp-linuxmusl-x64' ]
919 verbose reify failed optional dependency D:\CMP\frontend\node_modules\@img\sharp-linuxmusl-arm64
920 silly reify mark deleted [ 'D:\\CMP\\frontend\\node_modules\\@img\\sharp-linuxmusl-arm64' ]
921 verbose reify failed optional dependency D:\CMP\frontend\node_modules\@img\sharp-linux-x64
922 silly reify mark deleted [ 'D:\\CMP\\frontend\\node_modules\\@img\\sharp-linux-x64' ]
923 verbose reify failed optional dependency D:\CMP\frontend\node_modules\@img\sharp-linux-s390x
924 silly reify mark deleted [ 'D:\\CMP\\frontend\\node_modules\\@img\\sharp-linux-s390x' ]
925 verbose reify failed optional dependency D:\CMP\frontend\node_modules\@img\sharp-linux-ppc64
926 silly reify mark deleted [ 'D:\\CMP\\frontend\\node_modules\\@img\\sharp-linux-ppc64' ]
927 verbose reify failed optional dependency D:\CMP\frontend\node_modules\@img\sharp-linux-arm64
928 silly reify mark deleted [ 'D:\\CMP\\frontend\\node_modules\\@img\\sharp-linux-arm64' ]
929 verbose reify failed optional dependency D:\CMP\frontend\node_modules\@img\sharp-linux-arm
930 silly reify mark deleted [ 'D:\\CMP\\frontend\\node_modules\\@img\\sharp-linux-arm' ]
931 verbose reify failed optional dependency D:\CMP\frontend\node_modules\@img\sharp-libvips-linuxmusl-x64
932 silly reify mark deleted [
932 silly reify   'D:\\CMP\\frontend\\node_modules\\@img\\sharp-libvips-linuxmusl-x64'
932 silly reify ]
933 verbose reify failed optional dependency D:\CMP\frontend\node_modules\@img\sharp-libvips-linuxmusl-arm64
934 silly reify mark deleted [
934 silly reify   'D:\\CMP\\frontend\\node_modules\\@img\\sharp-libvips-linuxmusl-arm64'
934 silly reify ]
935 verbose reify failed optional dependency D:\CMP\frontend\node_modules\@img\sharp-libvips-linux-x64
936 silly reify mark deleted [ 'D:\\CMP\\frontend\\node_modules\\@img\\sharp-libvips-linux-x64' ]
937 verbose reify failed optional dependency D:\CMP\frontend\node_modules\@img\sharp-libvips-linux-s390x
938 silly reify mark deleted [ 'D:\\CMP\\frontend\\node_modules\\@img\\sharp-libvips-linux-s390x' ]
939 verbose reify failed optional dependency D:\CMP\frontend\node_modules\@img\sharp-libvips-linux-ppc64
940 silly reify mark deleted [ 'D:\\CMP\\frontend\\node_modules\\@img\\sharp-libvips-linux-ppc64' ]
941 verbose reify failed optional dependency D:\CMP\frontend\node_modules\@img\sharp-libvips-linux-arm64
942 silly reify mark deleted [ 'D:\\CMP\\frontend\\node_modules\\@img\\sharp-libvips-linux-arm64' ]
943 verbose reify failed optional dependency D:\CMP\frontend\node_modules\@img\sharp-libvips-linux-arm
944 silly reify mark deleted [ 'D:\\CMP\\frontend\\node_modules\\@img\\sharp-libvips-linux-arm' ]
945 verbose reify failed optional dependency D:\CMP\frontend\node_modules\@img\sharp-libvips-darwin-x64
946 silly reify mark deleted [ 'D:\\CMP\\frontend\\node_modules\\@img\\sharp-libvips-darwin-x64' ]
947 verbose reify failed optional dependency D:\CMP\frontend\node_modules\@img\sharp-libvips-darwin-arm64
948 silly reify mark deleted [ 'D:\\CMP\\frontend\\node_modules\\@img\\sharp-libvips-darwin-arm64' ]
949 verbose reify failed optional dependency D:\CMP\frontend\node_modules\@img\sharp-darwin-x64
950 silly reify mark deleted [ 'D:\\CMP\\frontend\\node_modules\\@img\\sharp-darwin-x64' ]
951 verbose reify failed optional dependency D:\CMP\frontend\node_modules\@img\sharp-darwin-arm64
952 silly reify mark deleted [ 'D:\\CMP\\frontend\\node_modules\\@img\\sharp-darwin-arm64' ]
953 verbose reify failed optional dependency D:\CMP\frontend\node_modules\@esbuild\win32-ia32
954 silly reify mark deleted [ 'D:\\CMP\\frontend\\node_modules\\@esbuild\\win32-ia32' ]
955 verbose reify failed optional dependency D:\CMP\frontend\node_modules\@esbuild\win32-arm64
956 silly reify mark deleted [ 'D:\\CMP\\frontend\\node_modules\\@esbuild\\win32-arm64' ]
957 verbose reify failed optional dependency D:\CMP\frontend\node_modules\@esbuild\sunos-x64
958 silly reify mark deleted [ 'D:\\CMP\\frontend\\node_modules\\@esbuild\\sunos-x64' ]
959 verbose reify failed optional dependency D:\CMP\frontend\node_modules\@esbuild\openharmony-arm64
960 silly reify mark deleted [ 'D:\\CMP\\frontend\\node_modules\\@esbuild\\openharmony-arm64' ]
961 verbose reify failed optional dependency D:\CMP\frontend\node_modules\@esbuild\openbsd-x64
962 silly reify mark deleted [ 'D:\\CMP\\frontend\\node_modules\\@esbuild\\openbsd-x64' ]
963 verbose reify failed optional dependency D:\CMP\frontend\node_modules\@esbuild\openbsd-arm64
964 silly reify mark deleted [ 'D:\\CMP\\frontend\\node_modules\\@esbuild\\openbsd-arm64' ]
965 verbose reify failed optional dependency D:\CMP\frontend\node_modules\@esbuild\netbsd-x64
966 silly reify mark deleted [ 'D:\\CMP\\frontend\\node_modules\\@esbuild\\netbsd-x64' ]
967 verbose reify failed optional dependency D:\CMP\frontend\node_modules\@esbuild\netbsd-arm64
968 silly reify mark deleted [ 'D:\\CMP\\frontend\\node_modules\\@esbuild\\netbsd-arm64' ]
969 verbose reify failed optional dependency D:\CMP\frontend\node_modules\@esbuild\linux-x64
970 silly reify mark deleted [ 'D:\\CMP\\frontend\\node_modules\\@esbuild\\linux-x64' ]
971 verbose reify failed optional dependency D:\CMP\frontend\node_modules\@esbuild\linux-s390x
972 silly reify mark deleted [ 'D:\\CMP\\frontend\\node_modules\\@esbuild\\linux-s390x' ]
973 verbose reify failed optional dependency D:\CMP\frontend\node_modules\@esbuild\linux-riscv64
974 silly reify mark deleted [ 'D:\\CMP\\frontend\\node_modules\\@esbuild\\linux-riscv64' ]
975 verbose reify failed optional dependency D:\CMP\frontend\node_modules\@esbuild\linux-ppc64
976 silly reify mark deleted [ 'D:\\CMP\\frontend\\node_modules\\@esbuild\\linux-ppc64' ]
977 verbose reify failed optional dependency D:\CMP\frontend\node_modules\@esbuild\linux-mips64el
978 silly reify mark deleted [ 'D:\\CMP\\frontend\\node_modules\\@esbuild\\linux-mips64el' ]
979 verbose reify failed optional dependency D:\CMP\frontend\node_modules\@esbuild\linux-loong64
980 silly reify mark deleted [ 'D:\\CMP\\frontend\\node_modules\\@esbuild\\linux-loong64' ]
981 verbose reify failed optional dependency D:\CMP\frontend\node_modules\@esbuild\linux-ia32
982 silly reify mark deleted [ 'D:\\CMP\\frontend\\node_modules\\@esbuild\\linux-ia32' ]
983 verbose reify failed optional dependency D:\CMP\frontend\node_modules\@esbuild\linux-arm64
984 silly reify mark deleted [ 'D:\\CMP\\frontend\\node_modules\\@esbuild\\linux-arm64' ]
985 verbose reify failed optional dependency D:\CMP\frontend\node_modules\@esbuild\linux-arm
986 silly reify mark deleted [ 'D:\\CMP\\frontend\\node_modules\\@esbuild\\linux-arm' ]
987 verbose reify failed optional dependency D:\CMP\frontend\node_modules\@esbuild\freebsd-x64
988 silly reify mark deleted [ 'D:\\CMP\\frontend\\node_modules\\@esbuild\\freebsd-x64' ]
989 verbose reify failed optional dependency D:\CMP\frontend\node_modules\@esbuild\freebsd-arm64
990 silly reify mark deleted [ 'D:\\CMP\\frontend\\node_modules\\@esbuild\\freebsd-arm64' ]
991 verbose reify failed optional dependency D:\CMP\frontend\node_modules\@esbuild\darwin-x64
992 silly reify mark deleted [ 'D:\\CMP\\frontend\\node_modules\\@esbuild\\darwin-x64' ]
993 verbose reify failed optional dependency D:\CMP\frontend\node_modules\@esbuild\darwin-arm64
994 silly reify mark deleted [ 'D:\\CMP\\frontend\\node_modules\\@esbuild\\darwin-arm64' ]
995 verbose reify failed optional dependency D:\CMP\frontend\node_modules\@esbuild\android-x64
996 silly reify mark deleted [ 'D:\\CMP\\frontend\\node_modules\\@esbuild\\android-x64' ]
997 verbose reify failed optional dependency D:\CMP\frontend\node_modules\@esbuild\android-arm64
998 silly reify mark deleted [ 'D:\\CMP\\frontend\\node_modules\\@esbuild\\android-arm64' ]
999 verbose reify failed optional dependency D:\CMP\frontend\node_modules\@esbuild\android-arm
1000 silly reify mark deleted [ 'D:\\CMP\\frontend\\node_modules\\@esbuild\\android-arm' ]
1001 verbose reify failed optional dependency D:\CMP\frontend\node_modules\@esbuild\aix-ppc64
1002 silly reify mark deleted [ 'D:\\CMP\\frontend\\node_modules\\@esbuild\\aix-ppc64' ]
1003 silly tarball no local data for unicode-property-aliases-ecmascript@https://registry.npmjs.org/unicode-property-aliases-ecmascript/-/unicode-property-aliases-ecmascript-2.2.0.tgz. Extracting by manifest.
1004 silly tarball no local data for path-type@https://registry.npmjs.org/path-type/-/path-type-4.0.0.tgz. Extracting by manifest.
1005 silly tarball no local data for dom-serializer@https://registry.npmjs.org/dom-serializer/-/dom-serializer-2.0.0.tgz. Extracting by manifest.
1006 silly tarball no local data for unicode-canonical-property-names-ecmascript@https://registry.npmjs.org/unicode-canonical-property-names-ecmascript/-/unicode-canonical-property-names-ecmascript-2.0.1.tgz. Extracting by manifest.
1007 silly tarball no local data for domutils@https://registry.npmjs.org/domutils/-/domutils-3.2.2.tgz. Extracting by manifest.
1008 silly tarball no local data for nth-check@https://registry.npmjs.org/nth-check/-/nth-check-2.1.1.tgz. Extracting by manifest.
1009 silly tarball no local data for boolbase@https://registry.npmjs.org/boolbase/-/boolbase-1.0.0.tgz. Extracting by manifest.
1010 silly tarball no local data for @trysound/sax@https://registry.npmjs.org/@trysound/sax/-/sax-0.2.0.tgz. Extracting by manifest.
1011 silly tarball no local data for csso@https://registry.npmjs.org/csso/-/csso-5.0.5.tgz. Extracting by manifest.
1012 silly tarball no local data for domhandler@https://registry.npmjs.org/domhandler/-/domhandler-5.0.3.tgz. Extracting by manifest.
1013 silly tarball no local data for css-what@https://registry.npmjs.org/css-what/-/css-what-6.2.2.tgz. Extracting by manifest.
1014 silly tarball no local data for domelementtype@https://registry.npmjs.org/domelementtype/-/domelementtype-2.3.0.tgz. Extracting by manifest.
1015 silly tarball no local data for css-select@https://registry.npmjs.org/css-select/-/css-select-5.2.2.tgz. Extracting by manifest.
1016 silly tarball no local data for no-case@https://registry.npmjs.org/no-case/-/no-case-3.0.4.tgz. Extracting by manifest.
1017 silly tarball no local data for unicode-match-property-value-ecmascript@https://registry.npmjs.org/unicode-match-property-value-ecmascript/-/unicode-match-property-value-ecmascript-2.2.1.tgz. Extracting by manifest.
1018 silly tarball no local data for lower-case@https://registry.npmjs.org/lower-case/-/lower-case-2.0.2.tgz. Extracting by manifest.
1019 silly tarball no local data for regjsparser@https://registry.npmjs.org/regjsparser/-/regjsparser-0.13.0.tgz. Extracting by manifest.
1020 silly tarball no local data for dot-case@https://registry.npmjs.org/dot-case/-/dot-case-3.0.4.tgz. Extracting by manifest.
1021 silly tarball no local data for unicode-match-property-ecmascript@https://registry.npmjs.org/unicode-match-property-ecmascript/-/unicode-match-property-ecmascript-2.0.0.tgz. Extracting by manifest.
1022 silly tarball no local data for regenerate-unicode-properties@https://registry.npmjs.org/regenerate-unicode-properties/-/regenerate-unicode-properties-10.2.2.tgz. Extracting by manifest.
1023 silly tarball no local data for regjsgen@https://registry.npmjs.org/regjsgen/-/regjsgen-0.8.0.tgz. Extracting by manifest.
1024 silly tarball no local data for regenerate@https://registry.npmjs.org/regenerate/-/regenerate-1.4.2.tgz. Extracting by manifest.
1025 silly tarball no local data for @babel/helper-define-polyfill-provider@https://registry.npmjs.org/@babel/helper-define-polyfill-provider/-/helper-define-polyfill-provider-0.6.5.tgz. Extracting by manifest.
1026 silly tarball no local data for lodash.debounce@https://registry.npmjs.org/lodash.debounce/-/lodash.debounce-4.0.8.tgz. Extracting by manifest.
1027 silly tarball no local data for deepmerge@https://registry.npmjs.org/deepmerge/-/deepmerge-4.3.1.tgz. Extracting by manifest.
1028 silly tarball no local data for svgo@https://registry.npmjs.org/svgo/-/svgo-3.3.2.tgz. Extracting by manifest.
1029 silly tarball no local data for @svgr/hast-util-to-babel-ast@https://registry.npmjs.org/@svgr/hast-util-to-babel-ast/-/hast-util-to-babel-ast-8.0.0.tgz. Extracting by manifest.
1030 silly tarball no local data for svg-parser@https://registry.npmjs.org/svg-parser/-/svg-parser-2.0.4.tgz. Extracting by manifest.
1031 silly tarball no local data for @svgr/babel-plugin-transform-svg-component@https://registry.npmjs.org/@svgr/babel-plugin-transform-svg-component/-/babel-plugin-transform-svg-component-8.0.0.tgz. Extracting by manifest.
1032 silly tarball no local data for @svgr/babel-plugin-svg-em-dimensions@https://registry.npmjs.org/@svgr/babel-plugin-svg-em-dimensions/-/babel-plugin-svg-em-dimensions-8.0.0.tgz. Extracting by manifest.
1033 silly tarball no local data for @svgr/babel-plugin-replace-jsx-attribute-value@https://registry.npmjs.org/@svgr/babel-plugin-replace-jsx-attribute-value/-/babel-plugin-replace-jsx-attribute-value-8.0.0.tgz. Extracting by manifest.
1034 silly tarball no local data for @svgr/babel-plugin-svg-dynamic-title@https://registry.npmjs.org/@svgr/babel-plugin-svg-dynamic-title/-/babel-plugin-svg-dynamic-title-8.0.0.tgz. Extracting by manifest.
1035 silly tarball no local data for @svgr/babel-plugin-remove-jsx-empty-expression@https://registry.npmjs.org/@svgr/babel-plugin-remove-jsx-empty-expression/-/babel-plugin-remove-jsx-empty-expression-8.0.0.tgz. Extracting by manifest.
1036 silly tarball no local data for @svgr/babel-plugin-remove-jsx-attribute@https://registry.npmjs.org/@svgr/babel-plugin-remove-jsx-attribute/-/babel-plugin-remove-jsx-attribute-8.0.0.tgz. Extracting by manifest.
1037 silly tarball no local data for @svgr/babel-plugin-transform-react-native-svg@https://registry.npmjs.org/@svgr/babel-plugin-transform-react-native-svg/-/babel-plugin-transform-react-native-svg-8.1.0.tgz. Extracting by manifest.
1038 silly tarball no local data for snake-case@https://registry.npmjs.org/snake-case/-/snake-case-3.0.4.tgz. Extracting by manifest.
1039 silly tarball no local data for @svgr/babel-plugin-add-jsx-attribute@https://registry.npmjs.org/@svgr/babel-plugin-add-jsx-attribute/-/babel-plugin-add-jsx-attribute-8.0.0.tgz. Extracting by manifest.
1040 silly tarball no local data for @svgr/babel-preset@https://registry.npmjs.org/@svgr/babel-preset/-/babel-preset-8.1.0.tgz. Extracting by manifest.
1041 silly tarball no local data for camelcase@https://registry.npmjs.org/camelcase/-/camelcase-6.3.0.tgz. Extracting by manifest.
1042 silly tarball no local data for @babel/plugin-syntax-typescript@https://registry.npmjs.org/@babel/plugin-syntax-typescript/-/plugin-syntax-typescript-7.27.1.tgz. Extracting by manifest.
1043 silly tarball no local data for @babel/plugin-syntax-jsx@https://registry.npmjs.org/@babel/plugin-syntax-jsx/-/plugin-syntax-jsx-7.27.1.tgz. Extracting by manifest.
1044 silly tarball no local data for @babel/plugin-transform-typescript@https://registry.npmjs.org/@babel/plugin-transform-typescript/-/plugin-transform-typescript-7.28.0.tgz. Extracting by manifest.
1045 silly tarball no local data for @babel/plugin-transform-react-jsx-development@https://registry.npmjs.org/@babel/plugin-transform-react-jsx-development/-/plugin-transform-react-jsx-development-7.27.1.tgz. Extracting by manifest.
1046 silly tarball no local data for @babel/plugin-transform-react-pure-annotations@https://registry.npmjs.org/@babel/plugin-transform-react-pure-annotations/-/plugin-transform-react-pure-annotations-7.27.1.tgz. Extracting by manifest.
1047 silly tarball no local data for @babel/plugin-transform-react-jsx@https://registry.npmjs.org/@babel/plugin-transform-react-jsx/-/plugin-transform-react-jsx-7.27.1.tgz. Extracting by manifest.
1048 silly tarball no local data for @babel/helper-replace-supers@https://registry.npmjs.org/@babel/helper-replace-supers/-/helper-replace-supers-7.27.1.tgz. Extracting by manifest.
1049 silly tarball no local data for @babel/plugin-transform-react-display-name@https://registry.npmjs.org/@babel/plugin-transform-react-display-name/-/plugin-transform-react-display-name-7.28.0.tgz. Extracting by manifest.
1050 silly tarball no local data for @babel/helper-member-expression-to-functions@https://registry.npmjs.org/@babel/helper-member-expression-to-functions/-/helper-member-expression-to-functions-7.27.1.tgz. Extracting by manifest.
1051 silly tarball no local data for @babel/helper-create-class-features-plugin@https://registry.npmjs.org/@babel/helper-create-class-features-plugin/-/helper-create-class-features-plugin-7.28.3.tgz. Extracting by manifest.
1052 silly tarball no local data for @babel/helper-optimise-call-expression@https://registry.npmjs.org/@babel/helper-optimise-call-expression/-/helper-optimise-call-expression-7.27.1.tgz. Extracting by manifest.
1053 silly tarball no local data for @babel/helper-wrap-function@https://registry.npmjs.org/@babel/helper-wrap-function/-/helper-wrap-function-7.28.3.tgz. Extracting by manifest.
1054 silly tarball no local data for @babel/helper-remap-async-to-generator@https://registry.npmjs.org/@babel/helper-remap-async-to-generator/-/helper-remap-async-to-generator-7.27.1.tgz. Extracting by manifest.
1055 silly tarball no local data for regexpu-core@https://registry.npmjs.org/regexpu-core/-/regexpu-core-6.4.0.tgz. Extracting by manifest.
1056 silly tarball no local data for core-js-compat@https://registry.npmjs.org/core-js-compat/-/core-js-compat-3.46.0.tgz. Extracting by manifest.
1057 silly tarball no local data for @babel/helper-create-regexp-features-plugin@https://registry.npmjs.org/@babel/helper-create-regexp-features-plugin/-/helper-create-regexp-features-plugin-7.27.1.tgz. Extracting by manifest.
1058 silly tarball no local data for @babel/helper-annotate-as-pure@https://registry.npmjs.org/@babel/helper-annotate-as-pure/-/helper-annotate-as-pure-7.27.3.tgz. Extracting by manifest.
1059 silly tarball no local data for babel-plugin-polyfill-regenerator@https://registry.npmjs.org/babel-plugin-polyfill-regenerator/-/babel-plugin-polyfill-regenerator-0.6.5.tgz. Extracting by manifest.
1060 silly tarball no local data for babel-plugin-polyfill-corejs3@https://registry.npmjs.org/babel-plugin-polyfill-corejs3/-/babel-plugin-polyfill-corejs3-0.13.0.tgz. Extracting by manifest.
1061 silly tarball no local data for babel-plugin-polyfill-corejs2@https://registry.npmjs.org/babel-plugin-polyfill-corejs2/-/babel-plugin-polyfill-corejs2-0.4.14.tgz. Extracting by manifest.
1062 silly tarball no local data for @babel/preset-modules@https://registry.npmjs.org/@babel/preset-modules/-/preset-modules-0.1.6-no-external-plugins.tgz. Extracting by manifest.
1063 silly tarball no local data for @babel/helper-skip-transparent-expression-wrappers@https://registry.npmjs.org/@babel/helper-skip-transparent-expression-wrappers/-/helper-skip-transparent-expression-wrappers-7.27.1.tgz. Extracting by manifest.
1064 silly tarball no local data for @babel/plugin-transform-unicode-sets-regex@https://registry.npmjs.org/@babel/plugin-transform-unicode-sets-regex/-/plugin-transform-unicode-sets-regex-7.27.1.tgz. Extracting by manifest.
1065 silly tarball no local data for @babel/plugin-transform-unicode-regex@https://registry.npmjs.org/@babel/plugin-transform-unicode-regex/-/plugin-transform-unicode-regex-7.27.1.tgz. Extracting by manifest.
1066 silly tarball no local data for @babel/plugin-transform-unicode-property-regex@https://registry.npmjs.org/@babel/plugin-transform-unicode-property-regex/-/plugin-transform-unicode-property-regex-7.27.1.tgz. Extracting by manifest.
1067 silly tarball no local data for @babel/plugin-transform-unicode-escapes@https://registry.npmjs.org/@babel/plugin-transform-unicode-escapes/-/plugin-transform-unicode-escapes-7.27.1.tgz. Extracting by manifest.
1068 silly tarball no local data for @babel/plugin-transform-typeof-symbol@https://registry.npmjs.org/@babel/plugin-transform-typeof-symbol/-/plugin-transform-typeof-symbol-7.27.1.tgz. Extracting by manifest.
1069 silly tarball no local data for @babel/plugin-transform-template-literals@https://registry.npmjs.org/@babel/plugin-transform-template-literals/-/plugin-transform-template-literals-7.27.1.tgz. Extracting by manifest.
1070 silly tarball no local data for @babel/plugin-transform-shorthand-properties@https://registry.npmjs.org/@babel/plugin-transform-shorthand-properties/-/plugin-transform-shorthand-properties-7.27.1.tgz. Extracting by manifest.
1071 silly tarball no local data for @babel/plugin-transform-spread@https://registry.npmjs.org/@babel/plugin-transform-spread/-/plugin-transform-spread-7.27.1.tgz. Extracting by manifest.
1072 silly tarball no local data for @babel/plugin-transform-reserved-words@https://registry.npmjs.org/@babel/plugin-transform-reserved-words/-/plugin-transform-reserved-words-7.27.1.tgz. Extracting by manifest.
1073 silly tarball no local data for @babel/plugin-transform-regexp-modifiers@https://registry.npmjs.org/@babel/plugin-transform-regexp-modifiers/-/plugin-transform-regexp-modifiers-7.27.1.tgz. Extracting by manifest.
1074 silly tarball no local data for @babel/plugin-transform-sticky-regex@https://registry.npmjs.org/@babel/plugin-transform-sticky-regex/-/plugin-transform-sticky-regex-7.27.1.tgz. Extracting by manifest.
1075 silly tarball no local data for @babel/plugin-transform-private-property-in-object@https://registry.npmjs.org/@babel/plugin-transform-private-property-in-object/-/plugin-transform-private-property-in-object-7.27.1.tgz. Extracting by manifest.
1076 silly tarball no local data for @babel/plugin-transform-regenerator@https://registry.npmjs.org/@babel/plugin-transform-regenerator/-/plugin-transform-regenerator-7.28.4.tgz. Extracting by manifest.
1077 silly tarball no local data for @babel/plugin-transform-parameters@https://registry.npmjs.org/@babel/plugin-transform-parameters/-/plugin-transform-parameters-7.27.7.tgz. Extracting by manifest.
1078 silly tarball no local data for @babel/plugin-transform-private-methods@https://registry.npmjs.org/@babel/plugin-transform-private-methods/-/plugin-transform-private-methods-7.27.1.tgz. Extracting by manifest.
1079 silly tarball no local data for @babel/plugin-transform-optional-catch-binding@https://registry.npmjs.org/@babel/plugin-transform-optional-catch-binding/-/plugin-transform-optional-catch-binding-7.27.1.tgz. Extracting by manifest.
1080 silly tarball no local data for @babel/plugin-transform-property-literals@https://registry.npmjs.org/@babel/plugin-transform-property-literals/-/plugin-transform-property-literals-7.27.1.tgz. Extracting by manifest.
1081 silly tarball no local data for @babel/plugin-transform-object-super@https://registry.npmjs.org/@babel/plugin-transform-object-super/-/plugin-transform-object-super-7.27.1.tgz. Extracting by manifest.
1082 silly tarball no local data for @babel/plugin-transform-numeric-separator@https://registry.npmjs.org/@babel/plugin-transform-numeric-separator/-/plugin-transform-numeric-separator-7.27.1.tgz. Extracting by manifest.
1083 silly tarball no local data for @babel/plugin-transform-nullish-coalescing-operator@https://registry.npmjs.org/@babel/plugin-transform-nullish-coalescing-operator/-/plugin-transform-nullish-coalescing-operator-7.27.1.tgz. Extracting by manifest.
1084 silly tarball no local data for @babel/plugin-transform-optional-chaining@https://registry.npmjs.org/@babel/plugin-transform-optional-chaining/-/plugin-transform-optional-chaining-7.27.1.tgz. Extracting by manifest.
1085 silly tarball no local data for @babel/plugin-transform-object-rest-spread@https://registry.npmjs.org/@babel/plugin-transform-object-rest-spread/-/plugin-transform-object-rest-spread-7.28.4.tgz. Extracting by manifest.
1086 silly tarball no local data for @babel/plugin-transform-new-target@https://registry.npmjs.org/@babel/plugin-transform-new-target/-/plugin-transform-new-target-7.27.1.tgz. Extracting by manifest.
1087 silly tarball no local data for @babel/plugin-transform-modules-umd@https://registry.npmjs.org/@babel/plugin-transform-modules-umd/-/plugin-transform-modules-umd-7.27.1.tgz. Extracting by manifest.
1088 silly tarball no local data for @babel/plugin-transform-modules-systemjs@https://registry.npmjs.org/@babel/plugin-transform-modules-systemjs/-/plugin-transform-modules-systemjs-7.27.1.tgz. Extracting by manifest.
1089 silly tarball no local data for @babel/plugin-transform-named-capturing-groups-regex@https://registry.npmjs.org/@babel/plugin-transform-named-capturing-groups-regex/-/plugin-transform-named-capturing-groups-regex-7.27.1.tgz. Extracting by manifest.
1090 silly tarball no local data for @babel/plugin-transform-modules-amd@https://registry.npmjs.org/@babel/plugin-transform-modules-amd/-/plugin-transform-modules-amd-7.27.1.tgz. Extracting by manifest.
1091 silly tarball no local data for @babel/plugin-transform-modules-commonjs@https://registry.npmjs.org/@babel/plugin-transform-modules-commonjs/-/plugin-transform-modules-commonjs-7.27.1.tgz. Extracting by manifest.
1092 silly tarball no local data for @babel/plugin-transform-logical-assignment-operators@https://registry.npmjs.org/@babel/plugin-transform-logical-assignment-operators/-/plugin-transform-logical-assignment-operators-7.27.1.tgz. Extracting by manifest.
1093 silly tarball no local data for @babel/plugin-transform-literals@https://registry.npmjs.org/@babel/plugin-transform-literals/-/plugin-transform-literals-7.27.1.tgz. Extracting by manifest.
1094 silly tarball no local data for @babel/plugin-transform-member-expression-literals@https://registry.npmjs.org/@babel/plugin-transform-member-expression-literals/-/plugin-transform-member-expression-literals-7.27.1.tgz. Extracting by manifest.
1095 silly tarball no local data for @babel/plugin-transform-json-strings@https://registry.npmjs.org/@babel/plugin-transform-json-strings/-/plugin-transform-json-strings-7.27.1.tgz. Extracting by manifest.
1096 silly tarball no local data for @babel/plugin-transform-function-name@https://registry.npmjs.org/@babel/plugin-transform-function-name/-/plugin-transform-function-name-7.27.1.tgz. Extracting by manifest.
1097 silly tarball no local data for @babel/plugin-transform-for-of@https://registry.npmjs.org/@babel/plugin-transform-for-of/-/plugin-transform-for-of-7.27.1.tgz. Extracting by manifest.
1098 silly tarball no local data for @babel/plugin-transform-export-namespace-from@https://registry.npmjs.org/@babel/plugin-transform-export-namespace-from/-/plugin-transform-export-namespace-from-7.27.1.tgz. Extracting by manifest.
1099 silly tarball no local data for @babel/plugin-transform-explicit-resource-management@https://registry.npmjs.org/@babel/plugin-transform-explicit-resource-management/-/plugin-transform-explicit-resource-management-7.28.0.tgz. Extracting by manifest.
1100 silly tarball no local data for @babel/plugin-transform-exponentiation-operator@https://registry.npmjs.org/@babel/plugin-transform-exponentiation-operator/-/plugin-transform-exponentiation-operator-7.27.1.tgz. Extracting by manifest.
1101 silly tarball no local data for @babel/plugin-transform-dynamic-import@https://registry.npmjs.org/@babel/plugin-transform-dynamic-import/-/plugin-transform-dynamic-import-7.27.1.tgz. Extracting by manifest.
1102 silly tarball no local data for @babel/plugin-transform-duplicate-named-capturing-groups-regex@https://registry.npmjs.org/@babel/plugin-transform-duplicate-named-capturing-groups-regex/-/plugin-transform-duplicate-named-capturing-groups-regex-7.27.1.tgz. Extracting by manifest.
1103 silly tarball no local data for @babel/plugin-transform-duplicate-keys@https://registry.npmjs.org/@babel/plugin-transform-duplicate-keys/-/plugin-transform-duplicate-keys-7.27.1.tgz. Extracting by manifest.
1104 silly tarball no local data for @babel/plugin-transform-destructuring@https://registry.npmjs.org/@babel/plugin-transform-destructuring/-/plugin-transform-destructuring-7.28.0.tgz. Extracting by manifest.
1105 silly tarball no local data for @babel/plugin-transform-computed-properties@https://registry.npmjs.org/@babel/plugin-transform-computed-properties/-/plugin-transform-computed-properties-7.27.1.tgz. Extracting by manifest.
1106 silly tarball no local data for @babel/plugin-transform-dotall-regex@https://registry.npmjs.org/@babel/plugin-transform-dotall-regex/-/plugin-transform-dotall-regex-7.27.1.tgz. Extracting by manifest.
1107 silly tarball no local data for @babel/plugin-transform-classes@https://registry.npmjs.org/@babel/plugin-transform-classes/-/plugin-transform-classes-7.28.4.tgz. Extracting by manifest.
1108 silly tarball no local data for @babel/plugin-transform-block-scoped-functions@https://registry.npmjs.org/@babel/plugin-transform-block-scoped-functions/-/plugin-transform-block-scoped-functions-7.27.1.tgz. Extracting by manifest.
1109 silly tarball no local data for @babel/plugin-transform-class-static-block@https://registry.npmjs.org/@babel/plugin-transform-class-static-block/-/plugin-transform-class-static-block-7.28.3.tgz. Extracting by manifest.
1110 silly tarball no local data for @babel/plugin-transform-async-to-generator@https://registry.npmjs.org/@babel/plugin-transform-async-to-generator/-/plugin-transform-async-to-generator-7.27.1.tgz. Extracting by manifest.
1111 silly tarball no local data for @babel/plugin-transform-async-generator-functions@https://registry.npmjs.org/@babel/plugin-transform-async-generator-functions/-/plugin-transform-async-generator-functions-7.28.0.tgz. Extracting by manifest.
1112 silly tarball no local data for @babel/plugin-transform-arrow-functions@https://registry.npmjs.org/@babel/plugin-transform-arrow-functions/-/plugin-transform-arrow-functions-7.27.1.tgz. Extracting by manifest.
1113 silly tarball no local data for @babel/plugin-syntax-import-attributes@https://registry.npmjs.org/@babel/plugin-syntax-import-attributes/-/plugin-syntax-import-attributes-7.27.1.tgz. Extracting by manifest.
1114 silly tarball no local data for @babel/plugin-transform-class-properties@https://registry.npmjs.org/@babel/plugin-transform-class-properties/-/plugin-transform-class-properties-7.27.1.tgz. Extracting by manifest.
1115 silly tarball no local data for @babel/plugin-syntax-unicode-sets-regex@https://registry.npmjs.org/@babel/plugin-syntax-unicode-sets-regex/-/plugin-syntax-unicode-sets-regex-7.18.6.tgz. Extracting by manifest.
1116 silly tarball no local data for @babel/plugin-transform-block-scoping@https://registry.npmjs.org/@babel/plugin-transform-block-scoping/-/plugin-transform-block-scoping-7.28.4.tgz. Extracting by manifest.
1117 silly tarball no local data for @babel/plugin-syntax-import-assertions@https://registry.npmjs.org/@babel/plugin-syntax-import-assertions/-/plugin-syntax-import-assertions-7.27.1.tgz. Extracting by manifest.
1118 silly tarball no local data for @babel/plugin-bugfix-v8-spread-parameters-in-optional-chaining@https://registry.npmjs.org/@babel/plugin-bugfix-v8-spread-parameters-in-optional-chaining/-/plugin-bugfix-v8-spread-parameters-in-optional-chaining-7.27.1.tgz. Extracting by manifest.
1119 silly tarball no local data for @babel/plugin-bugfix-safari-id-destructuring-collision-in-function-expression@https://registry.npmjs.org/@babel/plugin-bugfix-safari-id-destructuring-collision-in-function-expression/-/plugin-bugfix-safari-id-destructuring-collision-in-function-expression-7.27.1.tgz. Extracting by manifest.
1120 silly tarball no local data for @babel/plugin-bugfix-safari-class-field-initializer-scope@https://registry.npmjs.org/@babel/plugin-bugfix-safari-class-field-initializer-scope/-/plugin-bugfix-safari-class-field-initializer-scope-7.27.1.tgz. Extracting by manifest.
1121 silly tarball no local data for @svgr/plugin-svgo@https://registry.npmjs.org/@svgr/plugin-svgo/-/plugin-svgo-8.1.0.tgz. Extracting by manifest.
1122 silly tarball no local data for @babel/plugin-bugfix-firefox-class-in-computed-class-key@https://registry.npmjs.org/@babel/plugin-bugfix-firefox-class-in-computed-class-key/-/plugin-bugfix-firefox-class-in-computed-class-key-7.27.1.tgz. Extracting by manifest.
1123 silly tarball no local data for @svgr/plugin-jsx@https://registry.npmjs.org/@svgr/plugin-jsx/-/plugin-jsx-8.1.0.tgz. Extracting by manifest.
1124 silly tarball no local data for @babel/plugin-bugfix-v8-static-class-fields-redefine-readonly@https://registry.npmjs.org/@babel/plugin-bugfix-v8-static-class-fields-redefine-readonly/-/plugin-bugfix-v8-static-class-fields-redefine-readonly-7.28.3.tgz. Extracting by manifest.
1125 silly tarball no local data for @babel/preset-typescript@https://registry.npmjs.org/@babel/preset-typescript/-/preset-typescript-7.27.1.tgz. Extracting by manifest.
1126 silly tarball no local data for @svgr/core@https://registry.npmjs.org/@svgr/core/-/core-8.1.0.tgz. Extracting by manifest.
1127 silly tarball no local data for @babel/plugin-proposal-private-property-in-object@https://registry.npmjs.org/@babel/plugin-proposal-private-property-in-object/-/plugin-proposal-private-property-in-object-7.21.0-placeholder-for-preset-env.2.tgz. Extracting by manifest.
1128 silly tarball no local data for @svgr/webpack@https://registry.npmjs.org/@svgr/webpack/-/webpack-8.1.0.tgz. Extracting by manifest.
1129 silly tarball no local data for @babel/preset-env@https://registry.npmjs.org/@babel/preset-env/-/preset-env-7.28.3.tgz. Extracting by manifest.
1130 silly tarball no local data for @babel/preset-react@https://registry.npmjs.org/@babel/preset-react/-/preset-react-7.27.1.tgz. Extracting by manifest.
1131 silly tarball no local data for entities@https://registry.npmjs.org/entities/-/entities-4.5.0.tgz. Extracting by manifest.
1132 silly tarball no local data for @babel/plugin-transform-react-constant-elements@https://registry.npmjs.org/@babel/plugin-transform-react-constant-elements/-/plugin-transform-react-constant-elements-7.27.1.tgz. Extracting by manifest.
1133 silly tarball no local data for entities@https://registry.npmjs.org/entities/-/entities-4.5.0.tgz. Extracting by manifest.
1134 silly tarball no local data for mdn-data@https://registry.npmjs.org/mdn-data/-/mdn-data-2.0.30.tgz. Extracting by manifest.
1135 silly tarball no local data for mdn-data@https://registry.npmjs.org/mdn-data/-/mdn-data-2.0.28.tgz. Extracting by manifest.
1136 silly tarball no local data for css-tree@https://registry.npmjs.org/css-tree/-/css-tree-2.2.1.tgz. Extracting by manifest.
1137 silly tarball no local data for css-tree@https://registry.npmjs.org/css-tree/-/css-tree-2.3.1.tgz. Extracting by manifest.
1138 silly tarball no local data for commander@https://registry.npmjs.org/commander/-/commander-7.2.0.tgz. Extracting by manifest.
1139 silly tarball no local data for cosmiconfig@https://registry.npmjs.org/cosmiconfig/-/cosmiconfig-8.3.6.tgz. Extracting by manifest.
1140 silly tarball no local data for cosmiconfig@https://registry.npmjs.org/cosmiconfig/-/cosmiconfig-8.3.6.tgz. Extracting by manifest.
1141 http fetch GET 200 https://registry.npmjs.org/path-type/-/path-type-4.0.0.tgz 156ms (cache miss)
1142 http fetch GET 200 https://registry.npmjs.org/domhandler/-/domhandler-5.0.3.tgz 154ms (cache miss)
1143 http fetch GET 200 https://registry.npmjs.org/unicode-canonical-property-names-ecmascript/-/unicode-canonical-property-names-ecmascript-2.0.1.tgz 201ms (cache miss)
1144 http fetch GET 200 https://registry.npmjs.org/unicode-property-aliases-ecmascript/-/unicode-property-aliases-ecmascript-2.2.0.tgz 205ms (cache miss)
1145 http fetch GET 200 https://registry.npmjs.org/boolbase/-/boolbase-1.0.0.tgz 227ms (cache miss)
1146 http fetch GET 200 https://registry.npmjs.org/nth-check/-/nth-check-2.1.1.tgz 229ms (cache miss)
1147 http fetch GET 200 https://registry.npmjs.org/dom-serializer/-/dom-serializer-2.0.0.tgz 245ms (cache miss)
1148 http fetch GET 200 https://registry.npmjs.org/unicode-match-property-value-ecmascript/-/unicode-match-property-value-ecmascript-2.2.1.tgz 266ms (cache miss)
1149 http fetch GET 200 https://registry.npmjs.org/lower-case/-/lower-case-2.0.2.tgz 297ms (cache miss)
1150 http fetch GET 200 https://registry.npmjs.org/dot-case/-/dot-case-3.0.4.tgz 310ms (cache miss)
1151 http fetch GET 200 https://registry.npmjs.org/domutils/-/domutils-3.2.2.tgz 315ms (cache miss)
1152 http fetch GET 200 https://registry.npmjs.org/csso/-/csso-5.0.5.tgz 348ms (cache miss)
1153 http fetch GET 200 https://registry.npmjs.org/regjsgen/-/regjsgen-0.8.0.tgz 346ms (cache miss)
1154 http fetch GET 200 https://registry.npmjs.org/@trysound/sax/-/sax-0.2.0.tgz 351ms (cache miss)
1155 http fetch GET 200 https://registry.npmjs.org/unicode-match-property-ecmascript/-/unicode-match-property-ecmascript-2.0.0.tgz 361ms (cache miss)
1156 http fetch GET 200 https://registry.npmjs.org/regjsparser/-/regjsparser-0.13.0.tgz 365ms (cache miss)
1157 http fetch GET 200 https://registry.npmjs.org/regenerate/-/regenerate-1.4.2.tgz 368ms (cache miss)
1158 http fetch POST 200 https://registry.npmjs.org/-/npm/v1/security/advisories/bulk 447ms
1159 silly audit report {}
1160 http fetch GET 200 https://registry.npmjs.org/lodash.debounce/-/lodash.debounce-4.0.8.tgz 420ms (cache miss)
1161 http fetch GET 200 https://registry.npmjs.org/deepmerge/-/deepmerge-4.3.1.tgz 422ms (cache miss)
1162 http fetch GET 200 https://registry.npmjs.org/@babel/helper-define-polyfill-provider/-/helper-define-polyfill-provider-0.6.5.tgz 496ms (cache miss)
1163 http fetch GET 200 https://registry.npmjs.org/domelementtype/-/domelementtype-2.3.0.tgz 505ms (cache miss)
1164 http fetch GET 200 https://registry.npmjs.org/svg-parser/-/svg-parser-2.0.4.tgz 551ms (cache miss)
1165 http fetch GET 200 https://registry.npmjs.org/@svgr/babel-plugin-svg-em-dimensions/-/babel-plugin-svg-em-dimensions-8.0.0.tgz 559ms (cache miss)
1166 http fetch GET 200 https://registry.npmjs.org/no-case/-/no-case-3.0.4.tgz 598ms (cache miss)
1167 http fetch GET 200 https://registry.npmjs.org/@svgr/hast-util-to-babel-ast/-/hast-util-to-babel-ast-8.0.0.tgz 1275ms (cache miss)
1168 http fetch GET 200 https://registry.npmjs.org/@svgr/babel-plugin-transform-svg-component/-/babel-plugin-transform-svg-component-8.0.0.tgz 1762ms (cache miss)
1169 http fetch GET 200 https://registry.npmjs.org/snake-case/-/snake-case-3.0.4.tgz 4281ms (cache miss)
1170 http fetch GET 200 https://registry.npmjs.org/@svgr/babel-plugin-replace-jsx-attribute-value/-/babel-plugin-replace-jsx-attribute-value-8.0.0.tgz 4726ms (cache miss)
1171 http fetch GET 200 https://registry.npmjs.org/@svgr/babel-plugin-svg-dynamic-title/-/babel-plugin-svg-dynamic-title-8.0.0.tgz 4727ms (cache miss)
1172 http fetch GET 200 https://registry.npmjs.org/@svgr/babel-plugin-remove-jsx-empty-expression/-/babel-plugin-remove-jsx-empty-expression-8.0.0.tgz 4884ms (cache miss)
1173 http fetch GET 200 https://registry.npmjs.org/@svgr/babel-plugin-transform-react-native-svg/-/babel-plugin-transform-react-native-svg-8.1.0.tgz 4921ms (cache miss)
1174 http fetch GET 200 https://registry.npmjs.org/@babel/plugin-syntax-typescript/-/plugin-syntax-typescript-7.27.1.tgz 4921ms (cache miss)
1175 http fetch GET 200 https://registry.npmjs.org/@svgr/babel-plugin-remove-jsx-attribute/-/babel-plugin-remove-jsx-attribute-8.0.0.tgz 4922ms (cache miss)
1176 http fetch GET 200 https://registry.npmjs.org/@babel/plugin-transform-react-display-name/-/plugin-transform-react-display-name-7.28.0.tgz 4922ms (cache miss)
1177 http fetch GET 200 https://registry.npmjs.org/@babel/plugin-syntax-jsx/-/plugin-syntax-jsx-7.27.1.tgz 5001ms (cache miss)
1178 http fetch GET 200 https://registry.npmjs.org/@babel/plugin-transform-react-pure-annotations/-/plugin-transform-react-pure-annotations-7.27.1.tgz 5002ms (cache miss)
1179 http fetch GET 200 https://registry.npmjs.org/@babel/helper-replace-supers/-/helper-replace-supers-7.27.1.tgz 5002ms (cache miss)
1180 http fetch GET 200 https://registry.npmjs.org/@babel/helper-wrap-function/-/helper-wrap-function-7.28.3.tgz 5001ms (cache miss)
1181 http fetch GET 200 https://registry.npmjs.org/@babel/helper-optimise-call-expression/-/helper-optimise-call-expression-7.27.1.tgz 5001ms (cache miss)
1182 http fetch GET 200 https://registry.npmjs.org/@babel/helper-remap-async-to-generator/-/helper-remap-async-to-generator-7.27.1.tgz 5049ms (cache miss)
1183 http fetch GET 200 https://registry.npmjs.org/babel-plugin-polyfill-regenerator/-/babel-plugin-polyfill-regenerator-0.6.5.tgz 5048ms (cache miss)
1184 http fetch GET 200 https://registry.npmjs.org/camelcase/-/camelcase-6.3.0.tgz 5189ms (cache miss)
1185 http fetch GET 200 https://registry.npmjs.org/@babel/plugin-transform-typeof-symbol/-/plugin-transform-typeof-symbol-7.27.1.tgz 5212ms (cache miss)
1186 http fetch GET 200 https://registry.npmjs.org/@babel/plugin-transform-unicode-property-regex/-/plugin-transform-unicode-property-regex-7.27.1.tgz 5214ms (cache miss)
1187 http fetch GET 200 https://registry.npmjs.org/@babel/helper-skip-transparent-expression-wrappers/-/helper-skip-transparent-expression-wrappers-7.27.1.tgz 5215ms (cache miss)
1188 http fetch GET 200 https://registry.npmjs.org/@babel/plugin-transform-unicode-regex/-/plugin-transform-unicode-regex-7.27.1.tgz 5216ms (cache miss)
1189 http fetch GET 200 https://registry.npmjs.org/@babel/plugin-transform-private-property-in-object/-/plugin-transform-private-property-in-object-7.27.1.tgz 5213ms (cache miss)
1190 http fetch GET 200 https://registry.npmjs.org/@babel/plugin-transform-shorthand-properties/-/plugin-transform-shorthand-properties-7.27.1.tgz 5237ms (cache miss)
1191 http fetch GET 200 https://registry.npmjs.org/@babel/plugin-transform-spread/-/plugin-transform-spread-7.27.1.tgz 5257ms (cache miss)
1192 http fetch GET 200 https://registry.npmjs.org/@babel/plugin-transform-reserved-words/-/plugin-transform-reserved-words-7.27.1.tgz 5479ms (cache miss)
1193 http fetch GET 200 https://registry.npmjs.org/@babel/plugin-transform-private-methods/-/plugin-transform-private-methods-7.27.1.tgz 5479ms (cache miss)
1194 http fetch GET 200 https://registry.npmjs.org/@babel/plugin-transform-numeric-separator/-/plugin-transform-numeric-separator-7.27.1.tgz 5478ms (cache miss)
1195 http fetch GET 200 https://registry.npmjs.org/@babel/plugin-transform-modules-umd/-/plugin-transform-modules-umd-7.27.1.tgz 5478ms (cache miss)
1196 http fetch GET 200 https://registry.npmjs.org/@babel/plugin-transform-optional-catch-binding/-/plugin-transform-optional-catch-binding-7.27.1.tgz 5675ms (cache miss)
1197 http fetch GET 200 https://registry.npmjs.org/@babel/plugin-transform-property-literals/-/plugin-transform-property-literals-7.27.1.tgz 5676ms (cache miss)
1198 http fetch GET 200 https://registry.npmjs.org/@babel/plugin-transform-new-target/-/plugin-transform-new-target-7.27.1.tgz 5675ms (cache miss)
1199 http fetch GET 200 https://registry.npmjs.org/@babel/plugin-transform-object-super/-/plugin-transform-object-super-7.27.1.tgz 5677ms (cache miss)
1200 http fetch GET 200 https://registry.npmjs.org/@babel/plugin-transform-modules-amd/-/plugin-transform-modules-amd-7.27.1.tgz 5675ms (cache miss)
1201 http fetch GET 200 https://registry.npmjs.org/@babel/plugin-transform-logical-assignment-operators/-/plugin-transform-logical-assignment-operators-7.27.1.tgz 5675ms (cache miss)
1202 http fetch GET 200 https://registry.npmjs.org/@babel/plugin-transform-literals/-/plugin-transform-literals-7.27.1.tgz 5676ms (cache miss)
1203 http fetch GET 200 https://registry.npmjs.org/@babel/plugin-transform-react-jsx-development/-/plugin-transform-react-jsx-development-7.27.1.tgz 5894ms (cache miss)
1204 http fetch GET 200 https://registry.npmjs.org/@babel/plugin-transform-named-capturing-groups-regex/-/plugin-transform-named-capturing-groups-regex-7.27.1.tgz 6014ms (cache miss)
1205 http fetch GET 200 https://registry.npmjs.org/@babel/plugin-transform-json-strings/-/plugin-transform-json-strings-7.27.1.tgz 6013ms (cache miss)
1206 http fetch GET 200 https://registry.npmjs.org/@babel/plugin-transform-function-name/-/plugin-transform-function-name-7.27.1.tgz 6013ms (cache miss)
1207 http fetch GET 200 https://registry.npmjs.org/@babel/plugin-transform-regexp-modifiers/-/plugin-transform-regexp-modifiers-7.27.1.tgz 6022ms (cache miss)
1208 http fetch GET 200 https://registry.npmjs.org/@babel/plugin-transform-duplicate-keys/-/plugin-transform-duplicate-keys-7.27.1.tgz 6015ms (cache miss)
1209 http fetch GET 200 https://registry.npmjs.org/@babel/plugin-transform-export-namespace-from/-/plugin-transform-export-namespace-from-7.27.1.tgz 6020ms (cache miss)
1210 http fetch GET 200 https://registry.npmjs.org/@babel/helper-annotate-as-pure/-/helper-annotate-as-pure-7.27.3.tgz 6152ms (cache miss)
1211 http fetch GET 200 https://registry.npmjs.org/@babel/plugin-transform-dynamic-import/-/plugin-transform-dynamic-import-7.27.1.tgz 6262ms (cache miss)
1212 http fetch GET 200 https://registry.npmjs.org/@babel/plugin-transform-explicit-resource-management/-/plugin-transform-explicit-resource-management-7.28.0.tgz 6262ms (cache miss)
1213 http fetch GET 200 https://registry.npmjs.org/@babel/plugin-transform-dotall-regex/-/plugin-transform-dotall-regex-7.27.1.tgz 6261ms (cache miss)
1214 http fetch GET 200 https://registry.npmjs.org/@babel/plugin-transform-for-of/-/plugin-transform-for-of-7.27.1.tgz 6264ms (cache miss)
1215 http fetch GET 200 https://registry.npmjs.org/@babel/plugin-syntax-import-attributes/-/plugin-syntax-import-attributes-7.27.1.tgz 6260ms (cache miss)
1216 http fetch GET 200 https://registry.npmjs.org/@babel/plugin-transform-arrow-functions/-/plugin-transform-arrow-functions-7.27.1.tgz 6260ms (cache miss)
1217 http fetch GET 200 https://registry.npmjs.org/@babel/plugin-transform-computed-properties/-/plugin-transform-computed-properties-7.27.1.tgz 6263ms (cache miss)
1218 http fetch GET 200 https://registry.npmjs.org/@babel/plugin-transform-class-properties/-/plugin-transform-class-properties-7.27.1.tgz 6261ms (cache miss)
1219 http fetch GET 200 https://registry.npmjs.org/@babel/helper-member-expression-to-functions/-/helper-member-expression-to-functions-7.27.1.tgz 6278ms (cache miss)
1220 http fetch GET 200 https://registry.npmjs.org/@babel/plugin-transform-class-static-block/-/plugin-transform-class-static-block-7.28.3.tgz 6263ms (cache miss)
1221 http fetch GET 200 https://registry.npmjs.org/@babel/plugin-transform-block-scoped-functions/-/plugin-transform-block-scoped-functions-7.27.1.tgz 6267ms (cache miss)
1222 http fetch GET 200 https://registry.npmjs.org/@babel/plugin-transform-template-literals/-/plugin-transform-template-literals-7.27.1.tgz 6424ms (cache miss)
1223 http fetch GET 200 https://registry.npmjs.org/@babel/plugin-transform-unicode-escapes/-/plugin-transform-unicode-escapes-7.27.1.tgz 6426ms (cache miss)
1224 http fetch GET 200 https://registry.npmjs.org/@babel/plugin-bugfix-safari-class-field-initializer-scope/-/plugin-bugfix-safari-class-field-initializer-scope-7.27.1.tgz 6417ms (cache miss)
1225 http fetch GET 200 https://registry.npmjs.org/@svgr/plugin-jsx/-/plugin-jsx-8.1.0.tgz 6416ms (cache miss)
1226 http fetch GET 200 https://registry.npmjs.org/@babel/plugin-syntax-import-assertions/-/plugin-syntax-import-assertions-7.27.1.tgz 6419ms (cache miss)
1227 http fetch GET 200 https://registry.npmjs.org/@babel/plugin-syntax-unicode-sets-regex/-/plugin-syntax-unicode-sets-regex-7.18.6.tgz 6419ms (cache miss)
1228 http fetch GET 200 https://registry.npmjs.org/@babel/preset-typescript/-/preset-typescript-7.27.1.tgz 6418ms (cache miss)
1229 http fetch GET 200 https://registry.npmjs.org/@babel/plugin-bugfix-safari-id-destructuring-collision-in-function-expression/-/plugin-bugfix-safari-id-destructuring-collision-in-function-expression-7.27.1.tgz 6419ms (cache miss)
1230 http fetch GET 200 https://registry.npmjs.org/@svgr/webpack/-/webpack-8.1.0.tgz 6431ms (cache miss)
1231 http fetch GET 200 https://registry.npmjs.org/@svgr/core/-/core-8.1.0.tgz 6432ms (cache miss)
1232 http fetch GET 200 https://registry.npmjs.org/@svgr/plugin-svgo/-/plugin-svgo-8.1.0.tgz 6433ms (cache miss)
1233 http fetch GET 200 https://registry.npmjs.org/@babel/plugin-bugfix-v8-spread-parameters-in-optional-chaining/-/plugin-bugfix-v8-spread-parameters-in-optional-chaining-7.27.1.tgz 6622ms (cache miss)
1234 http fetch GET 200 https://registry.npmjs.org/@babel/plugin-transform-sticky-regex/-/plugin-transform-sticky-regex-7.27.1.tgz 6695ms (cache miss)
1235 http fetch GET 200 https://registry.npmjs.org/@babel/plugin-proposal-private-property-in-object/-/plugin-proposal-private-property-in-object-7.21.0-placeholder-for-preset-env.2.tgz 6785ms (cache miss)
1236 http fetch GET 200 https://registry.npmjs.org/@babel/plugin-transform-unicode-sets-regex/-/plugin-transform-unicode-sets-regex-7.27.1.tgz 6808ms (cache miss)
1237 http fetch GET 200 https://registry.npmjs.org/@babel/preset-react/-/preset-react-7.27.1.tgz 6994ms (cache miss)
1238 http fetch GET 200 https://registry.npmjs.org/@svgr/babel-preset/-/babel-preset-8.1.0.tgz 7059ms (cache miss)
1239 http fetch GET 200 https://registry.npmjs.org/@babel/plugin-transform-nullish-coalescing-operator/-/plugin-transform-nullish-coalescing-operator-7.27.1.tgz 7055ms (cache miss)
1240 http fetch GET 200 https://registry.npmjs.org/@babel/plugin-transform-optional-chaining/-/plugin-transform-optional-chaining-7.27.1.tgz 7067ms (cache miss)
1241 http fetch GET 200 https://registry.npmjs.org/@babel/plugin-transform-member-expression-literals/-/plugin-transform-member-expression-literals-7.27.1.tgz 7066ms (cache miss)
1242 http fetch GET 200 https://registry.npmjs.org/@babel/plugin-transform-duplicate-named-capturing-groups-regex/-/plugin-transform-duplicate-named-capturing-groups-regex-7.27.1.tgz 7211ms (cache miss)
1243 http fetch GET 200 https://registry.npmjs.org/@babel/plugin-transform-object-rest-spread/-/plugin-transform-object-rest-spread-7.28.4.tgz 7308ms (cache miss)
1244 http fetch GET 200 https://registry.npmjs.org/@babel/plugin-transform-exponentiation-operator/-/plugin-transform-exponentiation-operator-7.27.1.tgz 7304ms (cache miss)
1245 http fetch GET 200 https://registry.npmjs.org/@babel/plugin-transform-async-to-generator/-/plugin-transform-async-to-generator-7.27.1.tgz 7315ms (cache miss)
1246 http fetch GET 200 https://registry.npmjs.org/@babel/plugin-bugfix-firefox-class-in-computed-class-key/-/plugin-bugfix-firefox-class-in-computed-class-key-7.27.1.tgz 7482ms (cache miss)
1247 http fetch GET 200 https://registry.npmjs.org/@babel/plugin-bugfix-v8-static-class-fields-redefine-readonly/-/plugin-bugfix-v8-static-class-fields-redefine-readonly-7.28.3.tgz 7486ms (cache miss)
1248 http fetch GET 200 https://registry.npmjs.org/@babel/plugin-transform-destructuring/-/plugin-transform-destructuring-7.28.0.tgz 7560ms (cache miss)
1249 http fetch GET 200 https://registry.npmjs.org/@svgr/babel-plugin-add-jsx-attribute/-/babel-plugin-add-jsx-attribute-8.0.0.tgz 7618ms (cache miss)
1250 http fetch GET 200 https://registry.npmjs.org/@babel/plugin-transform-async-generator-functions/-/plugin-transform-async-generator-functions-7.28.0.tgz 7691ms (cache miss)
1251 http fetch GET 200 https://registry.npmjs.org/@babel/helper-create-regexp-features-plugin/-/helper-create-regexp-features-plugin-7.27.1.tgz 7797ms (cache miss)
1252 http fetch GET 200 https://registry.npmjs.org/@babel/plugin-transform-react-jsx/-/plugin-transform-react-jsx-7.27.1.tgz 7881ms (cache miss)
1253 http fetch GET 200 https://registry.npmjs.org/@babel/plugin-transform-react-constant-elements/-/plugin-transform-react-constant-elements-7.27.1.tgz 7892ms (cache miss)
1254 http fetch GET 200 https://registry.npmjs.org/babel-plugin-polyfill-corejs2/-/babel-plugin-polyfill-corejs2-0.4.14.tgz 7989ms (cache miss)
1255 http fetch GET 200 https://registry.npmjs.org/@babel/plugin-transform-modules-systemjs/-/plugin-transform-modules-systemjs-7.27.1.tgz 7991ms (cache miss)
1256 http fetch GET 200 https://registry.npmjs.org/@babel/plugin-transform-classes/-/plugin-transform-classes-7.28.4.tgz 8133ms (cache miss)
1257 http fetch GET 200 https://registry.npmjs.org/regexpu-core/-/regexpu-core-6.4.0.tgz 8152ms (cache miss)
1258 http fetch GET 200 https://registry.npmjs.org/@babel/plugin-transform-parameters/-/plugin-transform-parameters-7.27.7.tgz 8242ms (cache miss)
1259 http fetch GET 200 https://registry.npmjs.org/@babel/plugin-transform-modules-commonjs/-/plugin-transform-modules-commonjs-7.27.1.tgz 8245ms (cache miss)
1260 http fetch GET 200 https://registry.npmjs.org/@babel/plugin-transform-typescript/-/plugin-transform-typescript-7.28.0.tgz 8591ms (cache miss)
1261 http fetch GET 200 https://registry.npmjs.org/@babel/plugin-transform-block-scoping/-/plugin-transform-block-scoping-7.28.4.tgz 8720ms (cache miss)
1262 http fetch GET 200 https://registry.npmjs.org/commander/-/commander-7.2.0.tgz 8750ms (cache miss)
1263 http fetch GET 200 https://registry.npmjs.org/babel-plugin-polyfill-corejs3/-/babel-plugin-polyfill-corejs3-0.13.0.tgz 9129ms (cache miss)
1264 http fetch GET 200 https://registry.npmjs.org/@babel/plugin-transform-regenerator/-/plugin-transform-regenerator-7.28.4.tgz 9437ms (cache miss)
1265 http fetch GET 200 https://registry.npmjs.org/css-what/-/css-what-6.2.2.tgz 9454ms (cache miss)
1266 http fetch GET 200 https://registry.npmjs.org/@babel/helper-create-class-features-plugin/-/helper-create-class-features-plugin-7.28.3.tgz 9818ms (cache miss)
1267 http fetch GET 200 https://registry.npmjs.org/@babel/preset-modules/-/preset-modules-0.1.6-no-external-plugins.tgz 10002ms (cache miss)
1268 http fetch GET 200 https://registry.npmjs.org/core-js-compat/-/core-js-compat-3.46.0.tgz 10223ms (cache miss)
1269 http fetch GET 200 https://registry.npmjs.org/cosmiconfig/-/cosmiconfig-8.3.6.tgz 10237ms (cache miss)
1270 http fetch GET 200 https://registry.npmjs.org/cosmiconfig/-/cosmiconfig-8.3.6.tgz 10239ms (cache miss)
1271 http fetch GET 200 https://registry.npmjs.org/mdn-data/-/mdn-data-2.0.30.tgz 10290ms (cache miss)
1272 http fetch GET 200 https://registry.npmjs.org/mdn-data/-/mdn-data-2.0.28.tgz 10302ms (cache miss)
1273 http fetch GET 200 https://registry.npmjs.org/@babel/preset-env/-/preset-env-7.28.3.tgz 10448ms (cache miss)
1274 http fetch GET 200 https://registry.npmjs.org/svgo/-/svgo-3.3.2.tgz 10946ms (cache miss)
1275 http fetch GET 200 https://registry.npmjs.org/entities/-/entities-4.5.0.tgz 10945ms (cache miss)
1276 http fetch GET 200 https://registry.npmjs.org/entities/-/entities-4.5.0.tgz 11006ms (cache miss)
1277 http fetch GET 200 https://registry.npmjs.org/css-select/-/css-select-5.2.2.tgz 11481ms (cache miss)
1278 http fetch GET 200 https://registry.npmjs.org/css-tree/-/css-tree-2.2.1.tgz 12560ms (cache miss)
1279 http fetch GET 200 https://registry.npmjs.org/css-tree/-/css-tree-2.3.1.tgz 12603ms (cache miss)
1280 http fetch GET 200 https://registry.npmjs.org/regenerate-unicode-properties/-/regenerate-unicode-properties-10.2.2.tgz 12853ms (cache miss)
1281 silly ADD node_modules/path-type
1282 silly ADD node_modules/unicode-property-aliases-ecmascript
1283 silly ADD node_modules/unicode-canonical-property-names-ecmascript
1284 silly ADD node_modules/dom-serializer
1285 silly ADD node_modules/dom-serializer/node_modules/entities
1286 silly ADD node_modules/domelementtype
1287 silly ADD node_modules/nth-check
1288 silly ADD node_modules/domutils
1289 silly ADD node_modules/domhandler
1290 silly ADD node_modules/boolbase
1291 silly ADD node_modules/csso
1292 silly ADD node_modules/csso/node_modules/mdn-data
1293 silly ADD node_modules/csso/node_modules/css-tree
1294 silly ADD node_modules/css-what
1295 silly ADD node_modules/css-select
1296 silly ADD node_modules/@trysound/sax
1297 silly ADD node_modules/lower-case
1298 silly ADD node_modules/no-case
1299 silly ADD node_modules/dot-case
1300 silly ADD node_modules/unicode-match-property-value-ecmascript
1301 silly ADD node_modules/unicode-match-property-ecmascript
1302 silly ADD node_modules/regjsparser
1303 silly ADD node_modules/regjsgen
1304 silly ADD node_modules/regenerate-unicode-properties
1305 silly ADD node_modules/regenerate
1306 silly ADD node_modules/lodash.debounce
1307 silly ADD node_modules/@babel/helper-define-polyfill-provider
1308 silly ADD node_modules/svgo
1309 silly ADD node_modules/svgo/node_modules/mdn-data
1310 silly ADD node_modules/svgo/node_modules/css-tree
1311 silly ADD node_modules/svgo/node_modules/commander
1312 silly ADD node_modules/deepmerge
1313 silly ADD node_modules/svg-parser
1314 silly ADD node_modules/@svgr/hast-util-to-babel-ast
1315 silly ADD node_modules/@svgr/hast-util-to-babel-ast/node_modules/entities
1316 silly ADD node_modules/@svgr/babel-plugin-transform-svg-component
1317 silly ADD node_modules/@svgr/babel-plugin-transform-react-native-svg
1318 silly ADD node_modules/@svgr/babel-plugin-svg-em-dimensions
1319 silly ADD node_modules/@svgr/babel-plugin-svg-dynamic-title
1320 silly ADD node_modules/@svgr/babel-plugin-replace-jsx-attribute-value
1321 silly ADD node_modules/@svgr/babel-plugin-remove-jsx-empty-expression
1322 silly ADD node_modules/@svgr/babel-plugin-remove-jsx-attribute
1323 silly ADD node_modules/@svgr/babel-plugin-add-jsx-attribute
1324 silly ADD node_modules/snake-case
1325 silly ADD node_modules/camelcase
1326 silly ADD node_modules/@svgr/babel-preset
1327 silly ADD node_modules/@babel/plugin-syntax-typescript
1328 silly ADD node_modules/@babel/plugin-transform-typescript
1329 silly ADD node_modules/@babel/plugin-syntax-jsx
1330 silly ADD node_modules/@babel/plugin-transform-react-pure-annotations
1331 silly ADD node_modules/@babel/plugin-transform-react-jsx-development
1332 silly ADD node_modules/@babel/plugin-transform-react-jsx
1333 silly ADD node_modules/@babel/plugin-transform-react-display-name
1334 silly ADD node_modules/@babel/helper-replace-supers
1335 silly ADD node_modules/@babel/helper-optimise-call-expression
1336 silly ADD node_modules/@babel/helper-member-expression-to-functions
1337 silly ADD node_modules/@babel/helper-create-class-features-plugin
1338 silly ADD node_modules/@babel/helper-create-class-features-plugin/node_modules/semver
1339 silly ADD node_modules/@babel/helper-wrap-function
1340 silly ADD node_modules/@babel/helper-remap-async-to-generator
1341 silly ADD node_modules/regexpu-core
1342 silly ADD node_modules/@babel/helper-annotate-as-pure
1343 silly ADD node_modules/@babel/helper-create-regexp-features-plugin
1344 silly ADD node_modules/@babel/helper-create-regexp-features-plugin/node_modules/semver
1345 silly ADD node_modules/@babel/helper-skip-transparent-expression-wrappers
1346 silly ADD node_modules/core-js-compat
1347 silly ADD node_modules/babel-plugin-polyfill-regenerator
1348 silly ADD node_modules/babel-plugin-polyfill-corejs3
1349 silly ADD node_modules/babel-plugin-polyfill-corejs2
1350 silly ADD node_modules/babel-plugin-polyfill-corejs2/node_modules/semver
1351 silly ADD node_modules/@babel/preset-modules
1352 silly ADD node_modules/@babel/plugin-transform-unicode-sets-regex
1353 silly ADD node_modules/@babel/plugin-transform-unicode-regex
1354 silly ADD node_modules/@babel/plugin-transform-unicode-property-regex
1355 silly ADD node_modules/@babel/plugin-transform-unicode-escapes
1356 silly ADD node_modules/@babel/plugin-transform-typeof-symbol
1357 silly ADD node_modules/@babel/plugin-transform-template-literals
1358 silly ADD node_modules/@babel/plugin-transform-sticky-regex
1359 silly ADD node_modules/@babel/plugin-transform-spread
1360 silly ADD node_modules/@babel/plugin-transform-shorthand-properties
1361 silly ADD node_modules/@babel/plugin-transform-reserved-words
1362 silly ADD node_modules/@babel/plugin-transform-regexp-modifiers
1363 silly ADD node_modules/@babel/plugin-transform-regenerator
1364 silly ADD node_modules/@babel/plugin-transform-property-literals
1365 silly ADD node_modules/@babel/plugin-transform-private-property-in-object
1366 silly ADD node_modules/@babel/plugin-transform-private-methods
1367 silly ADD node_modules/@babel/plugin-transform-parameters
1368 silly ADD node_modules/@babel/plugin-transform-optional-chaining
1369 silly ADD node_modules/@babel/plugin-transform-optional-catch-binding
1370 silly ADD node_modules/@babel/plugin-transform-object-super
1371 silly ADD node_modules/@babel/plugin-transform-object-rest-spread
1372 silly ADD node_modules/@babel/plugin-transform-numeric-separator
1373 silly ADD node_modules/@babel/plugin-transform-nullish-coalescing-operator
1374 silly ADD node_modules/@babel/plugin-transform-new-target
1375 silly ADD node_modules/@babel/plugin-transform-named-capturing-groups-regex
1376 silly ADD node_modules/@babel/plugin-transform-modules-umd
1377 silly ADD node_modules/@babel/plugin-transform-modules-systemjs
1378 silly ADD node_modules/@babel/plugin-transform-modules-commonjs
1379 silly ADD node_modules/@babel/plugin-transform-modules-amd
1380 silly ADD node_modules/@babel/plugin-transform-member-expression-literals
1381 silly ADD node_modules/@babel/plugin-transform-logical-assignment-operators
1382 silly ADD node_modules/@babel/plugin-transform-literals
1383 silly ADD node_modules/@babel/plugin-transform-json-strings
1384 silly ADD node_modules/@babel/plugin-transform-function-name
1385 silly ADD node_modules/@babel/plugin-transform-for-of
1386 silly ADD node_modules/@babel/plugin-transform-export-namespace-from
1387 silly ADD node_modules/@babel/plugin-transform-exponentiation-operator
1388 silly ADD node_modules/@babel/plugin-transform-explicit-resource-management
1389 silly ADD node_modules/@babel/plugin-transform-dynamic-import
1390 silly ADD node_modules/@babel/plugin-transform-duplicate-named-capturing-groups-regex
1391 silly ADD node_modules/@babel/plugin-transform-duplicate-keys
1392 silly ADD node_modules/@babel/plugin-transform-dotall-regex
1393 silly ADD node_modules/@babel/plugin-transform-destructuring
1394 silly ADD node_modules/@babel/plugin-transform-computed-properties
1395 silly ADD node_modules/@babel/plugin-transform-classes
1396 silly ADD node_modules/@babel/plugin-transform-class-static-block
1397 silly ADD node_modules/@babel/plugin-transform-class-properties
1398 silly ADD node_modules/@babel/plugin-transform-block-scoping
1399 silly ADD node_modules/@babel/plugin-transform-block-scoped-functions
1400 silly ADD node_modules/@babel/plugin-transform-async-to-generator
1401 silly ADD node_modules/@babel/plugin-transform-async-generator-functions
1402 silly ADD node_modules/@babel/plugin-transform-arrow-functions
1403 silly ADD node_modules/@babel/plugin-syntax-unicode-sets-regex
1404 silly ADD node_modules/@babel/plugin-syntax-import-attributes
1405 silly ADD node_modules/@babel/plugin-syntax-import-assertions
1406 silly ADD node_modules/@babel/plugin-proposal-private-property-in-object
1407 silly ADD node_modules/@babel/plugin-bugfix-v8-static-class-fields-redefine-readonly
1408 silly ADD node_modules/@babel/plugin-bugfix-v8-spread-parameters-in-optional-chaining
1409 silly ADD node_modules/@babel/plugin-bugfix-safari-id-destructuring-collision-in-function-expression
1410 silly ADD node_modules/@babel/plugin-bugfix-safari-class-field-initializer-scope
1411 silly ADD node_modules/@babel/plugin-bugfix-firefox-class-in-computed-class-key
1412 silly ADD node_modules/@svgr/plugin-svgo
1413 silly ADD node_modules/@svgr/plugin-svgo/node_modules/cosmiconfig
1414 silly ADD node_modules/@svgr/plugin-jsx
1415 silly ADD node_modules/@svgr/core
1416 silly ADD node_modules/@svgr/core/node_modules/cosmiconfig
1417 silly ADD node_modules/@babel/preset-typescript
1418 silly ADD node_modules/@babel/preset-react
1419 silly ADD node_modules/@babel/preset-env
1420 silly ADD node_modules/@babel/preset-env/node_modules/semver
1421 silly ADD node_modules/@babel/plugin-transform-react-constant-elements
1422 silly ADD node_modules/@svgr/webpack
1423 silly ADD
1424 silly ADD
1425 silly ADD
1426 silly ADD
1427 silly ADD
1428 silly ADD
1429 silly ADD
1430 silly ADD
1431 silly ADD
1432 silly ADD
1433 silly ADD
1434 silly ADD
1435 silly ADD
1436 silly ADD
1437 silly ADD
1438 silly ADD
1439 silly ADD
1440 silly ADD
1441 silly ADD
1442 silly ADD
1443 silly ADD
1444 silly ADD
1445 silly ADD
1446 silly ADD
1447 silly ADD
1448 silly ADD
1449 silly ADD
1450 silly ADD
1451 silly ADD
1452 silly ADD
1453 silly ADD
1454 silly ADD
1455 silly ADD
1456 silly ADD
1457 silly ADD
1458 silly ADD
1459 silly ADD
1460 silly ADD
1461 silly ADD
1462 silly ADD
1463 silly ADD
1464 silly ADD
1465 silly ADD
1466 silly ADD
1467 silly ADD
1468 silly ADD
1469 silly ADD
1470 silly ADD
1471 silly ADD
1472 silly ADD
1473 silly ADD
1474 silly ADD
1475 silly ADD
1476 silly ADD
1477 silly ADD
1478 silly ADD
1479 silly ADD
1480 silly ADD
1481 silly ADD
1482 silly ADD
1483 silly ADD
1484 silly ADD
1485 silly ADD
1486 silly ADD
1487 silly ADD
1488 silly ADD
1489 silly ADD
1490 silly ADD
1491 silly ADD
1492 silly ADD
1493 silly ADD
1494 silly ADD
1495 silly ADD
1496 silly ADD
1497 silly ADD
1498 silly ADD
1499 silly ADD
1500 silly ADD
1501 silly ADD
1502 silly ADD
1503 silly ADD
1504 silly ADD
1505 silly ADD
1506 silly ADD
1507 silly ADD
1508 silly ADD
1509 silly ADD
1510 silly ADD
1511 silly ADD
1512 silly ADD
1513 silly ADD
1514 silly ADD
1515 silly ADD
1516 silly ADD
1517 silly ADD
1518 silly ADD
1519 silly ADD
1520 silly ADD
1521 silly ADD
1522 silly ADD
1523 silly ADD
1524 silly ADD
1525 silly ADD
1526 silly ADD
1527 silly ADD
1528 silly ADD
1529 silly ADD
1530 silly ADD
1531 silly ADD
1532 silly ADD
1533 silly ADD
1534 silly ADD
1535 verbose cwd D:\CMP\frontend
1536 verbose os Windows_NT 10.0.26100
1537 verbose node v22.12.0
1538 verbose npm  v10.9.0
1539 verbose exit 0
1540 info ok
